fdc_id,ndb_number,description,refuse_percent,refuse_description
173410,01001,"Butter, salted",0,
173411,01002,"Butter, whipped, with salt",0,
173412,01003,"Butter oil, anhydrous",0,
172175,01004,"Cheese, blue",0,
172176,01005,"Cheese, brick",0,
172177,01006,"Cheese, brie",0,
172178,01007,"Cheese, camembert",0,
173413,01008,"Cheese, caraway",0,
173414,01009,"Cheese, cheddar (Includes foods for USDA's Food Distribution Program)",0,
173415,01010,"Cheese, cheshire",0,
173416,01011,"Cheese, colby",0,
172179,01012,"Cheese, cottage, creamed, large or small curd",0,
172180,01013,"Cheese, cottage, creamed, with fruit",0,
172181,01014,"Cheese, cottage, nonfat, uncreamed, dry, large or small curd",0,
172182,01015,"Cheese, cottage, lowfat, 2% milkfat",0,
173417,01016,"Cheese, cottage, lowfat, 1% milkfat",0,
173418,01017,"Cheese, cream",0,
173419,01018,"Cheese, edam",0,
173420,01019,"Cheese, feta",0,
170843,01020,"Cheese, fontina",0,
171240,01021,"Cheese, gjetost",0,
171241,01022,"Cheese, gouda",0,
171242,01023,"Cheese, gruyere",0,
171243,01024,"Cheese, limburger",0,
170844,01025,"Cheese, monterey",0,
170845,01026,"Cheese, mozzarella, whole milk",0,
170846,01027,"Cheese, mozzarella, whole milk, low moisture",0,
170847,01028,"Cheese, mozzarella, part skim milk",0,
171244,01029,"Cheese, mozzarella, low moisture, part-skim",0,
171245,01030,"Cheese, muenster",0,
171246,01031,"Cheese, neufchatel",0,
171247,01032,"Cheese, parmesan, grated",0,
170848,01033,"Cheese, parmesan, hard",0,
170849,01034,"Cheese, port de salut",0,
170850,01035,"Cheese, provolone",0,
170851,01036,"Cheese, ricotta, whole milk",0,
171248,01037,"Cheese, ricotta, part skim milk",0,
171249,01038,"Cheese, romano",0,
171250,01039,"Cheese, roquefort",0,
171251,01040,"Cheese, swiss",0,
170852,01041,"Cheese, tilsit",0,
170853,01042,"Cheese, pasteurized process, American, fortified with vitamin D",0,
170854,01043,"Cheese, pasteurized process, pimento",0,
170855,01044,"Cheese, pasteurized process, swiss",0,
170856,01045,"Cheese food, cold pack, American",0,
171252,01046,"Cheese food, pasteurized process, American, vitamin D fortified",0,
171253,01047,"Cheese food, pasteurized process, swiss",0,
171254,01048,"Cheese spread, pasteurized process, American",0,
171255,01049,"Cream, fluid, half and half",0,
170857,01050,"Cream, fluid, light (coffee cream or table cream)",0,
170858,01052,"Cream, fluid, light whipping",0,
170859,01053,"Cream, fluid, heavy whipping",0,
170860,01054,"Cream, whipped, cream topping, pressurized",0,
171256,01055,"Cream, sour, reduced fat, cultured",0,
171257,01056,"Cream, sour, cultured",0,
171258,01057,Eggnog,0,
171259,01058,"Sour dressing, non-butterfat, cultured, filled cream-type",0,
170861,01059,"Milk, filled, fluid, with blend of hydrogenated vegetable oils",0,
170862,01060,"Milk, filled, fluid, with lauric acid oil",0,
170863,01061,"Cheese, American, nonfat or fat free",0,
170864,01064,"Yogurt, Greek, 2% fat, apricot, CHOBANI",0,
171260,01065,"Yogurt, Greek, 2%fat, coconut blend, CHOBANI",0,
171261,01067,"Cream substitute, liquid, with hydrogenated vegetable oil and soy protein",0,
171262,01068,"Cream substitute, liquid, with lauric acid oil and sodium caseinate",0,
171263,01069,"Cream substitute, powdered",0,
170865,01070,"Dessert topping, powdered",0,
170866,01071,"Dessert topping, powdered, 1.5 ounce prepared with 1/2 cup milk",0,
170867,01072,"Dessert topping, pressurized",0,
170868,01073,"Dessert topping, semi solid, frozen",0,
170869,01074,"Sour cream, imitation, cultured",0,
171264,01076,"Milk substitutes, fluid, with lauric acid oil",0,
171265,01077,"Milk, whole, 3.25% milkfat, with added vitamin D",0,
171266,01078,"Milk, producer, fluid, 3.7% milkfat",0,
171267,01079,"Milk, reduced fat, fluid, 2% milkfat, with added vitamin A and vitamin D",0,
170870,01080,"Milk, reduced fat, fluid, 2% milkfat, with added nonfat milk solids and vitamin A and vitamin D",0,
170871,01081,"Milk, reduced fat, fluid, 2% milkfat, protein fortified, with added vitamin A and vitamin D",0,
170872,01082,"Milk, lowfat, fluid, 1% milkfat, with added vitamin A and vitamin D",0,
170873,01083,"Milk, lowfat, fluid, 1% milkfat, with added nonfat milk solids, vitamin A and vitamin D",0,
171268,01084,"Milk, lowfat, fluid, 1% milkfat, protein fortified, with added vitamin A and vitamin D",0,
171269,01085,"Milk, nonfat, fluid, with added vitamin A and vitamin D (fat free or skim)",0,
171270,01086,"Milk, nonfat, fluid, with added nonfat milk solids, vitamin A and vitamin D (fat free or skim)",0,
171271,01087,"Milk, nonfat, fluid, protein fortified, with added vitamin A and vitamin D (fat free and skim)",0,
170874,01088,"Milk, buttermilk, fluid, cultured, lowfat",0,
170875,01089,"Milk, low sodium, fluid",0,
170876,01090,"Milk, dry, whole, with added vitamin D",0,
170877,01091,"Milk, dry, nonfat, regular, without added vitamin A and vitamin D",0,
171272,01092,"Milk, dry, nonfat, instant, with added vitamin A and vitamin D",0,
171273,01093,"Milk, dry, nonfat, calcium reduced",0,
171274,01094,"Milk, buttermilk, dried",0,
171275,01095,"Milk, canned, condensed, sweetened",0,
171276,01096,"Milk, canned, evaporated, with added vitamin D and without added vitamin A",0,
170878,01097,"Milk, canned, evaporated, nonfat, with added vitamin A and vitamin D",0,
170879,01102,"Milk, chocolate, fluid, commercial, whole, with added vitamin A and vitamin D",0,
170880,01103,"Milk, chocolate, fluid, commercial, reduced fat, with added vitamin A and vitamin D",0,
170881,01104,"Milk, chocolate, lowfat, with added vitamin A and vitamin D",0,
171277,01105,"Milk, chocolate beverage, hot cocoa, homemade",0,
171278,01106,"Milk, goat, fluid, with added vitamin D",0,
171279,01107,"Milk, human, mature, fluid",0,
171280,01108,"Milk, indian buffalo, fluid",0,
170882,01109,"Milk, sheep, fluid",0,
170883,01110,"Milk shakes, thick chocolate",0,
170884,01111,"Milk shakes, thick vanilla",0,
170885,01112,"Whey, acid, fluid",0,
171281,01113,"Whey, acid, dried",0,
171282,01114,"Whey, sweet, fluid",0,
171283,01115,"Whey, sweet, dried",0,
171284,01116,"Yogurt, plain, whole milk",0,
170886,01117,"Yogurt, plain, low fat",0,
170887,01118,"Yogurt, plain, skim milk",0,
170888,01119,"Yogurt, vanilla, low fat.",0,
170889,01120,"Yogurt, fruit, low fat,9 g protein/8 oz",0,
171285,01121,"Yogurt, fruit, low fat, 10 grams protein per 8 ounce",0,
171286,01122,"Yogurt, fruit, low fat, 11g protein/8 oz",0,
171287,01123,"Egg, whole, raw, fresh",12,Shell
172183,01124,"Egg, white, raw, fresh",0,
172184,01125,"Egg, yolk, raw, fresh",0,
173421,01126,"Egg, yolk, raw, frozen, pasteurized",0,
173422,01127,"Egg, yolk, raw, frozen, sugared, pasteurized",0,
173423,01128,"Egg, whole, cooked, fried",0,
173424,01129,"Egg, whole, cooked, hard-boiled",12,Shell
172185,01130,"Egg, whole, cooked, omelet",0,
172186,01131,"Egg, whole, cooked, poached",0,
172187,01132,"Egg, whole, cooked, scrambled",0,
172188,01133,"Egg, whole, dried",0,
173425,01134,"Egg, whole, dried, stabilized, glucose reduced",0,
173426,01135,"Egg, white, dried, flakes, stabilized, glucose reduced",0,
173427,01136,"Egg, white, dried, powder, stabilized, glucose reduced",0,
173428,01137,"Egg, yolk, dried",0,
172189,01138,"Egg, duck, whole, fresh, raw",12,Shell
172190,01139,"Egg, goose, whole, fresh, raw",13,Shell
172191,01140,"Egg, quail, whole, fresh, raw",8,Shell
172192,01141,"Egg, turkey, whole, fresh, raw",12,Shell
173429,01144,"Egg substitute, powder",0,
173430,01145,"Butter, without salt",0,
173431,01146,"Cheese, parmesan, shredded",0,
173432,01151,"Milk, nonfat, fluid, without added vitamin A and vitamin D (fat free or skim)",0,
172193,01152,"Milk, reduced fat, fluid, 2% milkfat, with added nonfat milk solids, without added vitamin A",0,
172194,01153,"Milk, canned, evaporated, with added vitamin A",0,
172195,01154,"Milk, dry, nonfat, regular, with added vitamin A and vitamin D",0,
172196,01155,"Milk, dry, nonfat, instant, without added vitamin A and vitamin D",0,
172197,01156,"Cheese, goat, hard type",0,
173433,01157,"Cheese, goat, semisoft type",0,
173434,01158,"Yogurt, Greek, 2% fat, key lime blend, CHOBANI",0,
173435,01159,"Cheese, goat, soft type",0,
173436,01160,"Egg, yolk, raw, frozen, salted, pasteurized",0,
172198,01161,"Cheese substitute, mozzarella",0,
172199,01162,"Yogurt, Greek, 2% fat, mango, CHOBANI",0,
172200,01164,"Cheese sauce, prepared from recipe",0,
172201,01165,"Cheese, mexican, queso anejo",0,
173437,01166,"Cheese, mexican, queso asadero",0,
173438,01167,"Cheese, mexican, queso chihuahua",0,
173439,01168,"Cheese, low fat, cheddar or colby",0,
173440,01169,"Cheese, low-sodium, cheddar or colby",0,
172202,01171,"Egg, whole, raw, frozen, pasteurized (Includes foods for USDA's Food Distribution Program)",0,
172203,01172,"Egg, white, raw, frozen, pasteurized",0,
172204,01173,"Egg, white, dried",0,
172205,01174,"Milk, reduced fat, fluid, 2% milkfat, without added vitamin A and vitamin D",0,
173441,01175,"Milk, fluid, 1% fat, without added vitamin A and vitamin D",0,
173442,01178,"Sour cream, reduced fat",0,
173443,01179,"Sour cream, light",0,
173444,01180,"Sour cream, fat free",0,
173445,01184,"Yogurt, vanilla or lemon flavor, nonfat milk, sweetened with low-calorie sweetener",0,
172206,01185,"Parmesan cheese topping, fat free",0,
172207,01186,"Cheese, cream, fat free",0,
172208,01187,"Yogurt, chocolate, nonfat milk",0,
172209,01188,KRAFT CHEEZ WHIZ Pasteurized Process Cheese Sauce,0,
173446,01189,KRAFT CHEEZ WHIZ LIGHT Pasteurized Process Cheese Product,0,
173447,01190,KRAFT FREE Singles American Nonfat Pasteurized Process Cheese Product,0,
173448,01191,KRAFT VELVEETA Pasteurized Process Cheese Spread,0,
173449,01192,KRAFT VELVEETA LIGHT Reduced Fat Pasteurized Process Cheese Product,0,
172210,01193,KRAFT BREAKSTONE'S Reduced Fat Sour Cream,0,
172211,01194,KRAFT BREAKSTONE'S FREE Fat Free Sour Cream,0,
172212,01199,"Cream, half and half, fat free",0,
172213,01200,Reddi Wip Fat Free Whipped Topping,0,
173450,01202,"Milk, chocolate, fluid, commercial, reduced fat, with added calcium",0,
173451,01203,"Yogurt, fruit, lowfat, with low calorie sweetener",0,
173452,01204,"Cheese, parmesan, dry grated, reduced fat",0,
173453,01205,"Cream substitute, flavored, liquid",0,
172214,01206,"Cream substitute, flavored, powdered",0,
172215,01208,"Cheese, provolone, reduced fat",0,
172216,01209,"Cheese, Mexican, blend, reduced fat",0,
172217,01211,"Milk, whole, 3.25% milkfat, without added vitamin A and vitamin D",0,
173454,01212,"Milk, dry, whole, without added vitamin D",0,
173455,01215,"Cheese product, pasteurized process, American, reduced fat, fortified with vitamin D",0,
173456,01216,"Yogurt, fruit, low fat, 9 grams protein per 8 ounce, fortified with vitamin D",0,
173457,01217,"Yogurt, fruit, low fat, 10 grams protein per 8 ounce, fortified with vitamin D",0,
173458,01218,"Yogurt, fruit variety, nonfat, fortified with vitamin D",0,
172218,01219,"Yogurt, fruit, lowfat, with low calorie sweetener, fortified with vitamin D",0,
172219,01220,"Yogurt, vanilla, low fat, fortified with vitamin D",0,
172220,01221,"Yogurt, vanilla or lemon flavor, nonfat milk, sweetened with low-calorie sweetener, fortified with vitamin D",0,
172221,01222,"Yogurt, chocolate, nonfat milk, fortified with vitamin D",0,
173459,01223,"Protein supplement, milk based, Muscle Milk, powder",0,
173460,01224,"Protein supplement, milk based, Muscle Milk Light, powder",0,
173461,01225,Dulce de Leche,0,
173462,01226,"Egg substitute, liquid or frozen, fat free",0,
172222,01227,"Cheese, dry white, queso seco",0,
172223,01228,"Cheese, fresh, queso fresco",0,
172224,01229,"Cheese, white, queso blanco",0,
172225,01230,"Milk, buttermilk, fluid, whole",0,
173463,01231,"Yogurt, vanilla flavor, lowfat milk, sweetened with low calorie sweetener",0,
173464,01235,"Yogurt, frozen, flavors not chocolate, nonfat milk, with low-calorie sweetener",0,
173465,01236,"Ice cream, soft serve, chocolate",0,
173466,01237,"Ice cream, bar or stick, chocolate covered",0,
172226,01238,Ice cream sandwich,0,
172227,01239,Ice cream cookie sandwich,0,
172228,01240,"Ice cream cone, chocolate covered, with nuts, flavors other than chocolate",0,
172229,01241,"Ice cream sandwich, made with light ice cream, vanilla",0,
172230,01242,"Ice cream sandwich, vanilla, light, no sugar added",0,
173467,01243,"Fat free ice cream, no sugar added, flavors other than chocolate",0,
170890,01244,"Milk dessert bar, frozen, made from lowfat milk",0,
170891,01249,"Yogurt, Greek, 2% fat,mixed berry blend, CHOBANI",0,
170892,01250,"Nutritional supplement for people with diabetes, liquid",0,
171288,01251,"Cheese, Mexican blend",0,
171289,01252,"Cheese product, pasteurized process, American, vitamin D fortified",0,
171290,01253,"Cheese, pasteurized process, American, without added vitamin D",0,
171291,01254,"Cheese food, pasteurized process, American, without added vitamin D",0,
170893,01255,"Egg, whole, raw, frozen, salted, pasteurized",0,
170894,01256,"Yogurt, Greek, plain, nonfat (Includes foods for USDA's Food Distribution Program)",0,
170895,01258,"Egg, white, dried, stabilized, glucose reduced",0,
170896,01259,"Cheese spread, American or Cheddar cheese base, reduced fat",0,
171292,01260,"Cheese, cheddar, reduced fat (Includes foods for USDA's Food Distribution Program)",0,
171293,01263,"Ice cream, light, soft serve, chocolate",0,
171294,01264,"Ice cream bar, stick or nugget, with crunch coating",0,
171295,01265,"Cheese, cheddar, nonfat or fat free",0,
170897,01266,"Cheese, Swiss, nonfat or fat free",0,
170898,01267,"Cheese, mexican, queso cotija",0,
170899,01270,"Cheese, cheddar, sharp, sliced",0,
170900,01271,"Cheese, mozzarella, low moisture, part-skim, shredded",0,
171296,01275,"Yogurt, Greek, nonfat, vanilla, CHOBANI",0,
171297,01276,"Yogurt, Greek, strawberry, DANNON OIKOS",0,
171298,01278,"Yogurt, Greek, nonfat, vanilla, DANNON OIKOS",0,
171299,01280,"Yogurt, Greek, nonfat, strawberry, DANNON OIKOS",0,
171300,01284,"Yogurt, Greek, strawberry, lowfat",0,
170901,01285,"Yogurt, Greek, strawberry, nonfat",0,
170902,01286,"Yogurt, Greek, vanilla, nonfat",0,
170903,01287,"Yogurt, Greek, plain, lowfat",0,
170904,01289,"Kefir, lowfat, plain, LIFEWAY",0,
171301,01290,"Kefir, lowfat, strawberry, LIFEWAY",0,
171302,01291,"Milk, evaporated, 2% fat, with added vitamin A and vitamin D",0,
171303,01292,"Milk, chocolate, fat free, with added vitamin A and vitamin D",0,
171304,01293,"Yogurt, Greek, plain, whole milk",0,
170905,01294,"Yogurt, Greek, fruit, whole milk",0,
170906,01295,"Yogurt, vanilla, non-fat",0,
170907,01297,"Yogurt, Greek, vanilla, lowfat",0,
170908,01298,"Yogurt, frozen, flavors other than chocolate, lowfat",0,
171305,01300,"Ice cream bar, covered with chocolate and nuts",0,
171306,01301,Ice cream sundae cone,0,
171307,01302,"Light ice cream, Creamsicle",0,
171308,01303,"Cream, half and half, lowfat",0,
170909,01304,"Yogurt, Greek, 2% fat, pineapple, CHOBANI",0,
170910,01305,"Milk, chocolate, lowfat, reduced sugar",0,
170911,01306,"Ice cream, lowfat, no sugar added, cone, added peanuts and chocolate sauce",0,
170912,01307,"Yogurt, Greek, 2% fat, strawberry banana, CHOBANI",0,
171309,01308,"Yogurt, Greek, whole, plain, CHOBANI",0,
171310,01312,"Yogurt, Greek, nonfat, lemon blend, CHOBANI",0,
171311,01313,"Yogurt, Greek, nonfat, peach, CHOBANI",0,
171312,01314,"Yogurt, Greek, nonfat, plain, CHOBANI",0,
171313,01316,"Yogurt, Greek, nonfat, raspberry, CHOBANI",0,
170913,01319,"Yogurt, Greek, nonfat, Fruit on Bottom, Pomegranate, CHOBANI",0,
170914,01320,"Yogurt, Greek, Blueberry, CHOBANI",0,
170915,01321,"Yogurt, Greek, nonfat, Fruit on Bottom, Strawberry, CHOBANI",0,
170916,01322,"Yogurt, Greek, nonfat, Fruit on Bottom, Blackberry, CHOBANI",0,
171314,01323,"Butter, Clarified butter (ghee)",0,
171315,02001,"Spices, allspice, ground",0,
171316,02002,"Spices, anise seed",0,
171317,02003,"Spices, basil, dried",0,
170917,02004,"Spices, bay leaf",0,
170918,02005,"Spices, caraway seed",0,
170919,02006,"Spices, cardamom",0,
170920,02007,"Spices, celery seed",0,
171318,02008,"Spices, chervil, dried",0,
171319,02009,"Spices, chili powder",0,
171320,02010,"Spices, cinnamon, ground",0,
171321,02011,"Spices, cloves, ground",0,
170921,02012,"Spices, coriander leaf, dried",0,
170922,02013,"Spices, coriander seed",0,
170923,02014,"Spices, cumin seed",0,
170924,02015,"Spices, curry powder",0,
170925,02016,"Spices, dill seed",0,
171322,02017,"Spices, dill weed, dried",0,
171323,02018,"Spices, fennel seed",0,
171324,02019,"Spices, fenugreek seed",0,
171325,02020,"Spices, garlic powder",0,
170926,02021,"Spices, ginger, ground",0,
170927,02022,"Spices, mace, ground",0,
170928,02023,"Spices, marjoram, dried",0,
170929,02024,"Spices, mustard seed, ground",0,
171326,02025,"Spices, nutmeg, ground",0,
171327,02026,"Spices, onion powder",0,
171328,02027,"Spices, oregano, dried",0,
171329,02028,"Spices, paprika",0,
170930,02029,"Spices, parsley, dried",0,
170931,02030,"Spices, pepper, black",0,
170932,02031,"Spices, pepper, red or cayenne",0,
170933,02032,"Spices, pepper, white",0,
171330,02033,"Spices, poppy seed",0,
171331,02034,"Spices, poultry seasoning",0,
171332,02035,"Spices, pumpkin pie spice",0,
171333,02036,"Spices, rosemary, dried",0,
170934,02037,"Spices, saffron",0,
170935,02038,"Spices, sage, ground",0,
170936,02039,"Spices, savory, ground",0,
170937,02041,"Spices, tarragon, dried",0,
170938,02042,"Spices, thyme, dried",0,
172231,02043,"Spices, turmeric, ground",0,
172232,02044,"Basil, fresh",36,"Tough stems, flower heads and trimmings"
172233,02045,"Dill weed, fresh",41,Tough stems and trimmings
172234,02046,"Mustard, prepared, yellow",0,
173468,02047,"Salt, table",0,
173469,02048,"Vinegar, cider",0,
173470,02049,"Thyme, fresh",32,Stems
173471,02050,Vanilla extract,0,
172235,02051,"Vanilla extract, imitation, alcohol",0,
172236,02052,"Vanilla extract, imitation, no alcohol",0,
172237,02053,"Vinegar, distilled",0,
172238,02054,"Capers, canned",0,
173472,02055,"Horseradish, prepared",0,
173473,02063,"Rosemary, fresh",35,Stems
173474,02064,"Peppermint, fresh",39,Stems
173475,02065,"Spearmint, fresh",59,Stems
172239,02066,"Spearmint, dried",0,
172240,02068,"Vinegar, red wine",0,
172241,02069,"Vinegar, balsamic",0,
172242,02074,"Seasoning mix, dry, sazon, coriander & annatto",0,
172243,02075,"Seasoning mix, dry, taco, original",0,
173476,02076,"Seasoning mix, dry, chili, original",0,
173477,03000,Clif Z bar,0,
173478,03001,"Babyfood, juice treats, fruit medley, toddler",0,
173479,03002,"Babyfood, meat, beef, strained",0,
172244,03003,"Babyfood, meat, beef, junior",0,
172245,03005,"Babyfood, meat, veal, strained",0,
172246,03007,"Babyfood, meat, pork, strained",0,
172247,03008,"Babyfood, meat, ham, strained",0,
173480,03009,"Babyfood, meat, ham, junior",0,
173481,03010,"Babyfood, meat, lamb, strained",0,
173482,03011,"Babyfood, meat, lamb, junior",0,
173483,03012,"Babyfood, meat, chicken, strained",0,
172248,03013,"Babyfood, meat, chicken, junior",0,
172249,03014,"Babyfood, meat, chicken sticks, junior",0,
172250,03015,"Babyfood, meat, turkey, strained",0,
172251,03016,"Babyfood, meat, turkey, junior",0,
173484,03017,"Babyfood, meat, turkey sticks, junior",0,
173485,03019,"Babyfood, snack, GERBER GRADUATE FRUIT  STRIPS, Real Fruit Bars",0,
173486,03021,"Babyfood, meat, meat sticks, junior",0,
173487,03022,"Babyfood, GERBER, 2nd Foods, apple, carrot and squash, organic",0,
172252,03023,"Babyfood, finger snacks, GERBER, GRADUATES, PUFFS, apple and cinnamon",0,
172253,03024,"Babyfood, water, bottled, GERBER, without added fluoride",0,
172254,03025,"Babyfood, GERBER, 3rd Foods, apple, mango and kiwi",0,
172255,03026,"Babyfood, tropical fruit medley",0,
172256,03041,"Babyfood, dinner, vegetables and dumplings and beef, strained",0,
173488,03042,"Babyfood, dinner, vegetables and dumplings and beef, junior",0,
173489,03043,"Babyfood, dinner, beef lasagna, toddler",0,
173490,03044,"Babyfood, dinner, macaroni and tomato and beef, strained",0,
173491,03045,"Babyfood, dinner, macaroni and tomato and beef, junior",0,
172257,03046,"Babyfood, ravioli, cheese filled, with tomato sauce",0,
172258,03047,"Babyfood, dinner, beef noodle, strained",0,
172259,03048,"Babyfood, macaroni and cheese, toddler",0,
172260,03049,"Babyfood, dinner, beef and rice, toddler",0,
173492,03050,"Babyfood, dinner, spaghetti and tomato and meat, junior",0,
173493,03051,"Babyfood, dinner, spaghetti and tomato and meat, toddler",0,
173494,03053,"Babyfood, dinner, vegetables and beef, strained",0,
173495,03054,"Babyfood, dinner, vegetables and beef, junior",0,
172261,03055,"Babyfood, dinner, beef with vegetables",0,
172262,03067,"Babyfood, dinner, vegetables and lamb, junior",0,
172263,03068,"Babyfood, dinner, chicken noodle, strained",0,
172264,03069,"Babyfood, dinner, chicken noodle, junior",0,
173496,03070,"Babyfood, dinner, chicken soup, strained",0,
173497,03072,"Babyfood, dinner, chicken stew, toddler",0,
173498,03073,"Babyfood, dinner, vegetables chicken, strained",0,
173499,03075,"Babyfood, dinner, vegetables, noodles and chicken, strained",0,
172265,03076,"Babyfood, dinner, vegetables, noodles and chicken, junior",0,
172266,03077,"Babyfood, dinner, pasta with vegetables",0,
172267,03079,"Babyfood, dinner, vegetables and noodles and turkey, strained",0,
172268,03081,"Babyfood, dinner, vegetables and noodles and turkey, junior",0,
172269,03082,"Babyfood, dinner, turkey and rice, strained",0,
173500,03083,"Babyfood, dinner, turkey and rice, junior",0,
173501,03084,"Babyfood, dinner, vegetables and turkey, strained",0,
173502,03085,"Babyfood, dinner, vegetables and turkey, junior",0,
173503,03089,"Babyfood, dinner, macaroni and cheese, strained",0,
172270,03090,"Babyfood, dinner, macaroni and cheese, junior",0,
172271,03091,"Babyfood, vegetables, green beans, strained",0,
172272,03092,"Babyfood, vegetables, green beans, junior",0,
172273,03093,"Babyfood, green beans, dices, toddler",0,
173504,03096,"Babyfood, vegetable, green beans and potatoes",0,
173505,03098,"Babyfood, vegetables, beets, strained",0,
173506,03099,"Babyfood, vegetables, carrots, strained",0,
173507,03100,"Babyfood, vegetables, carrots, junior",0,
172274,03104,"Babyfood, vegetables, squash, strained",0,
172275,03105,"Babyfood, vegetables, squash, junior",0,
172276,03108,"Babyfood, vegetables, sweet potatoes strained",0,
172277,03109,"Babyfood, vegetables, sweet potatoes, junior",0,
173508,03112,"Babyfood, potatoes, toddler",0,
173509,03113,"Babyfood, cereal, Oatmeal, dry, GERBER, SINGLE GRAIN, fortified",0,
173510,03114,"Babyfood, vegetable, butternut squash and corn",0,
173511,03115,"Babyfood, apples, dices, toddler",0,
173512,03116,"Babyfood, fruit, applesauce, strained",0,
172278,03117,"Babyfood, fruit, applesauce, junior",0,
172279,03118,"Babyfood, fruit, apricot with tapioca, strained",0,
172280,03119,"Babyfood, vegetables, corn, creamed, strained",0,
171334,03120,"Babyfood, vegetables, corn, creamed, junior",0,
170939,03121,"Babyfood, vegetables, peas, strained",0,
170940,03122,"Babyfood, peas, dices, toddler",0,
170941,03127,"Babyfood, vegetables, spinach, creamed, strained",0,
170942,03128,"Babyfood, fruit, apricot with tapioca, junior",0,
171335,03129,"Babyfood, fruit, bananas with tapioca, strained",0,
171336,03130,"Babyfood, fruit, peaches, strained",0,
171337,03131,"Babyfood, fruit, peaches, junior",0,
171338,03132,"Babyfood, fruit, pears, strained",0,
170943,03133,"Babyfood, fruit, pears, junior",0,
170944,03134,"Babyfood, fruit, plums with tapioca, without ascorbic acid, strained",0,
170945,03135,"Babyfood, fruit, plums with tapioca, without ascorbic acid, junior",0,
170946,03136,"Babyfood, fruit, prunes with tapioca, without ascorbic acid, strained",0,
171339,03137,"Babyfood, fruit, prunes with tapioca, without ascorbic acid, junior",0,
171340,03139,"Babyfood, prunes, without vitamin c, strained",0,
171341,03140,"Babyfood, fruit dessert, mango with tapioca",0,
171342,03141,"Babyfood, pears, dices, toddler",0,
170947,03142,"Babyfood, fruit, applesauce and apricots, strained",0,
170948,03143,"Babyfood, fruit, applesauce and apricots, junior",0,
170949,03144,"Babyfood, fruit, applesauce and cherries, strained",0,
170950,03145,"Babyfood, fruit, applesauce and cherries, junior",0,
170951,03147,"Babyfood, fruit, applesauce with banana, junior",0,
171343,03150,"Babyfood, fruit, applesauce and pineapple, strained",0,
171344,03151,"Babyfood, fruit, applesauce and pineapple, junior",0,
171345,03152,"Babyfood, fruit, apple and raspberry, strained",0,
171346,03153,"Babyfood, fruit, apple and raspberry, junior",0,
170952,03154,"Babyfood, fruit and vegetable, apple and sweet potato",0,
170953,03156,"Babyfood, fruit, bananas and pineapple with tapioca, junior",0,
170954,03157,"Babyfood, fruit, bananas and pineapple with tapioca, strained",0,
170955,03158,"Babyfood, fruit, pears and pineapple, strained",0,
171347,03159,"Babyfood, fruit, pears and pineapple, junior",0,
171348,03160,"Babyfood, fruit, guava and papaya with tapioca, strained",0,
171349,03161,"Babyfood, peaches, dices, toddler",0,
171350,03162,"Babyfood, fruit, papaya and applesauce with tapioca, strained",0,
170956,03163,"Babyfood, fruit, bananas with apples and pears, strained",0,
170957,03164,"Babyfood, fruit, apple and blueberry, strained",0,
170958,03165,"Babyfood, fruit, apple and blueberry, junior",0,
170959,03166,"Babyfood, juice, apple",0,
171351,03167,"Babyfood, apple-banana juice",0,
171352,03168,"Babyfood, juice, apple and peach",0,
171353,03171,"Babyfood, juice, apple and prune",0,
171354,03172,"Babyfood, juice, orange",0,
171355,03173,"Babyfood, juice, orange and apple",0,
170960,03174,"Babyfood, juice, orange and apple and banana",0,
170961,03175,"Babyfood, juice, orange and apricot",0,
170962,03176,"Babyfood, juice, orange and banana",0,
170963,03177,"Babyfood, juice, orange and pineapple",0,
171356,03178,"Babyfood, juice, prune and orange",0,
171357,03179,"Babyfood, juice, mixed fruit",0,
171358,03181,"Babyfood, cereal, barley, dry fortified",0,
171359,03184,"Babyfood, cereal, whole wheat, with apples, dry fortified",0,
170964,03185,"Babyfood, cereal, mixed, dry fortified",0,
170965,03186,"Babyfood, cereal, mixed, with bananas, dry",0,
170966,03187,"Babyfood, cereal, mixed, with applesauce and bananas, strained",0,
170967,03188,"Babyfood, cereal, mixed, with applesauce and bananas, junior, fortified",0,
171360,03189,"Babyfood, cereal, oatmeal, dry fortified",0,
171361,03190,"Babyfood, cereal, oatmeal, with bananas, dry",0,
171362,03191,"Babyfood, cereal, oatmeal, with applesauce and bananas, strained",0,
171363,03192,"Babyfood, cereal, oatmeal, with applesauce and bananas, junior, fortified",0,
170968,03193,"Babyfood, cereal, oatmeal, with honey, dry",0,
170969,03194,"Babyfood, cereal, rice, dry fortified",0,
170970,03195,"Babyfood, cereal, rice, with applesauce and bananas, strained",0,
170971,03197,"Babyfood, cereal, with egg yolks, strained",0,
171364,03198,"Babyfood, cereal, with egg yolks, junior",0,
171365,03199,"Babyfood, cereal, with eggs, strained",0,
171366,03201,"Babyfood, cereal, egg yolks and bacon, junior",0,
171367,03205,"Babyfood, oatmeal cereal with fruit, dry, instant, toddler fortified",0,
171368,03206,"Babyfood, cookie, baby, fruit",0,
170972,03209,"Babyfood, crackers, vegetable",0,
170973,03211,"Babyfood, cereal, high protein, with apple and orange, dry",0,
170974,03212,"Babyfood, cereal, rice, with bananas, dry",0,
170975,03213,"Babyfood, cookies",0,
171369,03214,"Babyfood, cookies, arrowroot",0,
171370,03215,"Babyfood, pretzels",0,
171371,03216,"Babyfood, GERBER, GRADUATES Lil Biscuits Vanilla Wheat",0,
171372,03217,Zwieback,0,
170976,03220,"Babyfood, dessert, dutch apple, strained",0,
170977,03221,"Babyfood, dessert, dutch apple, junior",0,
170978,03222,"Babyfood, cherry cobbler, junior",0,
170979,03224,"Babyfood, dessert, cherry vanilla pudding, strained",0,
171373,03225,"Babyfood, dessert, cherry vanilla pudding, junior",0,
171374,03226,"Babyfood, dessert, fruit pudding, orange, strained",0,
171375,03227,"Babyfood, dessert, peach cobbler, strained",0,
171376,03228,"Babyfood, dessert, peach cobbler, junior",0,
170980,03229,"Babyfood, dessert, peach melba, strained",0,
170981,03230,"Babyfood, dessert, peach melba, junior",0,
170982,03233,"Babyfood, dessert, fruit pudding, pineapple, strained",0,
170983,03235,"Babyfood, dessert, fruit dessert, without ascorbic acid, strained",0,
171377,03236,"Babyfood, dessert, fruit dessert, without ascorbic acid, junior",0,
171378,03238,"Babyfood, dessert, tropical fruit, junior",0,
171379,03245,"Babyfood, dessert, custard pudding, vanilla, strained",0,
171380,03246,"Babyfood, dessert, custard pudding, vanilla, junior",0,
171381,03265,"Babyfood, juice, apple and grape",0,
170984,03267,"Babyfood, juice, fruit punch, with calcium",0,
170985,03269,"Babyfood, juice, apple, with calcium",0,
173513,03274,"Babyfood, dinner, vegetables and chicken, junior",0,
173514,03278,"Babyfood, dinner, mixed vegetable, strained",0,
172281,03279,"Babyfood, dinner, mixed vegetable, junior",0,
172282,03280,"Babyfood, fruit, bananas with tapioca, junior",0,
172283,03282,"Babyfood, vegetables, mix vegetables junior",0,
172284,03283,"Babyfood, vegetables, garden vegetable, strained",0,
173515,03286,"Babyfood, vegetables, mix vegetables strained",0,
173516,03287,"Babyfood, dinner, beef noodle, junior",0,
173517,03289,"Babyfood, apples with ham, strained",0,
173518,03290,"Babyfood, carrots and beef, strained",0,
172285,03293,"Babyfood, plums, bananas and rice, strained",0,
172286,03296,"Babyfood, dinner, turkey, rice, and vegetables, toddler",0,
172287,03297,"Babyfood, dinner, apples and chicken, strained",0,
172288,03298,"Babyfood, dinner, broccoli and chicken, junior",0,
173519,03301,"Babyfood, beverage, GERBER, GRADUATES, FRUIT SPLASHERS",0,
173520,03302,"Babyfood, snack, GERBER, GRADUATES, YOGURT MELTS",0,
173521,03303,"Babyfood, dinner, sweet potatoes and chicken, strained",0,
173522,03376,"Infant formula, MEAD JOHNSON, Enfamil 24, ready to feed, with ARA and DHA",0,
173523,03381,"Infant formula, MEAD JOHNSON, Enfamil Enspire Powder, with ARA and DHA, not reconstituted",0,
172289,03382,"Infant formula, MEAD JOHNSON, Enfamil Premature High Protein 24 Calories, ready to feed, with ARA and DHA",0,
172290,03384,"Infant formula, MEAD JOHNSON, Enfamil Premature 30 Calories, ready to feed, with ARA and DHA",0,
172291,03385,"Infant formula, MEAD JOHNSON, Enfamil for Supplementing, powder, with ARA and DHA, not reconstituted",0,
172292,03386,"Infant formula, MEAD JOHNSON, Enfamil Reguline Powder, with ARA and DHA, not reconstituted",0,
173524,03387,"Infant formula, MEAD JOHNSON, Enfamil Reguline, ready to feed, with ARA and DHA",0,
173525,03388,"Infant formula, MEAD JOHNSON, Gentlease, ready to feed, with ARA and DHA",0,
173526,03389,"Toddler formula, MEAD JOHNSON, Nutramigen Toddler with LGG Powder, with ARA and DHA, not reconstituted",0,
173527,03390,"Infant formula, MEAD JOHNSON, Pregestimil 20 Calories, ready to feed, with ARA and DHA",0,
172293,03391,"Infant formula, MEAD JOHNSON, Pregestimil 24 Calories, ready to feed, with ARA and DHA",0,
172294,03392,"Toddler drink, MEAD JOHNSON, PurAmino Toddler Powder, with ARA and DHA, not reconstituted",0,
172295,03393,"Infant formula, MEAD JOHNSON, Enfamil for Supplementing, ready to feed, with ARA and DHA",0,
172296,03681,"Babyfood, cereal, barley, prepared with whole milk",0,
173528,03682,"Babyfood, cereal, high protein, prepared with whole milk",0,
173529,03685,"Babyfood, cereal, mixed, prepared with whole milk",0,
173530,03686,"Babyfood, cereal, mixed, with bananas, prepared with whole milk",0,
173531,03689,"Babyfood, cereal, oatmeal, prepared with whole milk",0,
172297,03690,"Babyfood, cereal, oatmeal, with bananas, prepared with whole milk",0,
172298,03693,"Babyfood, cereal, oatmeal, with honey, prepared with whole milk",0,
172299,03694,"Babyfood, cereal, rice, prepared with whole milk",0,
172300,03696,"Babyfood, cereal, rice, with honey, prepared with whole milk",0,
173532,03704,"Babyfood, cereal, mixed, with honey, prepared with whole milk",0,
173533,03711,"Babyfood, cereal, high protein, with apple and orange, prepared with whole milk",0,
173534,03712,"Babyfood, cereal, rice, with bananas, prepared with whole milk",0,
173535,03801,"Infant formula, NESTLE, GOOD START SUPREME, with iron, liquid concentrate, not reconstituted",0,
173536,03802,"Infant formula, NESTLE, GOOD START SUPREME, with iron, powder",0,
172301,03805,"Infant formula, MEAD JOHNSON, ENFAMIL, with iron, powder",0,
172302,03808,"Infant formula, MEAD JOHNSON, ENFAMIL, Infant, with iron, powder, with ARA and DHA",0,
172303,03812,"Infant formula, MEAD JOHNSON, ENFAMIL, Infant, with iron, liquid concentrate, with ARA and DHA, reconstituted",0,
172304,03815,"Infant formula, MEAD JOHNSON, ENFAMIL LIPIL, with iron, ready-to-feed, with ARA and DHA",0,
173537,03818,"Infant formula, MEAD JOHNSON, ENFAMIL, LIPIL, low iron, liquid concentrate, with ARA and DHA",0,
173538,03821,"Infant formula, MEAD JOHNSON, PREGESTIMIL, with iron, powder, with ARA and DHA, not reconstituted",0,
173539,03822,"Infant formula, MEAD JOHNSON, PREGESTIMIL, with iron, with ARA and DHA, prepared from powder",0,
173540,03823,"Infant formula, MEAD JOHNSON, PROSOBEE, with iron, ready-to-feed",0,
172305,03825,"Infant formula, MEAD JOHNSON, ENFAMIL, LIPIL, low iron, ready to feed, with ARA and DHA",0,
172306,03832,"Infant formula, MEAD JOHNSON, ENFAMIL, Infant, ready-to-feed, with ARA and DHA",0,
172307,03837,"Infant formula, ABBOTT NUTRITION, SIMILAC, PM 60/40, powder not reconstituted",0,
172308,03838,"Infant formula, MEAD JOHNSON, ENFAMIL, NUTRAMIGEN WITH LGG, with iron, powder, not reconstituted, with ARA and DHA",0,
173541,03841,"Infant formula, ABBOTT NUTRITION, SIMILAC, ISOMIL, with iron, ready-to-feed",0,
173542,03842,"Infant formula, ABBOTT NUTRITION, SIMILAC, ISOMIL, with iron, liquid concentrate",0,
173543,03843,"Infant formula, ABBOTT NUTRITION, SIMILAC, ISOMIL, with iron, powder, not reconstituted",0,
173544,03844,"Infant formula, MEAD JOHNSON, ENFAMIL, NUTRAMIGEN, with iron, liquid concentrate not reconstituted, with ARA and DHA",0,
172309,03845,"Infant formula, MEAD JOHNSON, ENFAMIL, NUTRAMIGEN, with iron, ready-to-feed, with ARA and DHA",0,
172310,03846,"Infant formula, ABBOTT NUTRITION, SIMILAC, ALIMENTUM, with iron, ready-to-feed",0,
172311,03849,"Infant formula, MEAD JOHNSON, ENFAMIL, ENFACARE, with iron, powder, with ARA and DHA",0,
172312,03851,"Infant formula, ABBOTT NUTRITION, SIMILAC, with iron, liquid concentrate, not reconstituted",0,
173545,03852,"Infant formula, MEAD JOHNSON, ENFAMIL, PROSOBEE, with iron, powder, not reconstituted, with ARA and DHA",0,
173546,03853,"Infant formula, ABBOTT NUTRITION, SIMILAC, with iron, powder, not reconstituted",0,
173547,03854,"Infant formula, MEAD JOHNSON, ENFAMIL, PROSOBEE, liquid concentrate, reconstituted, with ARA and DHA",0,
173548,03857,"Infant formula, MEAD JOHNSON, PROSOBEE, with iron, ready to feed, with ARA and DHA",0,
173549,03859,"Infant formula, NESTLE, GOOD START SOY, with DHA and ARA, ready-to-feed",0,
172313,03860,"Child formula, ABBOTT NUTRITION, PEDIASURE, ready-to-feed",0,
172314,03861,"Infant formula, MEAD JOHNSON, NEXT STEP, PROSOBEE LIPIL, powder, with ARA and DHA",0,
172315,03864,"Infant formula, MEAD JOHNSON, NEXT STEP, PROSOBEE, LIPIL, ready to feed, with ARA and DHA",0,
172316,03867,"Infant formula, NESTLE, GOOD START SOY, with ARA and DHA, powder",0,
173550,03870,"Child formula, ABBOTT NUTRITION, PEDIASURE, ready-to-feed, with iron and fiber",0,
173551,03928,"Infant formula, NESTLE, GOOD START ESSENTIALS SOY, with iron, powder",0,
173552,03929,"Infant formula, MEAD JOHNSON, NEXT STEP PROSOBEE, powder, not reconstituted",0,
173553,03930,"Infant formula, MEAD JOHNSON,NEXT STEP PROSOBEE, prepared from powder",0,
172317,03934,"Babyfood, corn and sweet potatoes, strained",0,
172318,03935,"Infant formula, ABBOTT NUTRITION, SIMILAC, ALIMENTUM, ADVANCE, ready-to-feed, with ARA and DHA",0,
172319,03936,"Infant formula, PBM PRODUCTS, store brand, ready-to-feed",0,
172320,03937,"Infant formula, PBM PRODUCTS, store brand, liquid concentrate, not reconstituted",0,
173554,03938,"Infant formula, PBM PRODUCTS, store brand, powder",0,
173555,03939,"Infant formula, PBM PRODUCTS, store brand, soy, ready-to-feed",0,
173556,03940,"Infant formula, PBM PRODUCTS, store brand, soy, liquid concentrate, not reconstituted",0,
173557,03941,"Infant formula, PBM PRODUCTS, store brand, soy, powder",0,
172321,03942,"Infant formula, MEAD JOHNSON, ENFAMIL, AR, ready-to-feed, with ARA and DHA",0,
172322,03943,"Infant formula, MEAD JOHNSON, ENFAMIL, AR, powder, with ARA and DHA",0,
172323,03944,"Infant formula, ABBOTT NUTRITION, SIMILAC NEOSURE, ready-to-feed, with ARA and DHA",0,
172324,03945,"Infant formula, ABBOTT NUTRITION, SIMILAC, NEOSURE, powder, with ARA and DHA",0,
172325,03946,"Infant formula, ABBOTT NUTRITION, SIMILAC, SENSITIVE (LACTOSE FREE) ready-to-feed, with ARA and DHA",0,
173558,03947,"Infant formula, ABBOTT NUTRITION, SIMILAC, SENSITIVE, (LACTOSE FREE), liquid concentrate, with ARA and DHA",0,
173559,03948,"Infant formula, ABBOTT NUTRITION, SIMILAC, SENSITIVE, (LACTOSE FREE), powder, with ARA and DHA",0,
173560,03949,"Infant formula, ABBOTT NUTRITION, SIMILAC, ADVANCE, with iron, ready-to-feed",0,
173561,03950,"Infant formula, ABBOTT NUTRITION, SIMILAC, ADVANCE, with iron, powder, not reconstituted",0,
172326,03951,"Infant formula, ABBOTT NUTRITION, SIMILAC, ADVANCE, with iron, liquid concentrate, not reconstituted",0,
171382,03952,"Infant formula, ABBOTT NUTRITION, SIMILAC, ISOMIL, ADVANCE with iron, liquid concentrate",0,
171383,03953,"Infant formula, ABBOTT NUTRITION, SIMILAC, ISOMIL, ADVANCE with iron, ready-to-feed",0,
171384,03954,"Infant formula, ABBOTT NUTRITION, SIMILAC, ISOMIL, ADVANCE with iron, powder, not reconstituted",0,
170986,03955,"Infant Formula, MEAD JOHNSON, ENFAMIL, ENFACARE, ready-to-feed, with ARA and DHA",0,
170987,03956,"Babyfood, yogurt, whole milk, with fruit, multigrain cereal and added DHA fortified",0,
170988,03957,"Infant formula, ABBOTT NUTRITION, ALIMENTUM ADVANCE, with iron, powder, not reconstituted, with DHA and ARA",0,
170989,03959,"Babyfood, mashed cheddar potatoes and broccoli, toddlers",0,
171385,03960,"Infant formula, NESTLE, GOOD START SUPREME, with iron, DHA and ARA, ready-to-feed",0,
171386,03961,"Infant formula, NESTLE, GOOD START SUPREME, with iron, DHA and ARA, prepared from liquid concentrate",0,
171387,03963,"Infant Formula, MEAD JOHNSON, ENFAMIL GENTLEASE, with iron, prepared from powder",0,
171388,03964,"Babyfood, fortified cereal bar, fruit filling",0,
170990,03965,"Babyfood, yogurt, whole milk, with fruit, multigrain cereal and added iron fortified",0,
170991,03966,"Infant formula, NESTLE, GOOD START SOY, with DHA and ARA, liquid concentrate",0,
170992,03967,"Toddler formula, MEAD JOHNSON, ENFAGROW, Toddler Transitions, with ARA and DHA, powder",0,
170993,03968,"Toddler formula, MEAD JOHNSON, ENFAGROW PREMIUM (formerly ENFAMIL, LIPIL, NEXT STEP), ready-to-feed",0,
171389,03980,"Infant Formula, MEAD JOHNSON, ENFAMIL, GENTLEASE, with ARA and DHA powder not reconstituted",0,
171390,03982,"Infant formula, MEAD JOHNSON, ENFAMIL, Enfagrow, Soy, Toddler ready-to-feed",0,
171391,03983,"Infant formula, MEAD JOHNSON, ENFAMIL, NUTRAMIGEN AA, ready-to-feed",0,
171392,03984,"Infant formula, MEAD JOHNSON, ENFAMIL, Premature, with iron, 20 calories, ready-to-feed",0,
171393,03985,"Infant formula, MEAD JOHNSON, ENFAMIL, Premature, with iron, 24 calories, ready-to-feed",0,
170994,03986,"Infant Formula, MEAD JOHNSON, ENFAMIL, Newborn, with DHA and ARA, ready-to-feed",0,
170995,03987,"Infant formula, GERBER, GOOD START 2 Soy, with iron, ready-to-feed",0,
170996,03988,"Infant formula, GERBER, GOOD START, PROTECT PLUS, ready-to-feed",0,
170997,03989,"Infant Formula, GERBER GOOD START 2, GENTLE PLUS, ready-to-feed",0,
171394,03990,"Infant formula, GERBER, GOOD START 2, PROTECT PLUS, ready-to-feed",0,
171395,03991,"Infant formula, ABBOTT NUTRITION, SIMILAC, GO AND GROW, ready-to-feed, with ARA and DHA",0,
171396,03992,"Infant formula, ABBOTT NUTRITION, SIMILAC, Expert Care, Diarrhea, ready- to- feed with ARA and DHA",0,
171397,03993,"Infant formula, ABBOTT NUTRITION, SIMILAC, For Spit Up, ready-to-feed, with ARA and DHA",0,
170998,03994,"Babyfood, fruit, banana and strawberry, junior",0,
170999,03995,"Babyfood, banana with mixed berries, strained",0,
171000,03996,"Babyfood, Multigrain whole grain cereal, dry fortified",0,
171001,03997,"Babyfood, Baby MUM MUM Rice Biscuits",0,
171398,03998,"Babyfood, Snack, GERBER, GRADUATES, LIL CRUNCHIES, baked whole grain corn snack",0,
171399,03999,"Infant formula, ABBOTT NUTRITION, SIMILAC, For Spit Up, powder, with ARA and DHA",0,
171400,04001,"Fat, beef tallow",0,
171401,04002,Lard,0,
171002,04011,"Salad dressing, KRAFT Mayo Light Mayonnaise",0,
171003,04013,"Salad dressing, KRAFT Mayo Fat Free Mayonnaise Dressing",0,
171004,04014,"Salad dressing, KRAFT MIRACLE WHIP FREE Nonfat Dressing",0,
171005,04015,"Salad dressing, russian dressing",0,
171006,04016,"Salad dressing, sesame seed dressing, regular",0,
171402,04017,"Salad dressing, thousand island, commercial, regular",0,
171403,04018,"Salad dressing, mayonnaise type, regular, with salt",0,
171404,04020,"Salad dressing, french dressing, reduced fat",0,
171405,04021,"Salad dressing, italian dressing, commercial, reduced fat",0,
171007,04022,"Salad dressing, russian dressing, low calorie",0,
171008,04023,"Salad dressing, thousand island dressing, reduced fat",0,
171009,04025,"Salad dressing, mayonnaise, regular",0,
171010,04026,"Salad dressing, mayonnaise, soybean and safflower oil, with salt",0,
171406,04027,"Salad dressing, mayonnaise, imitation, soybean",0,
171407,04028,"Salad dressing, mayonnaise, imitation, milk cream",0,
171408,04029,"Salad dressing, mayonnaise, imitation, soybean without cholesterol",0,
171409,04030,"Sandwich spread, with chopped pickle, regular, unspecified oils",0,
171011,04031,"Shortening, household, soybean (partially hydrogenated)-cottonseed (partially hydrogenated)",0,
171012,04034,"Oil, soybean, salad or cooking, (partially hydrogenated)",0,
171013,04037,"Oil, rice bran",0,
171014,04038,"Oil, wheat germ",0,
171410,04042,"Oil, peanut, salad or cooking",0,
171411,04044,"Oil, soybean, salad or cooking",0,
171412,04047,"Oil, coconut",0,
171413,04053,"Oil, olive, salad or cooking",0,
171015,04055,"Oil, palm",0,
171016,04058,"Oil, sesame, salad or cooking",0,
171017,04060,"Oil, sunflower, linoleic (less than 60%)",0,
171018,04073,"Margarine, regular, hard, soybean (hydrogenated)",0,
171019,04114,"Salad dressing, italian dressing, commercial, regular",0,
171414,04120,"Salad dressing, french dressing, commercial, regular",0,
171415,04128,"Margarine,spread, 35-39% fat, tub",0,
171416,04133,"Salad dressing, french, home recipe",0,
171417,04135,"Salad dressing, home recipe, vinegar and oil",0,
171020,04141,"Salad dressing, french dressing, commercial, regular, without salt",0,
171021,04142,"Salad dressing, french dressing, reduced fat, without salt",0,
171022,04143,"Salad dressing, italian dressing, commercial, regular, without salt",0,
171023,04144,"Salad dressing, italian dressing, reduced fat, without salt",0,
171418,04145,"Salad dressing, mayonnaise, soybean oil, without salt",0,
171419,04146,"Salad dressing, french, cottonseed, oil, home recipe",0,
171420,04367,"Salad dressing, french dressing, fat-free",0,
171421,04501,"Oil, cocoa butter",0,
171024,04502,"Oil, cottonseed, salad or cooking",0,
171025,04506,"Oil, sunflower, linoleic, (approx. 65%)",0,
171026,04510,"Oil, safflower, salad or cooking, linoleic, (over 70%)",0,
171027,04511,"Oil, safflower, salad or cooking, high oleic (primary safflower oil of commerce)",0,
171422,04513,"Vegetable oil, palm kernel",0,
171423,04514,"Oil, poppyseed",0,
171424,04515,"Oil, tomatoseed",0,
171425,04516,"Oil, teaseed",0,
171028,04517,"Oil, grapeseed",0,
171029,04518,"Oil, corn, industrial and retail, all purpose salad or cooking",0,
171030,04528,"Oil, walnut",0,
171031,04529,"Oil, almond",0,
171032,04530,"Oil, apricot kernel",0,
171426,04531,"Oil, soybean lecithin",0,
171427,04532,"Oil, hazelnut",0,
171428,04534,"Oil, babassu",0,
171429,04536,"Oil, sheanut",0,
173562,04539,"Salad dressing, blue or roquefort cheese dressing, commercial, regular",0,
173563,04541,"Oil, cupu assu",0,
173564,04542,"Fat, chicken",0,
173565,04543,"Oil, soybean, salad or cooking, (partially hydrogenated) and cottonseed",0,
172327,04544,"Shortening, household, lard and vegetable oil",0,
172328,04545,"Oil, sunflower, linoleic, (partially hydrogenated)",0,
172329,04546,"Shortening bread, soybean (hydrogenated) and cottonseed",0,
172330,04548,"Shortening cake mix, soybean (hydrogenated) and cottonseed (hydrogenated)",0,
173566,04549,"Shortening industrial, lard and vegetable oil",0,
173567,04550,"Shortening frying (heavy duty), beef tallow and cottonseed",0,
173568,04551,"Shortening confectionery, coconut (hydrogenated) and or palm kernel (hydrogenated)",0,
173569,04554,"Shortening industrial, soybean (hydrogenated) and cottonseed",0,
172331,04556,"Shortening frying (heavy duty), palm (hydrogenated)",0,
172332,04559,Shortening household soybean (hydrogenated) and palm,0,
172333,04560,"Shortening frying (heavy duty), soybean (hydrogenated), linoleic (less than 1%)",0,
172334,04570,"Shortening, confectionery, fractionated palm",0,
172335,04572,"Oil, nutmeg butter",0,
173570,04573,"Oil, ucuhuba butter",0,
173571,04575,"Fat, turkey",0,
173572,04576,"Fat, goose",0,
173573,04581,"Oil, avocado",0,
172336,04582,"Oil, canola",0,
172337,04583,"Oil, mustard",0,
172338,04584,"Oil, sunflower, high oleic (70% and over)",0,
172339,04585,"Margarine-like, margarine-butter blend, soybean oil and butter",0,
173574,04586,"Shortening, special purpose for cakes and frostings, soybean (hydrogenated)",0,
173575,04587,"Shortening, special purpose for baking, soybean (hydrogenated) palm and cottonseed",0,
173576,04588,"Oil, oat",0,
173577,04589,"Fish oil, cod liver",0,
172340,04590,"Fish oil, herring",0,
172341,04591,"Fish oil, menhaden",0,
172342,04592,"Fish oil, menhaden, fully hydrogenated",0,
172343,04593,"Fish oil, salmon",0,
173578,04594,"Fish oil, sardine",0,
173579,04595,"Shortening, multipurpose, soybean (hydrogenated) and palm (hydrogenated)",0,
173580,04600,"Margarine-like, vegetable oil-butter spread, tub, with salt",0,
173581,04601,"Butter, light, stick, with salt",0,
172344,04602,"Butter, light, stick, without salt",0,
172345,04609,"Animal fat, bacon grease",0,
172346,04610,"Margarine, regular, 80% fat, composite, stick, with salt",0,
172347,04611,"Margarine, regular, 80% fat, composite, tub, with salt",0,
172348,04612,"Margarine-like, vegetable oil spread, 60% fat, stick, with salt",0,
173582,04613,"Margarine-like, vegetable oil spread, 60% fat, tub, with salt",0,
173583,04614,"Margarine-like, vegetable oil spread, 60% fat, stick/tub/bottle, with salt",0,
173584,04615,"Shortening, vegetable, household, composite",0,
173585,04617,"Margarine, regular, 80% fat, composite, stick, without salt",0,
172349,04618,"Margarine, regular, 80% fat, composite, tub, without salt",0,
172350,04620,"Margarine-like, vegetable oil spread, 60% fat, stick/tub/bottle, without salt",0,
172351,04624,"Margarine-like, vegetable oil spread, fat free, liquid, with salt",0,
172352,04626,"Margarine-like spread with yogurt, 70% fat, stick, with salt",0,
173586,04627,"Margarine-like spread with yogurt, approximately 40% fat, tub, with salt",0,
173587,04628,"Margarine, 80% fat, stick, includes regular and hydrogenated corn and soybean oils",0,
173588,04629,"Margarine, margarine-type vegetable oil spread, 70% fat, soybean and partially hydrogenated soybean, stick",0,
173589,04630,"Margarine Spread, 40-49% fat, tub",0,
172353,04631,"Margarine-like, vegetable oil spread, fat-free, tub",0,
172354,04633,"Margarine-like, vegetable oil spread, 20% fat, with salt",0,
172355,04634,"Margarine-like, vegetable oil spread, 20% fat, without salt",0,
172356,04635,"Salad dressing, thousand island dressing, fat-free",0,
173590,04636,"Salad dressing, italian dressing, fat-free",0,
173591,04638,"Salad dressing, ranch dressing, fat-free",0,
173592,04639,"Salad dressing, ranch dressing, regular",0,
173593,04640,"Salad dressing, ranch dressing, reduced fat",0,
173594,04641,"Salad dressing, mayonnaise, light",0,
172357,04642,"Oil, industrial, mid-oleic, sunflower",0,
172358,04643,"Oil, industrial, canola with antifoaming agent, principal uses salads, woks and light frying",0,
172359,04644,"Oil, industrial, canola for salads, woks and light frying",0,
172360,04645,"Oil, industrial, canola (partially hydrogenated) oil for deep fat frying",0,
173595,04646,"Oil, industrial, coconut, principal uses candy coatings, oil sprays, roasting nuts",0,
173596,04648,"Oil, industrial, soy (partially hydrogenated), principal uses popcorn and flavoring vegetables",0,
173597,04649,"Shortening, industrial, soy (partially hydrogenated), pourable liquid fry shortening",0,
173598,04650,"Oil, industrial, soy, refined, for woks and light frying",0,
172361,04651,"Oil, industrial, soy (partially hydrogenated), multiuse for non-dairy butter flavor",0,
172362,04652,"Oil, industrial, soy ( partially hydrogenated), all purpose",0,
172363,04653,"Oil, industrial, soy (partially hydrogenated ) and soy (winterized), pourable clear fry",0,
172364,04654,"Oil, industrial, soy (partially hydrogenated)  and cottonseed, principal use as a tortilla shortening",0,
173599,04655,"Margarine-like shortening, industrial, soy (partially hydrogenated), cottonseed, and soy, principal use flaky pastries",0,
173600,04656,"Oil, industrial, palm kernel, confection fat, uses similar to high quality cocoa butter",0,
173601,04657,"Oil, industrial, palm kernel (hydrogenated), confection fat, uses similar to 95 degree hard butter",0,
173602,04658,"Oil, industrial, palm kernel (hydrogenated), confection fat, intermediate grade product",0,
172365,04659,"Oil, industrial, coconut, confection fat, typical basis for ice cream coatings",0,
172366,04660,"Oil, industrial, palm kernel (hydrogenated) , used for whipped toppings, non-dairy",0,
172367,04661,"Oil, industrial, coconut (hydrogenated), used for whipped toppings and coffee whiteners",0,
172368,04662,"Oil, industrial, palm and palm kernel, filling fat (non-hydrogenated)",0,
173603,04663,"Oil, industrial, palm kernel (hydrogenated), filling fat",0,
173604,04664,"Oil, industrial, soy (partially hydrogenated ), palm, principal uses icings and fillings",0,
173605,04665,"Margarine, industrial, non-dairy, cottonseed, soy oil (partially hydrogenated ), for flaky pastries",0,
173606,04666,"Shortening, industrial, soy (partially hydrogenated ) and corn for frying",0,
173607,04667,"Shortening, industrial, soy (partially hydrogenated ) for baking and confections",0,
172369,04668,"Margarine, industrial, soy and partially hydrogenated soy oil, use for baking, sauces and candy",0,
172370,04669,"Oil, vegetable, soybean, refined",0,
172371,04673,"Margarine-like spread, SMART BALANCE Regular Buttery Spread with flax oil",0,
172372,04674,"Margarine-like spread, SMART BALANCE Light Buttery Spread",0,
173608,04675,"Margarine-like spread, SMART BEAT Super Light without saturated fat",0,
173609,04676,"Margarine-like spread, SMART BEAT Smart Squeeze",0,
173610,04677,"Margarine-like spread, SMART BALANCE Omega Plus Spread (with plant sterols & fish oil)",0,
171033,04678,"Oil, vegetable, Natreon canola, high stability, non trans, high oleic (70%)",0,
171430,04679,"Oil, PAM cooking spray, original",0,
171431,04683,"Margarine, margarine-like vegetable oil spread, 67-70% fat, tub",0,
171432,04684,"Margarine, 80% fat, tub, CANOLA HARVEST Soft Spread (canola, palm and palm kernel oils)",0,
171433,04685,"Oil, cooking and salad, ENOVA, 80% diglycerides",0,
171034,04686,"Salad dressing, honey mustard dressing, reduced calorie",0,
171035,04687,"Margarine-like spread, BENECOL Light Spread",0,
171036,04688,"Salad dressing, spray-style dressing, assorted flavors",0,
171037,04689,"Salad Dressing, mayonnaise, light, SMART BALANCE, Omega Plus light",0,
171434,04690,"Margarine-like, vegetable oil spread, approximately 37% fat, unspecified oils, with salt, with added vitamin D",0,
171435,04691,"Margarine, regular, 80% fat, composite, stick, with salt, with added vitamin D",0,
171436,04692,"Margarine, regular, 80% fat, composite, tub, with salt, with added vitamin D",0,
171437,04693,"Margarine-like, vegetable oil spread, 60% fat, stick, with salt, with added vitamin D",0,
171038,04694,"Margarine-like, vegetable oil spread, 60% fat, tub, with salt, with added vitamin D",0,
171039,04695,"Margarine-like vegetable-oil spread, stick/tub/bottle, 60% fat, with added vitamin D",0,
171040,04696,"Margarine, regular, 80% fat, composite, stick, without salt, with added vitamin D",0,
171041,04697,"Margarine-like, vegetable oil spread, 60% fat, stick/tub/bottle, without salt, with added vitamin D",0,
171042,04698,"Oil, industrial, canola, high oleic",0,
171438,04699,"Oil, industrial, soy, low linolenic",0,
171439,04700,"Oil, industrial, soy, ultra low linolenic",0,
171440,04701,"Oil, industrial, soy, fully hydrogenated",0,
171441,04702,"Oil, industrial, cottonseed, fully hydrogenated",0,
171043,04703,"Salad dressing, honey mustard, regular",0,
171044,04704,"Salad dressing, poppyseed, creamy",0,
171045,04705,"Salad dressing, caesar, fat-free",0,
171046,04706,"Dressing, honey mustard, fat-free",0,
171442,04707,"Oil, flaxseed, contains added sliced flaxseed",0,
171443,04708,"Mayonnaise, reduced fat, with olive oil",0,
171444,04709,"Salad dressing, mayonnaise-type, light",0,
171445,05000,"Chicken, broiler, rotisserie, BBQ, breast, meat only",22,"Bone and connective tissue 11%, skin and separable fat 11%"
171047,05001,"Chicken, broilers or fryers, meat and skin and giblets and neck, raw",31,Bone
171048,05002,"Chicken, broilers or fryers, meat and skin and giblets and neck, cooked, fried, batter",21,Bone
171049,05003,"Chicken, broilers or fryers, meat and skin and giblets and neck, cooked, fried, flour",28,Bone
171050,05004,"Chicken, broilers or fryers, meat and skin and giblets and neck, roasted",31,Bone
171446,05005,"Chicken, broilers or fryers, meat and skin and giblets and neck, stewed",33,Bone
171447,05006,"Chicken, broilers or fryers, meat and skin, raw",32,Bone
171448,05007,"Chicken, broilers or fryers, meat and skin, cooked, fried, batter",22,Bone
171449,05008,"Chicken, broilers or fryers, meat and skin, cooked, fried, flour",29,Bone
171450,05009,"Chicken, broilers or fryers, meat and skin, cooked, roasted",33,Bone
171051,05010,"Chicken, broilers or fryers, meat and skin, cooked, stewed",34,Bone
171052,05011,"Chicken, broilers or fryers, meat only, raw",52,"32% bone, 12% skin, 8% separable fat"
171053,05012,"Chicken, broilers or fryers, meat only, cooked, fried",42,"29% bone, 13% skin"
171054,05013,"Chicken, broilers or fryers, meat only, cooked, roasted",46,"33% bone, 13% skin"
171451,05014,"Chicken, broilers or fryers, meat only, cooked, stewed",48,"34% bone, 14% skin"
171452,05015,"Chicken, broilers or fryers, skin only, raw",0,
171453,05016,"Chicken, broilers or fryers, skin only, cooked, fried, batter",0,
171454,05017,"Chicken, broilers or fryers, skin only, cooked, fried, flour",0,
171055,05018,"Chicken, broilers or fryers, skin only, cooked, roasted",0,
171056,05019,"Chicken, broilers or fryers, skin only, cooked, stewed",0,
171057,05020,"Chicken, broilers or fryers, giblets, raw",0,
171058,05021,"Chicken, broilers or fryers, giblets, cooked, fried",0,
171455,05022,"Chicken, broilers or fryers, giblets, cooked, simmered",0,
171456,05023,"Chicken, gizzard, all classes, raw",0,
171457,05024,"Chicken, gizzard, all classes, cooked, simmered",11,Membranes 10.7%
171458,05025,"Chicken, heart, all classes, raw",0,
171059,05026,"Chicken, heart, all classes, cooked, simmered",0,
171060,05027,"Chicken, liver, all classes, raw",0,
171061,05028,"Chicken, liver, all classes, cooked, simmered",0,
171062,05029,"Chicken, broilers or fryers, light meat, meat and skin, raw",28,Bone
171459,05030,"Chicken, broilers or fryers, light meat, meat and skin, cooked, fried, batter",21,Bone
171460,05031,"Chicken, broilers or fryers, light meat, meat and skin, cooked, fried, flour",28,Bone
171461,05032,"Chicken, broilers or fryers, light meat, meat and skin, cooked, roasted",29,Bone
171462,05033,"Chicken, broilers or fryers, light meat, meat and skin, cooked, stewed",29,Bone
171463,05034,"Chicken, broilers or fryers, dark meat, meat and skin, raw",35,Bone
171063,05035,"Chicken, broilers or fryers, dark meat, meat and skin, cooked, fried, batter",23,Bone
171064,05036,"Chicken, broilers or fryers, dark meat, meat and skin, cooked, fried, flour",30,Bone
171065,05037,"Chicken, broilers or fryers, dark meat, meat and skin, cooked, roasted",36,Bone
171066,05038,"Chicken, broilers or fryers, dark meat, meat and skin, cooked, stewed",38,Bone
171464,05039,"Chicken, broilers or fryers, light meat, meat only, raw",45,"28% bone, 13% skin, 4% separable fat"
171465,05040,"Chicken, broilers or fryers, light meat, meat only, cooked, fried",41,"28% bone, 13% skin"
171466,05041,"Chicken, broilers or fryers, light meat, meat only, cooked, roasted",42,"29% bone, 13% skin"
171467,05042,"Chicken, broilers or fryers, light meat, meat only, cooked, stewed",44,"29% bone, 15% skin"
171067,05043,"Chicken, broilers or fryers, dark meat, meat only, raw",56,"35% bone, 11% skin, 10% separable fat"
171068,05044,"Chicken, broilers or fryers, dark meat, meat only, cooked, fried",42,"30% bone, 12% skin"
171069,05045,"Chicken, broilers or fryers, dark meat, meat only, cooked, roasted",48,"36% bone, 12% skin"
171070,05046,"Chicken, broilers or fryers, dark meat, meat only, cooked, stewed",52,"38% bone, 14% skin"
171468,05047,"Chicken, broilers or fryers, separable fat, raw",0,
171469,05048,"Chicken, broilers or fryers, back, meat and skin, raw",44,Bone
171470,05049,"Chicken, broilers or fryers, back, meat and skin, cooked, fried, batter",23,Bone
171471,05050,"Chicken, broilers or fryers, back, meat and skin, cooked, fried, flour",33,Bone
171071,05051,"Chicken, broilers or fryers, back, meat and skin, cooked, roasted",47,Bone
171072,05052,"Chicken, broilers or fryers, back, meat and skin, cooked, stewed",48,Bone
171073,05053,"Chicken, broilers or fryers, back, meat only, raw",71,"44% bone, 10% skin, 17% seprable fat"
171074,05054,"Chicken, broilers or fryers, back, meat only, cooked, fried",46,"33% bone, 13% skin"
171472,05055,"Chicken, broilers or fryers, back, meat only, cooked, roasted",60,"47% bone, 13% skin"
171473,05056,"Chicken, broilers or fryers, back, meat only, cooked, stewed",64,"48% bone, 16% skin"
171474,05057,"Chicken, broilers or fryers, breast, meat and skin, raw",20,Bone
171475,05058,"Chicken, broilers or fryers, breast, meat and skin, cooked, fried, batter",12,Bone
171476,05059,"Chicken, broilers or fryers, breast, meat and skin, cooked, fried, flour",17,Bone
171075,05060,"Chicken, broilers or fryers, breast, meat and skin, cooked, roasted",19,Bone
171076,05061,"Chicken, broilers or fryers, breast, meat and skin, cooked, stewed",18,Bone
171077,05062,"Chicken, broiler or fryers, breast, skinless, boneless, meat only, raw",0,
171078,05063,"Chicken, broilers or fryers, breast, meat only, cooked, fried",27,"17% bone, 10% skin"
171477,05064,"Chicken, broilers or fryers, breast, meat only, cooked, roasted",28,"19% bone, 9% skin"
171478,05065,"Chicken, broilers or fryers, breast, meat only, cooked, stewed",30,"18% bone, 12% skin"
172373,05066,"Chicken, broilers or fryers, drumstick, meat and skin, raw",66,"Bone and cartilage 33%, Bone and connective tissue 33%"
172374,05067,"Chicken, broilers or fryers, drumstick, meat and skin, cooked, fried, batter",26,Bone
173611,05068,"Chicken, broilers or fryers, drumstick, meat and skin, cooked, fried, flour",34,Bone
173612,05069,"Chicken, broilers or fryers, drumstick, meat and skin, cooked, roasted",61,"Bone and cartilage 33%, Bone and connective tissue 28%"
173613,05070,"Chicken, broilers or fryers, drumstick, meat and skin, cooked, stewed",36,Bone
173614,05071,"Chicken, broilers or fryers, dark meat, drumstick, meat only, raw",42,"bone and cartilage 33%, skin and separable fat 9%"
172375,05072,"Chicken, broilers or fryers, drumstick, meat only, cooked, fried",44,"34% bone, 10% skin"
172376,05073,"Chicken, broilers or fryers, dark meat, drumstick, meat only, cooked, roasted",40,"Bone and cartilage 33%, Skin and separable fat 7%"
172377,05074,"Chicken, broilers or fryers, drumstick, meat only, cooked, stewed",48,"36% bone, 12% skin"
172378,05075,"Chicken, broilers or fryers, leg, meat and skin, raw",27,Bone
173615,05076,"Chicken, broilers or fryers, leg, meat and skin, cooked, fried, batter",22,Bone
173616,05077,"Chicken, broilers or fryers, leg, meat and skin, cooked, fried, flour",28,Bone
173617,05078,"Chicken, broilers or fryers, leg, meat and skin, cooked, roasted",29,Bone 29%
173618,05079,"Chicken, broilers or fryers, leg, meat and skin, cooked, stewed",30,Bone
173619,05080,"Chicken, broilers or fryers, leg, meat only, raw",43,"27% bone, 11% skin, 5% separable fat"
172379,05081,"Chicken, broilers or fryers, leg, meat only, cooked, fried",40,"28% bone, 12% skin"
172380,05082,"Chicken, broilers or fryers, leg, meat only, cooked, roasted",41,"Bone 29%, skin 12%"
172381,05083,"Chicken, broilers or fryers, leg, meat only, cooked, stewed",43,"30% bone, 13% skin"
172382,05084,"Chicken, broilers or fryers, neck, meat and skin, raw",36,Bone
173620,05085,"Chicken, broilers or fryers, neck, meat and skin, cooked, fried, batter",25,Bone
173621,05086,"Chicken, broilers or fryers, neck, meat and skin, cooked, fried, flour",29,Bone
173622,05087,"Chicken, broilers or fryers, neck, meat and skin, cooked simmered",32,Bone
173623,05088,"Chicken, broilers or fryers, neck, meat only, raw",75,"36% bone, 39% skin and separable fat"
172383,05089,"Chicken, broilers or fryers, neck, meat only, cooked, fried",56,"29% bone, 27% skin"
172384,05090,"Chicken, broilers or fryers, neck, meat only, cooked, simmered",67,"32% bone, 35% skin"
172385,05091,"Chicken, broilers or fryers, thigh, meat and skin, raw",0,
172386,05092,"Chicken, broilers or fryers, thigh, meat and skin, cooked, fried, batter",19,Bone
173624,05093,"Chicken, broilers or fryers, thigh, meat and skin, cooked, fried, flour",23,Bone
173625,05094,"Chicken, broilers or fryers, thigh, meat and skin, cooked, roasted",33,"Bone and cartilage 17%, bone and connective tissue 16%"
173626,05095,"Chicken, broilers or fryers, thigh, meat and skin, cooked, stewed",24,Bone
173627,05096,"Chicken, broilers or fryers, dark meat, thigh, meat only, raw",25, Skin and separable fat 25%
172387,05097,"Chicken, broilers or fryers, thigh, meat only, cooked, fried",36,"23% bone, 13% skin"
172388,05098,"Chicken, broilers or fryers, thigh, meat only, cooked, roasted",48,"Bone and cartilage 17%, skin and separable fat 15%"
172389,05099,"Chicken, broilers or fryers, thigh, meat only, cooked, stewed",39,"24% bone, 15% skin"
172390,05100,"Chicken, broilers or fryers, wing, meat and skin, raw",38,Bone and connective tissue 38%
173628,05101,"Chicken, broilers or fryers, wing, meat and skin, cooked, fried, batter",38,Bone
173629,05102,"Chicken, broilers or fryers, wing, meat and skin, cooked, fried, flour",47,Bone
173630,05103,"Chicken, broilers or fryers, wing, meat and skin, cooked, roasted",40,Bone and connective tissue 40%
173631,05104,"Chicken, broilers or fryers, wing, meat and skin, cooked, stewed",48,Bone
173632,05105,"Chicken, broilers or fryers, wing, meat only, raw",68,"46% bone, 21% skin, 1% separable fat"
172391,05106,"Chicken, broilers or fryers, wing, meat only, cooked, fried",66,"47% bone, 19% skin"
172392,05107,"Chicken, broilers or fryers, wing, meat only, cooked, roasted",68,"48% bone, 20% skin"
172393,05108,"Chicken, broilers or fryers, wing, meat only, cooked, stewed",68,"48% bone, 20% skin"
172394,05109,"Chicken, roasting, meat and skin and giblets and neck, raw",27,Bone
173633,05110,"Chicken, roasting, meat and skin and giblets and neck, cooked, roasted",29,Bone
173634,05111,"Canada Goose, breast meat only, skinless, raw",0,
173635,05112,"Chicken, roasting, meat and skin, cooked, roasted",30,Bone
173636,05113,"Chicken, roasting, meat only, raw",49,"28% bone, 14% skin, 7% separable fat"
172395,05114,"Chicken, roasting, meat only, cooked, roasted",43,"30% bone, 12% skin, 1% separable fat"
172396,05115,"Chicken, roasting, giblets, raw",0,
172397,05116,"Chicken, roasting, giblets, cooked, simmered",0,
172398,05117,"Chicken, roasting, light meat, meat only, raw",43,"26% bone, 13% skin, 4% separable fat"
173637,05118,"Chicken, roasting, light meat, meat only, cooked, roasted",40,"24% bone, 16% skin"
173638,05119,"Chicken, roasting, dark meat, meat only, raw",53,"30% bone, 14% skin, 9% separable fat"
173639,05120,"Chicken, roasting, dark meat, meat only, cooked, roasted",46,"35% bone, 10% skin, 1% separable fat"
173640,05121,"Chicken, stewing, meat and skin, and giblets and neck, raw",32,"27% bone, 5% separable fat"
172399,05122,"Chicken, stewing, meat and skin, and giblets and neck, cooked, stewed",31,"29% bone, 2% separable fat"
172400,05123,"Chicken, stewing, meat and skin, raw",30,Bone
172401,05124,"Chicken, stewing, meat and skin, cooked, stewed",32,Bone
172402,05125,"Chicken, stewing, meat only, raw",50,"Bone 30%, skin 12%, separable fat 8%"
172403,05126,"Chicken, stewing, meat only, cooked, stewed",48,"Bone, 32%, skin, 16%"
173641,05127,"Chicken, stewing, giblets, raw",0,
173642,05128,"Chicken, stewing, giblets, cooked, simmered",0,
173643,05129,"Chicken, stewing, light meat, meat only, raw",44,"26% bone, 14% skin, 4% separable fat"
173644,05130,"Chicken, stewing, light meat, meat only, cooked, stewed",42,"26% bone, 16% skin"
172404,05131,"Chicken, stewing, dark meat, meat only, raw",54,"33% bone, 11% skin, 10% separable fat"
172405,05132,"Chicken, stewing, dark meat, meat only, cooked, stewed",51,"36% bone, 15% skin"
172406,05133,"Chicken, capons, meat and skin and giblets and neck, raw",27,Bone
172407,05134,"Chicken, capons, meat and skin and giblets and neck, cooked, roasted",28,Bone
173645,05135,"Chicken, capons, meat and skin, raw",28,Bone
173646,05136,"Chicken, capons, meat and skin, cooked, roasted",29,Bone
174465,05137,"Chicken, capons, giblets, raw",0,
174466,05138,"Chicken, capons, giblets, cooked, simmered",0,
172408,05139,"Duck, domesticated, meat and skin, raw",28,Bone
172409,05140,"Duck, domesticated, meat and skin, cooked, roasted",35,Bone
172410,05141,"Duck, domesticated, meat only, raw",66,"28% bone, 38% skin and separable fat"
172411,05142,"Duck, domesticated, meat only, cooked, roasted",62,"35% bone, 27% skin and separable fat"
174467,05143,"Duck, domesticated, liver, raw",0,
174468,05144,"Duck, wild, meat and skin, raw",40,"38% bone, 2% handling loss"
174469,05145,"Duck, wild, breast, meat only, raw",46,"15% bone, 31% skin and separable fat"
174470,05146,"Goose, domesticated, meat and skin, raw",19,Bone
172412,05147,"Goose, domesticated, meat and skin, cooked, roasted",28,Bone
172413,05148,"Goose, domesticated, meat only, raw",53,"19% bone, 34% skin and separable fat"
172414,05149,"Goose, domesticated, meat only, cooked, roasted",45,"28% bone, 17% skin and separable fat"
172415,05150,"Goose, liver, raw",0,
172416,05151,"Guinea hen, meat and skin, raw",17,Bone
174471,05152,"Guinea hen, meat only, raw",36,"17% bone, 19% skin and separable fat"
174472,05153,"Pheasant, raw, meat and skin",14,Bone
174473,05154,"Pheasant, raw, meat only",24,"14% bone, 10% skin"
174474,05155,"Pheasant, breast, meat only, raw",0,
172417,05156,"Pheasant, leg, meat only, raw",0,
172418,05157,"Quail, meat and skin, raw",10,Bone
172419,05158,"Quail, meat only, raw",24,"10% bone, 14% skin"
172829,05159,"Quail, breast, meat only, raw",0,
174475,05160,"Squab, (pigeon), meat and skin, raw",23,Bone
171079,05161,"Squab, (pigeon), meat only, raw",35,"23% bone, 12% skin"
171080,05162,"Squab, (pigeon), light meat without skin, raw",0,
171081,05165,"Turkey, whole, meat and skin, raw",29,Bone and connective tissue 29%
171479,05166,"Turkey, whole, meat and skin, cooked, roasted",31,Bone connective tissue 31%
171480,05167,"Turkey, whole, meat only, raw",41,"Bone and connective tissue 29%, Skin and separable fat 11%"
171481,05168,"Turkey, whole, meat only, cooked, roasted",38,"Bone and connective tissue 31%, Skin and separable fat 7%"
171482,05169,"Turkey, whole, skin (light and dark), raw",0,
171082,05170,"Turkey, whole, skin (light and dark), roasted",0,
171083,05171,"Turkey, whole, giblets, raw",0,
171084,05172,"Turkey, whole, giblets, cooked, simmered",0,
171085,05173,"Turkey, gizzard, all classes, raw",0,
171483,05174,"Turkey, all classes, gizzard, cooked, simmered",0,
171484,05175,"Turkey, all classes, heart, raw",0,
171485,05176,"Turkey, all classes, heart, cooked, simmered",0,
171486,05177,"Turkey, all classes, liver, raw",0,
171487,05178,"Turkey, all classes, liver, cooked, simmered",0,
171086,05179,"Turkey, whole, neck, meat only, raw",60,Bone and connective tissue 60%
171087,05180,"Turkey, whole, neck, meat only, cooked, simmered",53,Bone and connective tissue 53%
171088,05181,"Turkey, whole, light meat, meat and skin, raw",32,Bone and Conncetive tissue 32%
171089,05182,"Turkey, whole, light meat, meat and skin, cooked, roasted",20,Bone and connective tissue 20%
171488,05183,"Turkey, dark meat, meat and skin, raw",48,Bone and connective tissue 38%
171489,05184,"Turkey, whole, dark meat, meat and skin, cooked, roasted",38,Bone and connective tissue 38%
171490,05185,"Turkey, whole, light meat, raw",29,"Bone and connective tissue 20%, skin and separable fat 12%"
171491,05186,"Turkey, all classes, light meat, cooked, roasted",27,"Bone and connective tissue 20%, Skin and separable fat 7%"
171090,05187,"Turkey, whole, dark meat, meat only, raw",48,"Bone and connective tissue 38%, skin and separable fat 10%"
171091,05188,"Turkey, whole, dark meat, cooked, roasted",46,Bone and connective tissue 39% Skin and separable fat 7%
171092,05190,"Turkey, all classes, back, meat and skin, cooked, roasted",41,Bone
171093,05191,"Turkey, all classes, breast, meat and skin, raw",10,Bone
171492,05192,"Turkey, all classes, breast, meat and skin, cooked, roasted",8,Bone
171493,05193,"Turkey, all classes, leg, meat and skin, raw",17,Bone
171494,05194,"Turkey, all classes, leg, meat and skin, cooked, roasted",19,Bone
171495,05195,"Turkey, all classes, wing, meat and skin, raw",33,Bone
171094,05196,"Turkey, all classes, wing, meat and skin, cooked, roasted",34,Bone
171095,05200,"Turkey, fryer-roasters, meat and skin, cooked, roasted",25,Bone
171096,05215,"Turkey, whole, back, meat only, raw",62,"Bone and connective tissue 50%, skin and separable fat 12%"
171097,05216,"Turkey, whole, back, meat only, cooked, roasted",42,"Bone and connective tissue 54%, Skin and separable fat 7%"
171098,05219,"Turkey, whole, breast, meat only, raw",22,"Bone and connective tissue 12%, Skin and separable fat 10%"
171496,05220,"Turkey, whole, breast, meat only, cooked, roasted",19,"Bone and connective tissue 13%, Skin and separable fat 6%"
171497,05227,"Turkey, whole, wing, meat only, raw",60,"Bone and connective tissue 44%, skin and separable fat 16%"
171498,05228,"Turkey, whole, wing, meat only, cooked, roasted",59,"Bone and connective tissue 48%, skin and separable fat 11%"
171499,05236,"Turkey, young hen, skin only, cooked, roasted",0,
171099,05277,"Chicken, canned, meat only, with broth",0,
171100,05282,"Pate de foie gras, canned (goose liver pate), smoked",0,
171101,05284,"Turkey, canned, meat only, with broth",0,
171102,05285,"Turkey, diced, light and dark meat, seasoned",0,
171500,05286,"Turkey and gravy, frozen",0,
171501,05293,"Turkey breast, pre-basted, meat and skin, cooked, roasted",8,Bone
171502,05294,"Turkey thigh, pre-basted, meat and skin, cooked, roasted",13,Bone
171503,05295,"Turkey roast, boneless, frozen, seasoned, light and dark meat, raw",0,
171103,05300,"Turkey sticks, breaded, battered, fried",0,
171104,05301,"Poultry, mechanically deboned, from backs and necks with skin, raw",0,
171105,05302,"Poultry, mechanically deboned, from backs and necks without skin, raw",0,
171106,05303,"Poultry, mechanically deboned, from mature hens, raw",0,
171504,05304,"Turkey, mechanically deboned, from turkey frames, raw",0,
171505,05305,"Turkey, Ground, raw",0,
171506,05306,"Turkey, Ground, cooked",0,
171507,05307,"Chicken, cornish game hens, meat and skin, raw",39,Bone
171107,05308,"Chicken, cornish game hens, meat and skin, cooked, roasted",37,Bone
171108,05309,"Chicken, cornish game hens, meat only, raw",57,"39% bone, 13% skin, 5% separable fat"
171109,05310,"Chicken, cornish game hens, meat only, cooked, roasted",46,"37% bone, 9% skin"
171110,05311,"Chicken, canned, no broth",0,
171111,05312,"Chicken, wing, frozen, glazed, barbecue flavored",33,"Drumette: Bone 24.92%, Cartilage 9.79%, Total refuse: 34.71%;  Second wing section: Bone 22.09%, Cartilage 8.51%, Total refuse: 30.65%"
171508,05313,"Chicken, wing, frozen, glazed, barbecue flavored, heated (microwave)",33,"Drumette: Bone 24.92%, Cartilage 9.79%, Total refuse: 34.71%; Second wing section: Bone 22.09%, Cartilage 8.51%, Total refuse: 30.65%"
171509,05314,"Chicken, broilers or fryers, breast, skinless, boneless, meat only, with added solution, raw",0,
171510,05315,"Duck, young duckling, domesticated, White Pekin, breast, meat and skin, boneless, cooked, roasted",0,
171511,05316,"Duck, young duckling, domesticated, White Pekin, breast, meat only, boneless, cooked without skin, broiled",0,
171112,05317,"Duck, young duckling, domesticated, White Pekin, leg, meat and skin, bone in, cooked, roasted",31,Bone
171113,05318,"Duck, young duckling, domesticated, White Pekin, leg, meat only, bone in, cooked without skin, braised",34,Bone
171114,05319,"Chicken, broiler, rotisserie, BBQ, drumstick, meat only",41,"Bone and connective tissue 29%, skin and separable fat 12%"
171115,05320,"Chicken, wing, frozen, glazed, barbecue flavored, heated (conventional oven)",33,"Drumette: Bone 24.92%, Cartilage 9.79%, Total refuse: 34.71%; Second wing section: Bone 22.09%, Cartilage 8.51%, Total refuse: 30.65%"
171512,05323,"Chicken patty, frozen, uncooked",0,
171513,05324,"Chicken patty, frozen, cooked",0,
171514,05326,"Chicken breast tenders, breaded, cooked, microwaved",0,
171515,05327,"Chicken breast tenders, breaded, uncooked",0,
171116,05332,"Chicken, ground, raw",0,
171117,05333,"Chicken, ground, crumbles, cooked, pan-browned",0,
171118,05334,"Chicken, broiler, rotisserie, BBQ, thigh, meat only",29,"Bone and connective tissue 14%, skin and separable fat 15%"
171119,05335,"Chicken, feet, boiled",0,
171516,05339,"Chicken, broiler, rotisserie, BBQ, wing, meat only",57,"Bone and connective tissue 32%, skin and separable fat 25%"
171517,05341,"Chicken, broilers or fryers, rotisserie, original seasoning, back, meat only, cooked",56,"40.14% bone and cartilage, 16.08% skin and separable fat"
171518,05342,"Chicken, broilers or fryers, rotisserie, original seasoning, breast, meat only, cooked",36,"Bone and Connective tissue 26%, skin 10%"
171519,05343,"Chicken, broilers or fryers, drumstick, rotisserie, original seasoning, meat only, cooked",41,"29.34% bone and cartilage, 11.75% skin and separable fat"
171520,05344,"Chicken, broilers or fryers, rotisserie, original seasoning, skin only, cooked",0,
171120,05345,"Chicken, broilers or fryers, rotisserie, original seasoning, thigh, meat only, cooked",29,"14.24% bone and cartilage, 14.88% skin and separable fat"
171121,05346,"Chicken, broilers or fryers, rotisserie, original seasoning, wing, meat only, cooked",57,"32.51% bone and cartilage, 24.10% skin and separable fat"
171122,05347,"Chicken, broilers or fryers, rotisserie, original seasoning, back, meat and skin, cooked",0,
171123,05348,"Chicken, broilers or fryers, rotisserie, original seasoning, breast, meat and skin, cooked",0,
171521,05349,"Chicken, broilers or fryers,  rotisserie, original seasoning, drumstick, meat and skin, cooked",0,
171522,05351,"Chicken, broilers or fryers, rotisserie, original seasoning, thigh, meat and skin, cooked",0,
171523,05352,"Chicken, broilers or fryers, rotisserie, original seasoning, wing, meat and skin, cooked",0,
171524,05356,"Chicken, broiler, rotisserie, BBQ, skin",0,
171124,05357,"Chicken, broiler, rotisserie, BBQ, back, meat and skin",37,Bone and connective tissue 37%
171125,05358,"Chicken, broiler, rotisserie, BBQ, breast, meat and skin",11,Bone and connective tissue 11%
171126,05359,"Chicken, broiler, rotisserie, BBQ, drumstick, meat and skin",29,Bone and connective tissue 29%
171127,05361,"Chicken, broiler, rotisserie, BBQ, thigh, meat and skin",14,Bone and connective tissue 14%
172830,05362,"Chicken, broiler, rotisserie, BBQ, wing, meat and skin",32,Bone and connective tissue 32%
172831,05363,"Ruffed Grouse, breast meat, skinless, raw",0,
172832,05621,"Emu, ground, raw",0,
172833,05622,"Emu, ground, cooked, pan-broiled",0,
174476,05623,"Emu, fan fillet, raw",0,
174477,05624,"Emu, fan fillet, cooked, broiled",0,
174478,05625,"Emu, flat fillet, raw",0,
174479,05626,"Emu, full rump, raw",0,
172834,05627,"Emu, full rump, cooked, broiled",0,
172835,05628,"Emu, inside drum, raw",0,
172836,05629,"Emu, inside drums, cooked, broiled",0,
172837,05630,"Emu, outside drum, raw",0,
172838,05631,"Emu, oyster, raw",0,
174480,05632,"Emu, top loin, cooked, broiled",0,
174481,05641,"Ostrich, ground, raw",0,
174482,05642,"Ostrich, ground, cooked, pan-broiled",0,
174483,05643,"Ostrich, fan, raw",0,
172839,05644,"Ostrich, inside leg, raw",0,
172840,05645,"Ostrich, inside leg, cooked",0,
172841,05646,"Ostrich, inside strip, raw",0,
172842,05647,"Ostrich, inside strip, cooked",0,
174484,05648,"Ostrich, outside leg, raw",0,
174485,05649,"Ostrich, outside strip, raw",0,
174486,05650,"Ostrich, outside strip, cooked",0,
174487,05651,"Ostrich, oyster, raw",0,
172843,05652,"Ostrich, oyster, cooked",0,
172844,05653,"Ostrich, round, raw",0,
172845,05654,"Ostrich, tenderloin, raw",0,
172846,05655,"Ostrich, tip trimmed, raw",0,
174488,05656,"Ostrich, tip trimmed, cooked",0,
174489,05657,"Ostrich, top loin, raw",0,
174490,05658,"Ostrich, top loin, cooked",0,
174491,05661,"Chicken, liver, all classes, cooked, pan-fried",0,
172847,05662,"Turkey, ground, fat free, raw",0,
172848,05663,"Turkey, ground, fat free, pan-broiled crumbles",0,
172849,05664,"Turkey, ground, fat free, patties, broiled",0,
172850,05665,"Turkey, ground, 93% lean, 7% fat, raw",0,
172851,05666,"Turkey, ground, 93% lean, 7% fat, pan-broiled crumbles",0,
174492,05667,"Turkey, ground, 93% lean, 7% fat, patties, broiled",0,
174493,05668,"Turkey, ground, 85% lean, 15% fat, raw",0,
174494,05669,"Turkey, ground, 85% lean, 15% fat, pan-broiled crumbles",0,
174495,05670,"Turkey, ground, 85% lean, 15% fat, patties, broiled",0,
172852,05671,"Chicken, broilers or fryers, dark meat, drumstick, meat only, cooked, braised",41,"Bone and cartilage 32%, Separable fat and skin 9%"
172853,05672,"Chicken, broilers or fryers, dark meat, thigh, meat only, cooked, braised",32,"Bone and cartilage 16%, Skin and separable fat 16%"
172854,05673,"Chicken, skin (drumsticks and thighs), cooked, braised",0,
172855,05674,"Chicken, skin (drumsticks and thighs), raw",0,
174496,05675,"Chicken, skin (drumsticks and thighs), cooked, roasted",0,
174497,05676,"Chicken, broilers or fryers, dark meat, drumstick, meat and skin, cooked, braised",32,Bone and cartilage 32%
174498,05677,"Chicken, broilers or fryers, dark meat, thigh, meat and skin, cooked, braised",16,Bone and cartilage 16%
174499,05678,"Chicken, dark meat, drumstick, meat only, with added solution, raw",43,"Bone and Cartilage 34%, Skin and separable fat 9%"
172856,05679,"Chicken, dark meat, drumstick, meat only, with added solution, cooked, roasted",74,"Bone and Cartilage 27%, Skin and separable fat 8%"
172857,05680,"Chicken, dark meat, drumstick, meat only, with added solution, cooked, braised",39,"Bone and cartilage 30%, Skin and separable fat 9%"
172858,05681,"Chicken, dark meat, thigh, meat only, with added solution, cooked, braised",33,"Bone and cartilage 15%, Skin and separable fat 18%"
172859,05682,"Chicken, dark meat, thigh, meat only, with added solution, raw",56,"Bone and cartilage 32%, skin and separable fat 24%"
174500,05683,"Chicken, dark meat, thigh, meat only, with added solution, cooked, roasted",31,"Bone and connective tissue 16%, Skin and separable fat 15%"
174501,05684,"Chicken, skin (drumsticks and thighs), with added solution, cooked, braised",0,
174502,05685,"Chicken, skin (drumsticks and thighs), with added solution, raw",0,
174503,05686,"Chicken, skin (drumsticks and thighs), with added solution, cooked, roasted",0,
174504,05687,"Chicken, dark meat, drumstick, meat and skin, with added solution, cooked, braised",30,Bone and Cartilage 30%
172860,05688,"Chicken, dark meat, drumstick, meat and skin, with added solution, raw",68,"Bone and cartilage 34%, bone and connective tissue 34%"
172861,05689,"Chicken, dark meat, drumstick, meat and skin, with added solution, cooked, roasted",66,"Bone and Cartilage 40%, bone and connective tissue 26%"
172862,05690,"Chicken, dark meat, thigh, meat and skin, with added solution, cooked, braised",15,Bone and cartilage 15%
172863,05691,"Chicken, dark meat, thigh, meat and skin, with added solution, raw",32,"Bone and cartilage 15%, bone and connective tissue 17%"
174505,05692,"Chicken, dark meat, thigh, meat and skin, with added solution, cooked, roasted",33,"Bone and cartilage 17%, bone and connective tissue 16%"
174506,05693,"Chicken, broiler, rotisserie, BBQ, back meat only",51,"Bone and connective tissue 37%, skin and separable fat 14%"
174507,05694,"Turkey, dark meat from whole, meat only, with added solution, raw",47,"Bone and connective tissue 34%, Skin and separable fat 13%"
174508,05695,"Turkey, dark meat, meat only, with added solution, cooked, roasted",45,"Bone and connective tissue 36%, Skin and separable fat 9%"
172864,05696,"Turkey from whole, light meat, meat only, with added solution, raw",31,"Bone and connective tissue 18%, Skin and separable fat 13%"
172865,05697,"Turkey from whole, light meat, meat only, with added solution, cooked, roasted",25,"Bone and connective tissue 18%, Skin and separable fat 7%"
172866,05698,"Turkey, skin from whole (light and dark), with added solution, raw",0,
172867,05699,"Turkey, skin from whole, (light and dark), with added solution, roasted",0,
174509,05700,"Turkey, dark meat from whole, meat and skin, with added solution, raw",34,Bone and connective tissue 34%
174510,05701,"Turkey, dark meat from whole, meat and skin, with added solution, cooked, roasted",37,Bone and Connective tissue 37%
174511,05702,"Turkey from whole, light meat, meat and skin, with added solution, raw",18,Bone and connective tissue 18%
174512,05703,"Turkey from whole, light meat, meat and skin, with added solution, cooked, roasted",18,Bone and connective tissue 18%
172868,05704,"Turkey, whole, meat only, with added solution, raw",47,"Bone and connective tissue 34%, Skin and separable fat 13%"
172869,05705,"Turkey, whole, meat only, with added solution, roasted",45,"Bone and connective tissue 36%, Skin and separable fat 9%"
172870,05706,"Turkey, whole, meat and skin, with added solution, raw",34,Bone and connective tissue 34%
172871,05707,"Turkey, whole, meat and skin, with added solution, roasted",36,Bone and connective tissue 36%
174513,05708,"Turkey, retail parts, breast, meat only, with added solution, raw",25,"Bone and connective tissue 15%, Skin and separable fat 10%"
174514,05709,"Turkey, retail parts, breast, meat only, with added solution, cooked, roasted",24,"Bone and connective tissue 17%, Skin and separable fat 7%"
174515,05710,"Turkey, retail parts, breast, meat only, raw",25,"Bone and connective tissue 14%, Skin and separable fat 11%"
174516,05711,"Turkey, retail parts, breast, meat only, cooked, roasted",20,"Bone and connective tissue 12%, Skin and separable fat 8%"
174517,05712,"Turkey, retail parts, wing, meat only, raw",55,"Bone and connective tissue 37%, Skin and separable fat 18%"
172872,05713,"Turkey, retail parts, wing, meat only, cooked, roasted",52,"Bone and connective tissue 38%, Skin and separable fat 14%"
172873,05714,"Turkey, skin, from retail parts, from dark meat, raw",0,
172874,05715,"Turkey, skin, from retail parts, from dark meat, cooked, roasted",0,
172875,05716,"Turkey, retail parts, drumstick, meat only, raw",39,"Bone and connective tissue 33%, Skin and separable fat 6%"
174518,05717,"Turkey, retail parts, thigh, meat only, raw",32,"Bone and connective tissue 19%, Skin and separable fat 13%"
174519,05718,"Turkey, breast, from whole bird, meat only, with added solution, roasted",16,"Bone and connective tissue 10%, skin and separable fat  6%"
174520,05719,"Turkey, back, from whole bird, meat only, with added solution, raw",63,"Bone and connective tissue 47%, Skin and separable fat 16%"
174521,05720,"Turkey, back, from whole bird, meat only, with added solution, roasted",61,"Bone and connective tissue 49%, skin and separable fat 12%"
172876,05721,"Turkey, breast, from whole bird, meat only, with added solution, raw",22,"Bone and connective tissue 10%, Skin and separable fat 11%"
172877,05722,"Turkey, retail parts, thigh, meat only, cooked, roasted",23,"Bone and connective tissue 14%, Skin and separable fat 9%"
172878,05723,"Turkey, retail parts, drumstick, meat only, cooked, roasted",36,"Bone and connective tissue 29%, Skin and separable fat 7%"
171525,05724,"Turkey, drumstick, from whole bird, meat only, with added solution, raw",38,"Bone and connective tissue 30%, Skin and separable fat 8%"
171128,05725,"Turkey, drumstick, from whole bird, meat only, with added solution, roasted",40,"Bone and connective tissue 34%, Skin and separable fat 6%"
171129,05726,"Turkey, thigh, from whole bird, meat only, with added solution, raw",30,"Bone and connective tissue 16%, Skin and separable fat 14%"
171130,05727,"Turkey, retail parts, breast, meat and skin, with added solution, raw",15,Bone and connective tissue 15%
171131,05728,"Turkey, thigh, from whole bird, meat only, with added solution, roasted",24,"Bone and connective tissue 16%, skin and separable fat 8%"
171526,05729,"Turkey, wing, from whole bird, meat only, with added solution, raw",55,"Bone and connective tissue 36%, skin and separable fat 19%"
171527,05730,"Turkey, wing, from whole bird, meat only, with added solution, roasted",59,"Bone and connective tissue 47%, skin and separable fat 12%"
171528,05732,"Turkey, retail parts, breast, meat and skin, raw",14,Bone and connective tissue 14%
171529,05733,"Turkey, retail parts, breast, meat and skin, cooked, roasted",12,Bone and connective tissue 12%
171132,05734,"Turkey, retail parts, wing, meat and skin, raw",38,Bone and connective tissue 38%
171133,05735,"Turkey, retail parts, wing, meat and skin, cooked, roasted",38,Bone and connective tissue 38%
171134,05736,"Turkey, retail parts, drumstick, meat and skin, raw",33,Bone and connective tissue 33%
171135,05737,"Turkey, retail parts, drumstick, meat and skin, cooked, roasted",29,Bone and connective tissue 29%
171136,05738,"Turkey, drumstick, from whole bird, meat only, raw",44,"Bone and connective tissue 38%, Skin and separable fat 6%"
171530,05739,"Turkey, drumstick, from whole bird, meat only, roasted",42,"Bone and connective tissue 37%, Skin and separable fat 5%"
171531,05740,"Turkey, thigh, from whole bird, meat only, raw",30,"Bone and connective tissue 20%, Skin and separable fat 10%"
171532,05741,"Turkey, thigh, from whole bird, meat only, roasted",43,"Bone and connective tissue 36%, Skin and separable fat 7%"
171533,05742,"Turkey, retail parts, thigh, meat and skin, raw",19,Bone and connective tissue 19%
171137,05743,"Turkey, retail parts, thigh, meat and skin, cooked, roasted",14,Bone and connective tissue 14%
171138,05744,"Turkey, back, from whole bird, meat and skin, with added solution, raw",47,Bone and connective tissue 47%
171139,05745,"Turkey, back, from whole bird, meat and skin, with added solution, roasted",49,Bone and connective tissue 49%
171140,05746,"Chicken, broiler or fryers, breast, skinless, boneless, meat only, cooked, braised",0,
171534,05747,"Chicken, broiler or fryers, breast, skinless, boneless, meat only, cooked, grilled",0,
171535,05748,"Chicken, broiler or fryers, breast, skinless, boneless, meat only, with added solution, cooked, braised",0,
171536,05749,"Chicken, broiler or fryers, breast, skinless, boneless, meat only, with added solution, cooked, grilled",0,
171537,06001,"Soup, cream of asparagus, canned, condensed",0,
171141,06002,"Soup, black bean, canned, condensed",0,
171142,06004,"Soup, bean with pork, canned, condensed",0,
171143,06006,"Soup, bean with frankfurters, canned, condensed",0,
171144,06007,"Soup, bean with ham, canned, chunky, ready-to-serve",0,
171538,06008,"Soup, beef broth or bouillon canned, ready-to-serve",0,
171539,06009,"Soup, beef noodle, canned, condensed",0,
171540,06010,"Soup, cream of celery, canned, condensed",0,
171541,06011,"Soup, cheese, canned, condensed",0,
171542,06013,"Soup, chicken broth, canned, condensed",0,
171145,06015,"Soup, chicken, canned, chunky, ready-to-serve",0,
171146,06016,"Soup, cream of chicken, canned, condensed",0,
171147,06017,"Soup, chicken gumbo, canned, condensed",0,
171148,06018,"Soup, chunky chicken noodle, canned, ready-to-serve",0,
171543,06019,"Soup, chicken noodle, canned, condensed",0,
171544,06022,"Soup, chicken rice, canned, chunky, ready-to-serve",0,
171545,06023,"Soup, chicken with rice, canned, condensed",0,
171546,06024,"Soup, chicken and vegetable, canned, ready-to-serve",0,
171149,06025,"Soup, chicken vegetable, canned, condensed",0,
171150,06026,"Soup, chili beef, canned, condensed",0,
171151,06027,"Soup, clam chowder, manhattan style, canned, chunky, ready-to-serve",0,
171152,06028,"Soup, clam chowder, manhattan, canned, condensed",0,
171547,06030,"Soup, clam chowder, new england, canned, condensed",0,
171548,06032,"Soup, beef broth bouillon and consomme, canned, condensed",0,
171549,06037,"Soup, lentil with ham, canned, ready-to-serve",0,
171550,06039,"Soup, minestrone, canned, chunky, ready-to-serve",0,
171153,06040,"Soup, minestrone, canned, condensed",0,
171154,06042,"Soup, mushroom barley, canned, condensed",0,
171155,06043,"Soup, cream of mushroom, canned, condensed",0,
171156,06044,"Soup, mushroom with beef stock, canned, condensed",0,
171551,06045,"Soup, onion, canned, condensed",0,
171552,06046,"Soup, cream of onion, canned, condensed",0,
171553,06048,"Soup, oyster stew, canned, condensed",0,
171554,06049,"Soup, pea, green, canned, condensed",0,
171555,06050,"Soup, pea, split with ham, canned, chunky, ready-to-serve",0,
171157,06051,"Soup, pea, split with ham, canned, condensed",0,
171158,06053,"Soup, cream of potato, canned, condensed",0,
171159,06056,"Soup, cream of shrimp, canned, condensed",0,
171160,06061,"Soup, tomato beef with noodle, canned, condensed",0,
171556,06062,"CAMPBELL'S, Chicken Noodle Soup, condensed",0,
171557,06063,"Soup, tomato rice, canned, condensed",0,
171558,06064,"Soup, turkey, chunky, canned, ready-to-serve",0,
171559,06067,"Soup, chunky vegetable, canned, ready-to-serve",0,
171161,06068,"Soup, vegetarian vegetable, canned, condensed",0,
171162,06070,"Soup, chunky beef, canned, ready-to-serve",0,
171163,06071,"Soup, vegetable beef, canned, condensed",0,
171164,06072,"Soup, vegetable with beef broth, canned, condensed",0,
171560,06075,"Soup, beef broth or bouillon, powder, dry",0,
171561,06076,"Soup, beef broth, cubed, dry",0,
171562,06080,"Soup, chicken broth or bouillon, dry",0,
171563,06081,"Soup, chicken broth cubes, dry",0,
171165,06094,"Soup, onion, dry, mix",0,
171166,06101,"Soup, cream of vegetable, dry, powder",0,
171167,06112,"Sauce, teriyaki, ready-to-serve",0,
171168,06114,"Gravy, au jus, canned",0,
171169,06115,"Gravy, au jus, dry",0,
171564,06116,"Gravy, beef, canned, ready-to-serve",0,
171565,06118,"Gravy, brown, dry",0,
171566,06119,"Gravy, chicken, canned or bottled, ready-to-serve",0,
171567,06120,"Gravy, chicken, dry",0,
171170,06121,"Gravy, mushroom, canned",0,
171171,06122,"Gravy, mushroom, dry, powder",0,
171172,06123,"Gravy, onion, dry, mix",0,
171173,06124,"Gravy, pork, dry, powder",0,
171568,06125,"Gravy, turkey, canned, ready-to-serve",0,
171569,06126,"Gravy, turkey, dry",0,
171570,06127,"Gravy, unspecified type, dry",0,
171571,06128,"Soup, chicken noodle, dry, mix",0,
171174,06142,"Sauce, sofrito, prepared from recipe",0,
171175,06147,"Soup, beef mushroom, canned, condensed",0,
174522,06149,"Soup, chicken mushroom, canned, condensed",0,
174523,06150,"Sauce, barbecue",0,
172879,06151,"Sauce, plum, ready-to-serve",0,
172880,06152,"Sauce, pizza, canned, ready-to-serve",0,
172881,06158,"Soup, tomato bisque, canned, condensed",0,
172882,06159,"Soup, tomato, canned, condensed",0,
174524,06164,"Sauce, salsa, ready-to-serve",0,
174525,06166,"Sauce, homemade, white, medium",0,
174526,06167,"Sauce, homemade, white, thick",0,
174527,06168,"Sauce, ready-to-serve, pepper or hot",0,
174528,06169,"Sauce, ready-to-serve, pepper, TABASCO",0,
172883,06170,"Soup, stock, beef, home-prepared",0,
172884,06172,"Soup, stock, chicken, home-prepared",0,
172885,06174,"Soup, stock, fish, home-prepared",0,
172886,06175,"Sauce, hoisin, ready-to-serve",0,
174529,06176,"Sauce, oyster, ready-to-serve",0,
174530,06177,"Soup, minestrone, canned, reduced sodium, ready-to-serve",0,
174531,06179,"Sauce, fish, ready-to-serve",0,
174532,06180,"Soup, shark fin, restaurant-prepared",0,
172887,06182,"Soup, cream of mushroom, canned, condensed, reduced sodium",0,
172888,06183,"Soup, chicken broth, less/reduced sodium, ready to serve",0,
172889,06188,"Soup, beef broth, less/reduced sodium, ready to serve",0,
172890,06189,"Sauce, teriyaki, ready-to-serve, reduced sodium",0,
174533,06190,"Soup, bean & ham, canned, reduced sodium, prepared with water or ready-to-serve",0,
174534,06192,"Split pea soup, canned, reduced sodium, prepared with water or ready-to serve",0,
174535,06193,"Split pea with ham soup, canned, reduced sodium, prepared with water or ready-to-serve",0,
174536,06194,"Soup, chicken broth, ready-to-serve",0,
172891,06201,"Soup, cream of asparagus, canned, prepared with equal volume milk",0,
172892,06208,"Soup, chicken vegetable with potato and cheese, chunky, ready-to-serve",0,
172893,06210,"Soup, cream of celery, canned, prepared with equal volume milk",0,
172894,06211,"Soup, cheese, canned, prepared with equal volume milk",0,
174537,06216,"Soup, cream of chicken, canned, prepared with equal volume milk",0,
174538,06217,"Soup, vegetable, canned, low sodium, condensed",0,
174539,06230,"Soup, clam chowder, new england, canned, prepared with equal volume low fat (2%) milk",0,
174540,06243,"Soup, cream of mushroom, canned, prepared with equal volume low fat (2%) milk",0,
174541,06246,"Soup, cream of onion, canned, prepared with equal volume milk",0,
172895,06248,"Soup, oyster stew, canned, prepared with equal volume milk",0,
172896,06249,"Soup, pea, green, canned, prepared with equal volume milk",0,
172897,06253,"Soup, cream of potato, canned, prepared with equal volume milk",0,
172898,06256,"Soup, cream of shrimp, canned, prepared with equal volume low fat (2%) milk",0,
174542,06264,"Sauce, white, thin, prepared-from-recipe, with butter",0,
174543,06285,"Sauce, sweet and sour, prepared-from-recipe",0,
174544,06307,"Sauce, barbecue, KRAFT, original",0,
174545,06314,"Soup, HEALTHY CHOICE Chicken Noodle Soup, canned",0,
172899,06315,"Soup, HEALTHY CHOICE Chicken and Rice Soup, canned",0,
172900,06316,"Soup, HEALTHY CHOICE Garden Vegetable Soup, canned",0,
172901,06338,"CAMPBELL'S, Cream of Mushroom Soup, condensed",0,
172902,06358,"Soup, tomato bisque, canned, prepared with equal volume milk",0,
174546,06359,"Soup, tomato, canned, prepared with equal volume low fat (2%) milk",0,
174547,06377,"CAMPBELL'S, Tomato Soup, condensed",0,
174548,06395,"CAMPBELL'S CHUNKY, Classic Chicken Noodle Soup",0,
174549,06401,"Soup, cream of asparagus, canned, prepared with equal volume water",0,
172903,06402,"Soup, black bean, canned, prepared with equal volume water",0,
172904,06404,"Soup, bean with pork, canned, prepared with equal volume water",0,
172905,06406,"Soup, bean with frankfurters, canned, prepared with equal volume water",0,
172906,06409,"Soup, beef noodle, canned, prepared with equal volume water",0,
172907,06410,"Soup, cream of celery, canned, prepared with equal volume water",0,
174550,06411,"Soup, cheese, canned, prepared with equal volume water",0,
174551,06413,"Soup, chicken broth, canned, prepared with equal volume water",0,
174552,06415,"CAMPBELL'S CHUNKY, Hearty Beef Barley Soup",0,
174553,06416,"Soup, cream of chicken, canned, prepared with equal volume water",0,
172908,06417,"Soup, chicken gumbo, canned, prepared with equal volume water",0,
172909,06419,"Soup, chicken noodle, canned, prepared with equal volume water",0,
172910,06423,"Soup, chicken with rice, canned, prepared with equal volume water",0,
172911,06426,"Soup, chili beef, canned, prepared with equal volume water",0,
174554,06428,"Soup, clam chowder, manhattan, canned, prepared with equal volume water",0,
174555,06430,"Soup, clam chowder, new england, canned, prepared with equal volume water",0,
174556,06431,"CAMPBELL'S CHUNKY, New England Clam Chowder",0,
174557,06432,"Soup, beef broth, bouillon, consomme, prepared with equal volume water",0,
172912,06434,"CAMPBELL'S CHUNKY, Old Fashioned Vegetable Beef Soup",0,
172913,06440,"Soup, minestrone, canned, prepared with equal volume water",0,
172914,06442,"Soup, mushroom barley, canned, prepared with equal volume water",0,
172915,06443,"Soup, cream of mushroom, canned, prepared with equal volume water",0,
174558,06444,"Soup, mushroom with beef stock, canned, prepared with equal volume water",0,
174559,06446,"Soup, cream of onion, canned, prepared with equal volume water",0,
174560,06448,"Soup, oyster stew, canned, prepared with equal volume water",0,
174561,06449,"Soup, pea, green, canned, prepared with equal volume water",0,
172916,06451,"Soup, pea, split with ham, canned, prepared with equal volume water",0,
172917,06453,"Soup, cream of potato, canned, prepared with equal volume water",0,
172918,06456,"Soup, cream of shrimp, canned, prepared with equal volume water",0,
172919,06461,"Soup, tomato beef with noodle, canned, prepared with equal volume water",0,
172920,06463,"Soup, tomato rice, canned, prepared with equal volume water",0,
174562,06465,"Soup, turkey noodle, canned, prepared with equal volume water",0,
174563,06466,"Soup, turkey vegetable, canned, prepared with equal volume water",0,
174564,06468,"Soup, vegetarian vegetable, canned, prepared with equal volume water",0,
174565,06471,"Soup, vegetable beef, canned, prepared with equal volume water",0,
172921,06472,"Soup, vegetable with beef broth, canned, prepared with equal volume water",0,
172922,06475,"Soup, beef broth or bouillon, powder, prepared with water",0,
172923,06476,"Soup, beef broth, cubed, prepared with water",0,
172924,06480,"Soup, chicken broth or bouillon, dry, prepared with water",0,
174566,06481,"Soup, chicken broth cubes, dry, prepared with water",0,
174567,06483,"Soup, cream of chicken, dry, mix, prepared with water",0,
174568,06494,"Soup, onion, dry, mix, prepared with water",0,
174569,06498,"Soup, tomato, dry, mix, prepared with water",0,
172925,06528,"Soup, chicken noodle, dry, mix, prepared with water",0,
171572,06547,"Soup, beef mushroom, canned, prepared with equal volume water",0,
171573,06549,"Soup, chicken mushroom, canned, prepared with equal volume water",0,
171574,06558,"Soup, tomato bisque, canned, prepared with equal volume water",0,
171176,06559,"Soup, tomato, canned, prepared with equal volume water, commercial",0,
171177,06583,"Soup, ramen noodle, any flavor, dry",0,
171178,06584,"Soup, broccoli cheese, canned, condensed, commercial",0,
171179,06611,"Soup, SWANSON, beef broth, lower sodium",0,
171180,06615,"Soup, SWANSON, vegetable broth",0,
171575,06618,"Sauce, peanut, made from coconut, water, sugar, peanuts",0,
171576,06619,"SMART SOUP, Santa Fe Corn Chowder",0,
171577,06620,"SMART SOUP, French Lentil",0,
171578,06621,"SMART SOUP, Greek Minestrone",0,
171181,06622,"SMART SOUP, Indian Bean Masala",0,
171182,06623,"SMART SOUP, Moroccan Chick Pea",0,
171183,06624,"SMART SOUP, Thai Coconut Curry",0,
171184,06625,"SMART SOUP, Vietnamese Carrot Lemongrass",0,
171579,06626,"Sauce, pesto, ready-to-serve, refrigerated",0,
171580,06627,"Sauce, pesto, ready-to-serve, shelf stable",0,
171581,06628,"Sauce, pesto, BUITONI, pesto with basil, ready-to-serve, refrigerated",0,
171582,06629,"Sauce, pesto, CLASSICO, basil pesto, ready-to-serve",0,
171185,06630,"Sauce, pesto, MEZZETTA, NAPA VALLEY BISTRO, basil pesto, ready-to-serve",0,
171186,06631,"Sauce, hot chile, sriracha",0,
171187,06632,"Sauce, hot chile, sriracha, CHA! BY TEXAS PETE",0,
171188,06633,"Sauce, hot chile, sriracha, TUONG OT SRIRACHA",0,
171583,06700,"Soup, vegetable broth, ready to serve",0,
171584,06720,"Sauce, cheese sauce mix, dry",0,
171585,06725,"Soup, chicken corn chowder, chunky, ready-to-serve, single brand",0,
171586,06731,"Soup, bean with bacon, condensed, single brand",0,
171189,06742,"Soup, vegetable beef, microwavable, ready-to-serve, single brand",0,
171190,06749,"Soup, beef and vegetables, canned, ready-to-serve",0,
171191,06930,"Sauce, cheese, ready-to-serve",0,
171192,06931,"Sauce, pasta, spaghetti/marinara, ready-to-serve",0,
171602,06955,"Soup, cream of chicken, canned, condensed, reduced sodium",0,
171587,06956,"Soup, tomato, canned, condensed, reduced sodium",0,
171588,06957,"Gravy, brown instant, dry",0,
171589,06958,"Gravy, instant beef, dry",0,
171590,06959,"Gravy, instant turkey, dry",0,
171603,06960,"Sauce, alfredo mix, dry",0,
171604,06961,"Sauce, peppers, hot, chili, mature red, canned",0,
171605,06962,"Sauce, chili, peppers, hot, immature green, canned",0,
171606,06963,Fish broth,0,
171591,06964,"Soup, tomato, low sodium, with water",0,
171592,06965,"Soup, pea, low sodium, prepared with equal volume water",0,
171593,06966,"Soup, chicken noodle, low sodium, canned, prepared with equal volume water",0,
171594,06967,"Soup, vegetable soup, condensed, low sodium, prepared with equal volume water",0,
171607,06968,"Soup, cream of mushroom, low sodium, ready-to-serve, canned",0,
171608,06969,"Potato soup, instant, dry mix",0,
171609,06970,"Soup, chicken broth, low sodium, canned",0,
171610,06971,"Sauce, worcestershire",0,
171595,06972,"Sauce, tomato chili sauce, bottled, with salt",0,
171596,06974,"Soup, vegetable chicken, canned, prepared with water, low sodium",0,
171597,06976,"Sauce, pasta, spaghetti/marinara, ready-to-serve, low sodium",0,
171598,06977,"Gravy, meat or poultry, low sodium, prepared",0,
171611,06978,"Soup, beef and mushroom, low sodium, chunk style",0,
171612,06980,"Soup, beef stroganoff, canned, chunky style, ready-to-serve",0,
171613,06981,"Soup, bouillon cubes and granules, low sodium, dry",0,
171614,06982,"Soup, ramen noodle, beef flavor, dry",0,
171615,06983,"Soup, ramen noodle, chicken flavor, dry",0,
171599,06985,"Gravy, HEINZ Home Style, savory beef",0,
171600,06999,"Gravy, CAMPBELL'S, chicken",0,
171601,07001,"Barbecue loaf, pork, beef",0,
172011,07002,"Beerwurst, beer salami, pork and beef",0,
171616,07003,"Beerwurst, beer salami, pork",0,
171617,07004,"Sausage, Berliner, pork, beef",0,
171618,07005,Blood sausage,0,
171619,07006,"Bockwurst, pork, veal, raw",0,
172012,07007,"Bologna, beef",0,
172013,07008,"Bologna, beef and pork",0,
173856,07010,"Bologna, pork",0,
173857,07011,"Bologna, turkey",0,
171620,07013,"Bratwurst, pork, cooked",0,
171621,07014,"Braunschweiger (a liver sausage), pork",0,
171622,07015,"Bratwurst, pork, beef, link",0,
171623,07016,"Cheesefurter, cheese smokie, pork, beef",0,
173858,07018,Chicken spread,0,
173859,07019,"Sausage, pork, chorizo, link or ground, raw",0,
173860,07020,"Corned beef loaf, jellied",0,
173861,07021,"Dutch brand loaf, chicken, pork and beef",0,
173862,07022,"Frankfurter, beef, unheated",0,
171624,07024,"Frankfurter, chicken",0,
171625,07025,"Frankfurter, turkey",0,
171626,07026,"Ham, chopped, canned",0,
171627,07027,"Ham, chopped, not canned",0,
173863,07028,"Ham, sliced, pre-packaged, deli meat (96%fat free, water added)",0,
173864,07029,"Ham, sliced, regular (approximately 11% fat)",0,
173865,07030,"Ham, minced",0,
173866,07031,Ham salad spread,0,
171628,07032,Ham and cheese loaf or roll,0,
171629,07033,Ham and cheese spread,0,
171630,07034,"Headcheese, pork",0,
171631,07036,"Sausage, Italian, pork, mild, raw",0,
173867,07038,"Knackwurst, knockwurst, pork, beef",0,
173868,07039,"Lebanon bologna, beef",0,
173869,07040,"Liver cheese, pork",0,
173870,07041,"Liver sausage, liverwurst, pork",0,
174570,07043,"Roast beef, deli style, prepackaged, sliced",0,
174571,07045,"Luncheon meat, pork, canned",0,
174572,07046,"Turkey breast, low salt, prepackaged or deli, luncheon meat",0,
174573,07050,"Mortadella, beef, pork",0,
172926,07051,"Olive loaf, pork",0,
172927,07052,"Pastrami, turkey",0,
172928,07053,"Pate, chicken liver, canned",0,
172929,07054,"Pate, goose liver, smoked, canned",0,
172930,07055,"Pate, liver, not specified, canned",0,
174574,07056,"Peppered loaf, pork, beef",0,
174575,07057,"Pepperoni, beef and pork, sliced",0,
174576,07058,"Pickle and pimiento loaf, pork",0,
174577,07059,"Polish sausage, pork",0,
172931,07060,"Luxury loaf, pork",0,
172932,07061,"Mother's loaf, pork",0,
172933,07062,"Picnic loaf, pork, beef",0,
172934,07063,"Pork sausage, link/patty, unprepared",0,
174578,07064,"Pork sausage, link/patty, cooked, pan-fried",0,
174579,07065,"Sausage, pork and beef, fresh, cooked",0,
174580,07066,"Sausage, turkey, reduced fat, brown and serve, cooked",0,
174581,07067,Poultry salad sandwich spread,0,
172935,07068,"Salami, cooked, beef",0,
172936,07069,"Salami, cooked, beef and pork",0,
172937,07070,"Salami, cooked, turkey",0,
172938,07071,"Salami, dry or hard, pork",0,
174582,07072,"Salami, dry or hard, pork, beef",0,
174583,07073,"Sandwich spread, pork, beef",0,
174584,07074,"Sausage, smoked link sausage, pork",0,
174585,07075,"Sausage, smoked link sausage, pork and beef",0,
172939,07077,"Sausage, smoked link sausage, pork and beef (nonfat dry milk added)",0,
172940,07078,"Thuringer, cervelat, summer sausage, beef, pork",0,
172941,07081,"Turkey breast, sliced, prepackaged",0,
172942,07083,"Sausage, Vienna, canned, chicken, beef, pork",0,
172943,07088,"Honey roll sausage, beef",0,
174586,07089,"Sausage, Italian, pork, mild, cooked, pan-fried",0,
174587,07090,"Luncheon sausage, pork and beef",0,
174588,07091,"Sausage, New england brand, pork, beef",0,
174589,07201,"Oscar Mayer, Bologna (beef)",0,
172944,07207,"Oscar Mayer, Braunschweiger Liver Sausage (sliced)",0,
172945,07209,"Oscar Mayer, Chicken Breast (honey glazed)",0,
172946,07212,"Oscar Mayer, Ham (chopped with natural juice)",0,
172947,07230,"Oscar Mayer, Salami (hard)",0,
174590,07236,"Oscar Mayer, Smokies Sausage Little Cheese (pork, turkey)",0,
174591,07241,"Oscar Mayer, Wieners (beef franks)",0,
174592,07254,"Bacon, turkey, unprepared",0,
174593,07278,Hormel Pillow Pak Sliced Turkey Pepperoni,0,
172948,07900,"Sausage, turkey, pork, and beef, low fat, smoked",0,
172949,07905,"Frankfurter, beef, pork, and turkey, fat free",0,
172950,07906,"Luncheon meat, pork, ham, and chicken, minced, canned, reduced sodium, added ascorbic acid, includes SPAM, 25% less sodium",0,
172951,07908,"Luncheon meat, pork with ham, minced, canned, includes Spam (Hormel)",0,
174594,07909,"Luncheon meat, pork and chicken, minced, canned, includes Spam Lite",0,
174595,07910,"Bratwurst, veal, cooked",0,
174596,07911,Liverwurst spread,0,
174597,07912,Roast beef spread,0,
174598,07913,"Salami, pork, beef, less sodium",0,
172952,07914,"Sausage, Italian, sweet, links",0,
172953,07915,"Sausage, Polish, beef with chicken, hot",0,
172954,07916,"Sausage, Polish, pork and beef, smoked",0,
172955,07917,"Sausage, pork and beef, with cheddar cheese, smoked",0,
174599,07918,"Sausage, summer, pork and beef, sticks, with cheddar cheese",0,
174600,07919,"Sausage, turkey, breakfast links, mild, raw",0,
174601,07920,"Swisswurst, pork and beef, with swiss cheese, smoked",0,
174602,07921,Bacon and beef sticks,0,
172956,07922,"Bratwurst, beef and pork, smoked",0,
172957,07923,"Bratwurst, chicken, cooked",0,
172958,07924,"Bratwurst, pork, beef and turkey, lite, smoked",0,
172959,07925,"Pastrami, beef, 98% fat-free",0,
174603,07926,"Salami, Italian, pork",0,
174604,07927,"Sausage, Italian, turkey, smoked",0,
174605,07928,"Sausage, chicken, beef, pork, skinless, smoked",0,
174606,07929,"Sausage, turkey, hot, smoked",0,
172960,07930,"Yachtwurst, with pistachio nuts, cooked",0,
172961,07931,"Beerwurst, pork and beef",0,
172962,07932,"Chicken breast, fat-free, mesquite flavor, sliced",0,
172963,07933,"Chicken breast, oven-roasted, fat-free, sliced",0,
174607,07934,"Kielbasa, Polish, turkey and beef, smoked",0,
174608,07935,"Chicken breast, roll, oven-roasted",0,
174609,07936,"Bologna, pork and turkey, lite",0,
174610,07937,"Bologna, pork, turkey and beef",0,
174611,07938,"Ham, honey, smoked, cooked",0,
172964,07939,"Frankfurter, pork",0,
172965,07940,"Macaroni and cheese loaf, chicken, pork and beef",0,
172966,07941,"Salami, Italian, pork and beef, dry, sliced, 50% less sodium",0,
172967,07942,"Pate, truffle flavor",0,
174612,07943,"Turkey, breast, smoked, lemon pepper flavor, 97% fat-free",0,
174613,07944,"Turkey, white, rotisserie, deli cut",0,
174614,07945,"Frankfurter, beef, heated",0,
174615,07949,"Frankfurter, meat, heated",0,
172968,07950,"Frankfurter, meat",0,
172969,07951,"Scrapple, pork",0,
172970,07952,"Bologna, chicken, turkey, pork",0,
172971,07953,"Pork sausage, link/patty, fully cooked, microwaved",0,
174616,07954,"Sausage, breakfast sausage, beef, pre-cooked, unprepared",0,
174617,07955,"Sausage, turkey, fresh, raw",0,
174618,07956,"Sausage, beef, fresh, cooked",0,
171632,07957,"Sausage, pork and turkey, pre-cooked",0,
173871,07958,"Sausage, turkey, fresh, cooked",0,
173872,07959,"Bologna, chicken, pork, beef",0,
173873,07960,"Bologna, chicken, pork",0,
173874,07961,"Chicken breast, deli, rotisserie seasoned, sliced, prepackaged",0,
173875,07962,"Frankfurter, meat and poultry, unheated",0,
171633,07963,"Frankfurter, meat and poultry, cooked, boiled",0,
171634,07964,"Frankfurter, meat and poultry, cooked, grilled",0,
171635,07965,"Pork sausage, link/patty, reduced fat, unprepared",0,
171636,07966,"Pork sausage, link/patty, reduced fat, cooked, pan-fried",0,
173876,07967,"Pork sausage, link/patty, fully cooked, unheated",0,
173877,07968,"Kielbasa, fully cooked, grilled",0,
173878,07969,"Kielbasa, fully cooked, pan-fried",0,
173879,07970,"Kielbasa, fully cooked, unheated",0,
171637,07971,"Bologna, meat and poultry",0,
171638,07972,"Meatballs, frozen, Italian style",0,
171639,07973,"Bacon, turkey, microwaved",0,
171640,07974,"Bacon, turkey, low sodium",0,
173880,07976,"Sausage, chicken or turkey, Italian style,  lower sodium",0,
173881,07977,"Ham, smoked, extra lean, low sodium",0,
173882,07978,"Pork sausage, reduced sodium, cooked",0,
173883,07979,"Sausage, pork, turkey, and beef, reduced sodium",0,
171641,08002,"Cereals ready-to-eat, POST, ALPHA-BITS",0,
171642,08010,"Cereals ready-to-eat, QUAKER, CAP'N CRUNCH",0,
171643,08011,"Cereals ready-to-eat, QUAKER, CAP'N CRUNCH with CRUNCHBERRIES",0,
171644,08012,"Cereals ready-to-eat, QUAKER, CAP'N CRUNCH'S PEANUT BUTTER CRUNCH",0,
173884,08013,"Cereals ready-to-eat, GENERAL MILLS, CHEERIOS",0,
173885,08015,"Cereals ready-to-eat, POST, COCOA PEBBLES",0,
173886,08018,"Cereals ready-to-eat, QUAKER, QUAKER CRUNCHY BRAN",0,
173887,08025,"Cereals ready-to-eat, RALSTON CRISP RICE",0,
173888,08029,"Cereals ready-to-eat, POST Bran Flakes",0,
171645,08034,"Cereals ready-to-eat, POST, FRUITY PEBBLES",0,
171646,08037,"Cereals ready-to-eat, granola, homemade",0,
171647,08038,"Cereals ready-to-eat, POST, GRAPE-NUTS Cereal",0,
171648,08039,"Cereals ready-to-eat, POST, GRAPE-NUTS Flakes",0,
173889,08046,"Cereals ready-to-eat, POST, Honeycomb Cereal",0,
173890,08047,"Cereals ready-to-eat, QUAKER, KING VITAMAN",0,
173891,08049,"Cereals ready-to-eat, QUAKER, QUAKER OAT LIFE, plain",0,
173892,08054,"Cereals ready-to-eat, QUAKER, 100% Natural Granola, Oats, Wheat and Honey",0,
171649,08059,"Cereals ready-to-eat, QUAKER, SWEET CRUNCH/QUISP",0,
171650,08061,"Cereals ready-to-eat, POST Raisin Bran Cereal",0,
171651,08066,"Cereals ready-to-eat, QUAKER, QUAKER Puffed Rice",0,
171652,08073,"Cereals ready-to-eat, POST, GOLDEN CRISP",0,
173893,08074,"Cereals ready-to-eat, RALSTON TASTEEOS",0,
173894,08081,"Cereals ready-to-eat, POST, Honey Nut Shredded Wheat",0,
173895,08083,"Cereals ready-to-eat, MALT-O-MEAL, CORN BURSTS",0,
173896,08084,"Cereals ready-to-eat, wheat germ, toasted, plain",0,
171653,08085,"Cereals ready-to-eat, SUN COUNTRY, KRETSCHMER Honey Crunch Wheat Germ",0,
171654,08090,"Cereals, corn grits, white, regular and quick, enriched, dry",0,
171655,08091,"Cereals, corn grits, white, regular and quick, enriched, cooked with water, without salt",0,
171656,08092,"Cereals, QUAKER, corn grits, instant, plain, dry",0,
173897,08093,"Cereals, QUAKER, corn grits, instant, plain, prepared (microwaved or boiling water added), without salt",0,
173898,08094,"Cereals, QUAKER, corn grits, instant, cheddar cheese flavor, dry",0,
173899,08096,"Cereals, QUAKER, Instant Grits, Country Bacon flavor, dry",0,
173900,08100,"Cereals, CREAM OF RICE, dry",0,
173901,08102,"Cereals, CREAM OF WHEAT, regular, 10 minute cooking, dry",0,
171657,08103,"Cereals, CREAM OF WHEAT, regular (10 minute), cooked with water, without salt",0,
171658,08104,"Cereals, farina, enriched, assorted brands including CREAM OF WHEAT, quick (1-3 minutes), dry",0,
171659,08105,"Cereals, farina, enriched, assorted brands including CREAM OF WHEAT, quick (1-3 minutes), cooked with water, without salt",0,
171660,08106,"Cereals, CREAM OF WHEAT, instant, dry",0,
173902,08107,"Cereals, CREAM OF WHEAT, instant, prepared with water, without salt",0,
173903,08116,"Cereals, MALT-O-MEAL, original, plain, dry",0,
173904,08120,"Cereals, oats, regular and quick, not fortified, dry",0,
173905,08121,"Cereals, oats, regular and quick, unenriched, cooked with water (includes boiling and microwaving), without salt",0,
171661,08122,"Cereals, oats, instant, fortified, plain, dry",0,
171662,08123,"Cereals, oats, instant, fortified, plain, prepared with water (boiling water added or microwaved)",0,
171663,08124,"Cereals, QUAKER, Instant Oatmeal, apples and cinnamon, dry",0,
171664,08128,"Cereals, oats, instant, fortified, with cinnamon and spice, dry",0,
173906,08129,"Cereals, oats, instant, fortified, with cinnamon and spice, prepared with water",0,
173907,08130,"Cereals, QUAKER, Instant Oatmeal, maple and brown sugar, dry",0,
173908,08133,"Cereals, oats, instant, fortified, with raisins and spice, prepared with water",0,
173909,08138,"Cereals ready-to-eat, MALT-O-MEAL, MARSHMALLOW MATEYS",0,
171665,08142,"Cereals, WHEATENA, dry",0,
171666,08143,"Cereals, WHEATENA, cooked with water",0,
171667,08144,"Cereals, whole wheat hot natural cereal, dry",0,
171668,08145,"Cereals, whole wheat hot natural cereal, cooked with water, without salt",0,
171669,08146,"Cereals ready-to-eat, QUAKER, QUAKER Puffed Wheat",0,
173910,08147,"Cereals ready-to-eat, POST, Shredded Wheat, original big biscuit",0,
173911,08148,"Cereals ready-to-eat, POST, Shredded Wheat, original spoon-size",0,
173912,08156,"Cereals ready-to-eat, rice, puffed, fortified",0,
173913,08157,"Cereals ready-to-eat, wheat, puffed, fortified",0,
171670,08160,"Cereals, corn grits, yellow, regular and quick, unenriched, dry",0,
171671,08161,"Cereals, corn grits, white, regular and quick, enriched, cooked with water, with salt",0,
171672,08164,"Cereals, corn grits, yellow, regular and quick, enriched, cooked with water, without salt",0,
171673,08165,"Cereals, corn grits, yellow, regular, quick, enriched, cooked with water, with salt",0,
173914,08168,"Cereals, CREAM OF RICE, cooked with water, with salt",0,
173915,08169,"Cereals, CREAM OF WHEAT, regular (10 minute), cooked with water, with salt",0,
173916,08172,"Cereals, farina, unenriched, dry",0,
173917,08173,"Cereals, farina, enriched, cooked with water, with salt",0,
171674,08177,"Cereals, MALT-O-MEAL, chocolate, dry",0,
171675,08180,"Cereals, oats, regular and quick and instant, unenriched, cooked with water (includes boiling and microwaving), with salt",0,
171676,08182,"Cereals, WHEATENA, cooked with water, with salt",0,
171677,08183,"Cereals, whole wheat hot natural cereal, cooked with water, with salt",0,
173918,08191,"Cereals ready-to-eat, POST, Shredded Wheat, lightly frosted, spoon-size",0,
173919,08192,"Cereals ready-to-eat, POST SELECTS Blueberry Morning",0,
172972,08200,"Cereals, QUAKER, QUAKER MultiGrain Oatmeal, dry",0,
172973,08204,"Cereals ready-to-eat, chocolate-flavored frosted puffed corn",0,
174619,08206,"Cereals ready-to-eat, MALT-O-MEAL, COCO-ROOS",0,
174620,08210,"Cereals ready-to-eat, QUAKER, QUAKER OAT CINNAMON LIFE",0,
174621,08211,"Cereals ready-to-eat, QUAKER, HONEY GRAHAM OH!S",0,
174622,08214,"Cereals ready-to-eat, QUAKER, Oatmeal Squares",0,
174623,08215,"Cereals ready-to-eat, QUAKER, Oatmeal Squares, cinnamon",0,
172974,08216,"Cereals ready-to-eat, QUAKER, Toasted Multigrain Crisps",0,
172975,08218,"Cereals ready-to-eat, QUAKER, QUAKER 100% Natural Granola with Oats, Wheat, Honey, and Raisins",0,
172976,08220,"Cereals ready-to-eat, QUAKER, Low Fat 100% Natural Granola with Raisins",0,
172977,08221,"Cereals, QUAKER, Instant Grits, Butter flavor, dry",0,
174624,08225,"Cereals, QUAKER, Instant Oatmeal, fruit and cream variety, dry",0,
174625,08228,"Cereals, QUAKER, Instant Oatmeal, raisins, dates and walnuts, dry",0,
174626,08231,"Cereals, QUAKER, Oat Bran, QUAKER/MOTHER'S Oat Bran, dry",0,
174627,08236,"Cereals, QUAKER, Oat Bran, QUAKER/MOTHER'S Oat Bran, prepared with water, no salt",0,
172978,08240,"Cereals, Oat Bran, QUAKER, QUAKER/MOTHER'S Oat Bran, prepared with water, salt",0,
172979,08249,"Cereals, QUAKER, QUAKER MultiGrain Oatmeal, prepared with water, no salt",0,
172980,08252,"Cereals, QUAKER, QUAKER MultiGrain Oatmeal, prepared with water, salt",0,
172981,08290,"Cereals ready-to-eat, HEALTH VALLEY, FIBER 7 Flakes",0,
174628,08305,"Cereals ready-to-eat, Post, Waffle Crisp",0,
174629,08314,"Cereals, QUAKER, hominy grits, white, quick, dry",0,
174630,08316,"Cereals, QUAKER, hominy grits, white, regular, dry",0,
174631,08346,"Cereals ready-to-eat, MALT-O-MEAL, COLOSSAL CRUNCH",0,
172982,08347,"Cereals ready-to-eat, MALT-O-MEAL, BERRY COLOSSAL CRUNCH",0,
172983,08348,"Cereals ready-to-eat, MALT-O-MEAL, Crispy Rice",0,
172984,08349,"Cereals ready-to-eat, MALT-O-MEAL, TOOTIE FRUITIES",0,
172985,08351,"Cereals ready-to-eat, QUAKER, MOTHER'S PEANUT BUTTER BUMPERS Cereal",0,
172986,08352,"Cereals ready-to-eat, QUAKER, MOTHER'S Toasted Oat Bran cereal",0,
174632,08353,"Cereals ready-to-eat, QUAKER, MOTHER'S Cinnamon Oat Crunch",0,
174633,08354,"Cereals ready-to-eat, QUAKER, MOTHER'S GRAHAM BUMPERS",0,
174634,08355,"Cereals ready-to-eat, QUAKER, MOTHER'S COCOA BUMPERS",0,
174635,08363,"Cereals ready-to-eat, SUN COUNTRY, KRETSCHMER Toasted Wheat Bran",0,
172987,08365,"Cereals ready-to-eat, QUAKER, Shredded Wheat, bagged cereal",0,
172988,08366,"Cereals ready-to-eat, SUN COUNTRY, KRETSCHMER Wheat Germ, Regular",0,
172989,08402,"Cereals, QUAKER, Quick Oats, Dry",0,
172990,08409,"Cereals ready-to-eat, MALT-O-MEAL, Frosted Flakes",0,
174636,08410,"Cereals, QUAKER, Instant Oatmeal, Cinnamon-Spice, dry",0,
174637,08411,"Cereals, QUAKER, Instant Oatmeal, DINOSAUR EGGS, Brown Sugar, dry",0,
174638,08417,"Cereals, QUAKER, Instant Oatmeal, Banana Bread, dry",0,
174639,08435,"Cereals ready-to-eat, UNCLE SAM CEREAL",0,
172991,08436,"Cereals, QUAKER, Instant Oatmeal, Raisin and Spice, dry",0,
172992,08444,"Cereals, QUAKER, Instant Grits, Redeye Gravy & Country Ham flavor, dry",0,
172993,08449,"Cereals, QUAKER, Instant Grits Product with American Cheese Flavor, dry",0,
172994,08450,"Cereals, QUAKER, Instant Grits, Ham 'n' Cheese flavor, dry",0,
174640,08451,"Cereals, QUAKER, Quick Oats with Iron, Dry",0,
174641,08452,"Cereals, QUAKER, Whole Wheat Natural Cereal, dry",0,
174642,08476,"Cereals ready-to-eat, MALT-O-MEAL, Honey BUZZERS",0,
174643,08478,"Cereals ready-to-eat, MALT-O-MEAL, GOLDEN PUFFS",0,
172995,08481,"Cereals ready-to-eat, MALT-O-MEAL, HONEY GRAHAM SQUARES",0,
172996,08484,"Cereals ready-to-eat, MALT-O-MEAL, Raisin Bran Cereal",0,
172997,08487,"Cereals ready-to-eat, MALT-O-MEAL, Blueberry MUFFIN TOPS Cereal",0,
172998,08488,"Cereals, MALT-O-MEAL, Farina Hot Wheat Cereal, dry",0,
172999,08489,"Cereals, MALT-O-MEAL, Maple & Brown Sugar Hot Wheat Cereal, dry",0,
174644,08491,"Cereals ready-to-eat, MOM'S BEST, Honey Nut TOASTY O'S",0,
174645,08493,"Cereals ready-to-eat, MALT-O-MEAL, Apple ZINGS",0,
174646,08494,"Cereals ready-to-eat, MALT-O-MEAL, CINNAMON TOASTERS",0,
174647,08495,"Cereals ready-to-eat, MALT-O-MEAL, Cocoa DYNO-BITES",0,
173000,08500,"Cereals ready-to-eat, MALT-O-MEAL, Frosted Mini SPOONERS",0,
173001,08501,"Cereals ready-to-eat, MALT-O-MEAL, Fruity DYNO-BITES",0,
173002,08504,"Cereals ready-to-eat, RALSTON Enriched Wheat Bran flakes",0,
173003,08505,"Cereals ready-to-eat, RALSTON Corn Biscuits",0,
174648,08506,"Cereals ready-to-eat, RALSTON Corn Flakes",0,
174649,08507,"Cereals ready-to-eat, RALSTON Crispy Hexagons",0,
174650,08510,Milk and cereal bar,0,
174651,08511,"Cereals, MALT-O-MEAL, original, plain, prepared with water, without salt",0,
173004,08512,"Cereals, MALT-O-MEAL, chocolate, prepared with water, without salt",0,
173005,08544,"Cereals ready-to-eat, POST GREAT GRAINS Cranberry Almond Crunch",0,
173006,08546,Rice and Wheat cereal bar,0,
173007,08549,"Cereals ready-to-eat, QUAKER, QUAKER Honey Graham LIFE Cereal",0,
174652,08550,"Cereals ready-to-eat, QUAKER, Christmas Crunch",0,
174653,08554,"Cereals ready-to-eat, POST SELECTS Maple Pecan Crunch",0,
174654,08571,"Cereals ready-to-eat, NATURE'S PATH, Organic FLAX PLUS, Pumpkin Granola",0,
174655,08573,"Cereals, CREAM OF WHEAT, 2 1/2 minute cook time, dry",0,
173008,08574,"Cereals, CREAM OF WHEAT, 2 1/2 minute cook time, cooked with water, stove-top, without salt",0,
173009,08575,"Cereals, CREAM OF WHEAT, 2 1/2 minute cook time, cooked with water, microwaved, without salt",0,
173010,08576,"Cereals, CREAM OF WHEAT, 1 minute cook time, dry",0,
173011,08577,"Cereals, CREAM OF WHEAT, 1 minute cook time, cooked with water, stove-top, without salt",0,
173012,08578,"Cereals, CREAM OF WHEAT, 1 minute cook time, cooked with water, microwaved, without salt",0,
174656,08580,"Incaparina, dry mix (corn and soy flours), unprepared",0,
174657,08625,"Cereals ready-to-eat, QUAKER, CAP'N CRUNCH'S Halloween Crunch",0,
174658,08627,"Cereals ready-to-eat, QUAKER, Natural Granola Apple Cranberry Almond",0,
174659,08628,"Cereals ready-to-eat, QUAKER, Maple Brown Sugar LIFE Cereal",0,
173013,08629,"Cereals ready-to-eat, QUAKER, Cap'n Crunch's OOPS! All Berries Cereal",0,
173014,08632,"Cereals ready-to-eat, QUAKER Oatmeal Squares, Golden Maple",0,
173015,08633,"Cereals ready-to-eat, POST, HONEY BUNCHES OF OATS with vanilla bunches",0,
173016,08639,"Cereals, QUAKER, Instant Oatmeal, Cinnamon Spice, reduced sugar",0,
174660,08640,"Cereals, QUAKER, Instant Oatmeal Organic, Regular",0,
174661,08641,"Cereals, QUAKER, Instant Oatmeal, fruit and cream, variety of flavors, reduced sugar",0,
174662,08642,"Cereals, QUAKER, Instant Oatmeal, Apple and Cinnamon, reduced sugar",0,
174663,08655,"Cereals ready-to-eat, POST, HONEY BUNCHES OF OATS, pecan bunches",0,
173017,08656,"Cereals ready-to-eat, NATURE'S PATH, Organic FLAX PLUS flakes",0,
173018,08657,"Cereals ready-to-eat, BARBARA'S PUFFINS, original",0,
173019,08662,"Cereals ready-to-eat, POST, HONEY BUNCHES OF OATS, with real strawberries",0,
173020,08665,"Cereals ready-to-eat, POST HONEY BUNCHES OF OATS with cinnamon bunches",0,
174664,08672,"Cereals ready-to-eat, MALT-O-MEAL, CHOCOLATE MARSHMALLOW MATEYS",0,
171678,08673,"Cereals, ready-to-eat, MALT-O-MEAL, Blueberry Mini SPOONERS",0,
171679,08674,"Cereals ready-to-eat, MALT-O-MEAL, OAT BLENDERS with honey",0,
171680,08675,"Cereals ready-to-eat, MALT-O-MEAL, OAT BLENDERS with honey & almonds",0,
171681,08676,"Cereals ready-to-eat, MALT-O-MEAL, Honey Nut SCOOTERS",0,
173920,08680,"Cereals, oats, instant, fortified, maple and brown sugar, dry",0,
173921,08685,"Cereals ready-to-eat, QUAKER WHOLE HEARTS oat cereal",0,
173922,08686,"Cereals, QUAKER, Weight Control Instant Oatmeal, maple and brown sugar",0,
173923,08687,"Cereals, QUAKER, Weight Control Instant Oatmeal, banana bread",0,
171682,08688,"Cereals, QUAKER, Instant Oatmeal, Cinnamon Swirl, high fiber",0,
171683,08689,"Cereals, QUAKER, oatmeal, REAL MEDLEYS, blueberry hazelnut, dry",0,
171684,08690,"Cereals, QUAKER, oatmeal, REAL MEDLEYS, apple walnut, dry",0,
171685,08691,"Cereals, QUAKER, oatmeal, REAL MEDLEYS, summer berry, dry",0,
173924,08692,"Cereals, QUAKER, oatmeal, REAL MEDLEYS, peach almond, dry",0,
173925,08693,"Cereals, QUAKER, oatmeal, REAL MEDLEYS, cherry pistachio, dry",0,
173926,08694,"Cereals, QUAKER, Instant Oatmeal, weight control, cinnamon",0,
173927,08709,"Cereals ready-to-eat, MOM'S BEST, Sweetened WHEAT-FULS",0,
171686,09001,"Acerola, (west indian cherry), raw",20,"18% seed, 2% stem end"
171687,09002,"Acerola juice, raw",0,
171688,09003,"Apples, raw, with skin (Includes foods for USDA's Food Distribution Program)",10,Core and stem
171689,09004,"Apples, raw, without skin",23,"10% core and stem, 13% skin"
173928,09005,"Apples, raw, without skin, cooked, boiled",0,
173929,09006,"Apples, raw, without skin, cooked, microwave",0,
173930,09008,"Apples, canned, sweetened, sliced, drained, heated",0,
173931,09009,"Apples, dehydrated (low moisture), sulfured, uncooked",0,
171690,09010,"Apples, dehydrated (low moisture), sulfured, stewed",0,
171691,09011,"Apples, dried, sulfured, uncooked",0,
171692,09012,"Apples, dried, sulfured, stewed, without added sugar",0,
171693,09013,"Apples, dried, sulfured, stewed, with added sugar",0,
171694,09014,"Apples, frozen, unsweetened, unheated (Includes foods for USDA's Food Distribution Program)",0,
173932,09015,"Apples, frozen, unsweetened, heated (Includes foods for USDA's Food Distribution Program)",0,
173933,09016,"Apple juice, canned or bottled, unsweetened, without added ascorbic acid",0,
173934,09017,"Apple juice, frozen concentrate, unsweetened, undiluted, without added ascorbic acid",0,
173935,09018,"Apple juice, frozen concentrate, unsweetened, diluted with 3 volume water without added ascorbic acid",0,
171695,09019,"Applesauce, canned, unsweetened, without added ascorbic acid (Includes foods for USDA's Food Distribution Program)",0,
171696,09020,"Applesauce, canned, sweetened, without salt",0,
171697,09021,"Apricots, raw",7,Pits
171698,09022,"Apricots, canned, water pack, with skin, solids and liquids",0,
173936,09023,"Apricots, canned, water pack, without skin, solids and liquids",6,Pits
173937,09024,"Apricots, canned, juice pack, with skin, solids and liquids",0,
173938,09025,"Apricots, canned, extra light syrup pack, with skin, solids and liquids (Includes foods for USDA's Food Distribution Program)",0,
173939,09026,"Apricots, canned, light syrup pack, with skin, solids and liquids",0,
171699,09027,"Apricots, canned, heavy syrup pack, with skin, solids and liquids",0,
171700,09028,"Apricots, canned, heavy syrup pack, without skin, solids and liquids",6,Pits
171701,09029,"Apricots, canned, extra heavy syrup pack, without skin, solids and liquids",6,Pits
171702,09030,"Apricots, dehydrated (low-moisture), sulfured, uncooked",0,
173940,09031,"Apricots, dehydrated (low-moisture), sulfured, stewed",0,
173941,09032,"Apricots, dried, sulfured, uncooked",0,
173942,09033,"Apricots, dried, sulfured, stewed, without added sugar",0,
173943,09034,"Apricots, dried, sulfured, stewed, with added sugar",0,
171703,09035,"Apricots, frozen, sweetened",0,
171704,09036,"Apricot nectar, canned, with added ascorbic acid",0,
171705,09037,"Avocados, raw, all commercial varieties",26,Seed and skin
171706,09038,"Avocados, raw, California",33,Seed and skin
171707,09039,"Avocados, raw, Florida",33,Seed and skin
173944,09040,"Bananas, raw",36,Skin
173945,09041,"Bananas, dehydrated, or banana powder",0,
173946,09042,"Blackberries, raw",4,Caps and spoiled berries
173947,09043,"Blackberry juice, canned",0,
171708,09044,"Cherries, tart, dried, sweetened (Includes foods for USDA's Food Distribution Program)",0,
171709,09046,"Blackberries, canned, heavy syrup, solids and liquids",0,
171710,09048,"Blackberries, frozen, unsweetened",0,
171711,09050,"Blueberries, raw",5,Stems and green or spoiled berries
173948,09052,"Blueberries, canned, heavy syrup, solids and liquids",0,
173949,09053,"Blueberries, wild, frozen (Includes foods for USDA's Food Distribution Program)",0,
173950,09054,"Blueberries, frozen, unsweetened (Includes foods for USDA's Food Distribution Program)",0,
173951,09055,"Blueberries, frozen, sweetened",0,
171712,09056,"Boysenberries, canned, heavy syrup",0,
171713,09057,"Boysenberries, frozen, unsweetened",0,
171714,09059,"Breadfruit, raw",22,"9% core, 13% skin"
171715,09060,"Carambola, (starfruit), raw",3,Seeds and stem end
173952,09061,"Carissa, (natal-plum), raw",14,"7% seeds, 7% skin"
173953,09062,"Cherimoya, raw",31,"Seeds, skin and core"
173954,09063,"Cherries, sour, red, raw",10,Pits and stems
173955,09064,"Cherries, sour, red, canned, water pack, solids and liquids",0,
173956,09065,"Cherries, sour, red, canned, light syrup pack, solids and liquids",0,
171716,09066,"Cherries, sour, red, canned, heavy syrup pack, solids and liquids",0,
171717,09067,"Cherries, sour, red, canned, extra heavy syrup pack, solids and liquids",0,
171718,09068,"Cherries, sour, red, frozen, unsweetened (Includes foods for USDA's Food Distribution Program)",0,
171719,09070,"Cherries, sweet, raw",8,Pits and stems
173957,09071,"Cherries, sweet, canned, water pack, solids and liquids",8,Pits
173958,09072,"Cherries, sweet, canned, juice pack, solids and liquids",8,Pits
173959,09073,"Cherries, sweet, canned, light syrup pack, solids and liquids",8,Pits
173960,09074,"Cherries, sweet, canned, pitted, heavy syrup pack, solids and liquids",0,
171720,09075,"Cherries, sweet, canned, extra heavy syrup pack, solids and liquids",8,Pits
171721,09077,"Crabapples, raw",8,Core and stems
171722,09078,"Cranberries, raw",2,Stems and spoiled berries
171723,09079,"Cranberries, dried, sweetened (Includes foods for USDA's Food Distribution Program)",0,
173961,09081,"Cranberry sauce, canned, sweetened",0,
173962,09082,"Cranberry-orange relish, canned",0,
173963,09083,"Currants, european black, raw",2,Stems
173964,09084,"Currants, red and white, raw",2,Stems
171724,09085,"Currants, zante, dried",0,
171725,09086,"Custard-apple, (bullock's-heart), raw",42,Seeds and skin
171726,09087,"Dates, deglet noor",10,Pits
171727,09088,"Elderberries, raw",0,
173021,09089,"Figs, raw",1,Stems
173022,09090,"Figs, canned, water pack, solids and liquids",0,
173023,09091,"Figs, canned, light syrup pack, solids and liquids",0,
173024,09092,"Figs, canned, heavy syrup pack, solids and liquids",0,
173025,09093,"Figs, canned, extra heavy syrup pack, solids and liquids",0,
174665,09094,"Figs, dried, uncooked",4,Stems
174666,09095,"Figs, dried, stewed",0,
174667,09096,"Fruit cocktail, (peach and pineapple and pear and grape and cherry), canned, water pack, solids and liquids",0,
174668,09097,"Fruit cocktail, (peach and pineapple and pear and grape and cherry), canned, juice pack, solids and liquids",0,
173026,09098,"Fruit cocktail, (peach and pineapple and pear and grape and cherry), canned, extra light syrup, solids and liquids",0,
173027,09099,"Fruit cocktail, (peach and pineapple and pear and grape and cherry), canned, light syrup, solids and liquids",0,
173028,09100,"Fruit cocktail, (peach and pineapple and pear and grape and cherry), canned, heavy syrup, solids and liquids",0,
173029,09101,"Fruit cocktail, (peach and pineapple and pear and grape and cherry), canned, extra heavy syrup, solids and liquids",0,
174669,09102,"Fruit salad, (peach and pear and apricot and pineapple and cherry), canned, water pack, solids and liquids",0,
174670,09103,"Fruit salad, (peach and pear and apricot and pineapple and cherry), canned, juice pack, solids and liquids",0,
174671,09104,"Fruit salad, (peach and pear and apricot and pineapple and cherry), canned, light syrup, solids and liquids",0,
174672,09106,"Fruit salad, (peach and pear and apricot and pineapple and cherry), canned, extra heavy syrup, solids and liquids",0,
173030,09107,"Gooseberries, raw",0,
173031,09109,"Gooseberries, canned, light syrup pack, solids and liquids",0,
173032,09110,"Goji berries, dried",0,
173033,09111,"Grapefruit, raw, pink and red and white, all areas",50,"Peel, seeds, core, and membrane"
174673,09112,"Grapefruit, raw, pink and red, all areas",49,"Peel, seeds, core, and membrane"
174674,09113,"Grapefruit, raw, pink and red, California and Arizona",49,"Peel, seeds, core, and membrane"
174675,09114,"Grapefruit, raw, pink and red, Florida",49,"Peel, seeds, core, and membrane"
174676,09116,"Grapefruit, raw, white, all areas",51,"Peel, seeds, core, and membrane"
174677,09117,"Grapefruit, raw, white, California",51,"Peel, seeds, core, and membrane"
173034,09118,"Grapefruit, raw, white, Florida",51,"Peel, seeds, core, and membrane"
173035,09119,"Grapefruit, sections, canned, water pack, solids and liquids",0,
173036,09120,"Grapefruit, sections, canned, juice pack, solids and liquids",0,
173037,09121,"Grapefruit, sections, canned, light syrup pack, solids and liquids",0,
174678,09123,"Grapefruit juice, white, canned or bottled, unsweetened",0,
174679,09124,"Grapefruit juice, white, canned, sweetened",0,
174680,09125,"Grapefruit juice, white, frozen concentrate, unsweetened, undiluted",0,
174681,09126,"Grapefruit juice, white, frozen concentrate, unsweetened, diluted with 3 volume water",0,
173038,09127,"Grapefruit juice, pink or red, with added calcium",0,
173039,09128,"Grapefruit juice, white, raw",0,
173040,09129,"Grapes, muscadine, raw",4,Seeds
173041,09130,"Grape juice, canned or bottled, unsweetened, with added ascorbic acid",0,
174682,09131,"Grapes, american type (slip skin), raw",42,"6% seeds, 34% skin, 2% stems"
174683,09132,"Grapes, red or green (European type, such as Thompson seedless), raw",4,Stems
174684,09133,"Grapes, canned, thompson seedless, water pack, solids and liquids",0,
174685,09134,"Grapes, canned, thompson seedless, heavy syrup pack, solids and liquids",0,
173042,09135,"Grape juice, canned or bottled, unsweetened, without added ascorbic acid",0,
173043,09138,"Groundcherries, (cape-gooseberries or poha), raw",6,Husks
173044,09139,"Guavas, common, raw",22,Skin
173045,09140,"Guavas, strawberry, raw",15,"Seeds, stem, and blossom end"
174686,09143,"Guava sauce, cooked",0,
174687,09144,"Jackfruit, raw",72,Seeds and skin
168150,09145,"Java-plum, (jambolan), raw",19,Seed
168151,09146,"Jujube, raw",7,Seeds
168152,09147,"Jujube, Chinese, fresh, dried",11,Seeds
168153,09148,"Kiwifruit, green, raw",24,Skin
168154,09149,"Kumquats, raw",7,Seeds
167746,09150,"Lemons, raw, without peel",47,"45% peel, 2% seeds"
167747,09152,"Lemon juice, raw",0,
167748,09153,"Lemon juice from concentrate, canned or bottled",0,
167749,09156,"Lemon peel, raw",0,
168155,09159,"Limes, raw",16,Peel and seeds
168156,09160,"Lime juice, raw",0,
168157,09161,"Lime juice, canned or bottled, unsweetened",0,
168158,09163,"Blueberries, dried, sweetened",0,
169086,09164,"Litchis, raw",40,Shell and seeds
169087,09165,"Litchis, dried",46,Shell and seeds
169088,09167,"Loganberries, frozen",0,
169089,09172,"Longans, raw",47,Shell and seeds
169907,09173,"Longans, dried",64,Shell and seeds
169908,09174,"Loquats, raw",35,Seeds and skin
169909,09175,"Mammy-apple, (mamey), raw",40,Seeds and skin
169910,09176,"Mangos, raw",29,Seeds and skin
169090,09177,"Mangosteen, canned, syrup pack",0,
169091,09178,"Mango, dried, sweetened",0,
169092,09181,"Melons, cantaloupe, raw",49,"9% cavity contents, 1% cutting loss, 39% rind"
169093,09183,"Melons, casaba, raw",40,"11% cavity contents, 29% rind"
169911,09184,"Melons, honeydew, raw",54,"5% cavity contents, rind 49%"
169912,09185,"Melon balls, frozen",0,
169913,09190,"Mulberries, raw",0,
169914,09191,"Nectarines, raw",9,Pit
169915,09192,"Oheloberries, raw",0,
169094,09193,"Olives, ripe, canned (small-extra large)",0,
169095,09194,"Olives, ripe, canned (jumbo-super colossal)",0,
169096,09195,"Olives, pickled, canned or bottled, green",0,
169097,09200,"Oranges, raw, all commercial varieties",27,Peel and seeds
169916,09201,"Oranges, raw, California, valencias",25,Peel and seeds
169917,09202,"Oranges, raw, navels (Includes foods for USDA's Food Distribution Program)",32,Peel and navel
169918,09203,"Oranges, raw, Florida",26,Peel and seeds
169919,09205,"Oranges, raw, with peel",1,Seeds
169098,09206,"Orange juice, raw (Includes foods for USDA's Food Distribution Program)",0,
169099,09207,"Orange juice, canned, unsweetened",0,
169100,09209,"Orange juice, chilled, includes from concentrate",0,
169101,09210,"Orange juice, chilled, includes from concentrate, with added calcium and vitamin D",0,
169920,09211,"Orange juice, chilled, includes from concentrate, with added calcium",0,
169921,09212,"Orange juice, frozen concentrate, unsweetened, diluted with 3 volume water, with added calcium",0,
169922,09213,"Orange juice, frozen concentrate, unsweetened, undiluted, with added calcium",0,
169923,09214,"Orange juice, frozen concentrate, unsweetened, undiluted",0,
169102,09215,"Orange juice, frozen concentrate, unsweetened, diluted with 3 volume water",0,
169103,09216,"Orange peel, raw",0,
169104,09217,"Orange-grapefruit juice, canned or bottled, unsweetened",0,
169105,09218,"Tangerines, (mandarin oranges), raw",26,Peel and seeds
169106,09219,"Tangerines, (mandarin oranges), canned, juice pack",0,
169924,09220,"Tangerines, (mandarin oranges), canned, light syrup pack",0,
169925,09221,"Tangerine juice, raw",0,
169926,09226,"Papayas, raw",38,Seeds and skin
169927,09228,"Papaya, canned, heavy syrup, drained",0,
169107,09229,"Papaya nectar, canned",0,
169108,09231,"Passion-fruit, (granadilla), purple, raw",48,Shell
169109,09232,"Passion-fruit juice, purple, raw",0,
169110,09233,"Passion-fruit juice, yellow, raw",0,
169928,09236,"Peaches, yellow, raw",4,Pit
169929,09237,"Peaches, canned, water pack, solids and liquids",0,
169930,09238,"Peaches, canned, juice pack, solids and liquids",0,
169931,09239,"Peaches, canned, extra light syrup, solids and liquids (Includes foods for USDA's Food Distribution Program)",0,
169111,09240,"Peaches, canned, light syrup pack, solids and liquids",0,
169112,09241,"Peaches, canned, heavy syrup pack, solids and liquids",0,
169113,09242,"Peaches, canned, extra heavy syrup pack, solids and liquids",0,
169114,09243,"Peaches, spiced, canned, heavy syrup pack, solids and liquids",4,Pits
169932,09244,"Peaches, dehydrated (low-moisture), sulfured, uncooked",0,
169933,09245,"Peaches, dehydrated (low-moisture), sulfured, stewed",0,
169934,09246,"Peaches, dried, sulfured, uncooked",0,
169935,09247,"Peaches, dried, sulfured, stewed, without added sugar",0,
169115,09248,"Peaches, dried, sulfured, stewed, with added sugar",0,
169116,09250,"Peaches, frozen, sliced, sweetened",0,
169117,09251,"Peach nectar, canned, with sucralose, without added ascorbic acid",0,
169118,09252,"Pears, raw",10,"Stem, core and seeds"
169119,09253,"Pears, canned, water pack, solids and liquids",0,
169936,09254,"Pears, canned, juice pack, solids and liquids",0,
169937,09255,"Pears, canned, extra light syrup pack, solids and liquids (Includes foods for USDA's Food Distribution Program)",0,
169938,09256,"Pears, canned, light syrup pack, solids and liquids",0,
169939,09257,"Pears, canned, heavy syrup pack, solids and liquids",0,
169120,09258,"Pears, canned, extra heavy syrup pack, solids and liquids",0,
169121,09259,"Pears, dried, sulfured, uncooked",0,
169122,09260,"Pears, dried, sulfured, stewed, without added sugar",0,
169123,09261,"Pears, dried, sulfured, stewed, with added sugar",0,
169940,09262,"Pear nectar, canned, without added ascorbic acid",0,
169941,09263,"Persimmons, japanese, raw",16,"2% calyx, 14% skin"
169942,09264,"Persimmons, japanese, dried",8,Stems
169943,09265,"Persimmons, native, raw",18,"2% calyx, 16% seeds"
169124,09266,"Pineapple, raw, all varieties",49,"8% core, 16% crown, 26% parings"
169125,09267,"Pineapple, canned, water pack, solids and liquids",0,
169126,09268,"Pineapple, canned, juice pack, solids and liquids",0,
169127,09269,"Pineapple, canned, light syrup pack, solids and liquids",0,
169944,09270,"Pineapple, canned, heavy syrup pack, solids and liquids",0,
169945,09271,"Pineapple, canned, extra heavy syrup pack, solids and liquids",0,
169946,09272,"Pineapple, frozen, chunks, sweetened",0,
169947,09273,"Pineapple juice, canned or bottled, unsweetened, without added ascorbic acid",0,
169948,09274,"Pineapple juice, frozen concentrate, unsweetened, undiluted",0,
169128,09275,"Pineapple juice, frozen concentrate, unsweetened, diluted with 3 volume water",0,
169129,09276,"Pitanga, (surinam-cherry), raw",12,"Seed, stem, and blossom end"
169130,09277,"Plantains, yellow, raw",31,Skin and stems
169131,09278,"Plantains, yellow, baked",0,No refuse
169949,09279,"Plums, raw",6,Pits
169950,09281,"Plums, canned, purple, water pack, solids and liquids",5,Pits
169951,09282,"Plums, canned, purple, juice pack, solids and liquids",5,Pits
169952,09283,"Plums, canned, purple, light syrup pack, solids and liquids",5,Pits
169132,09284,"Plums, canned, purple, heavy syrup pack, solids and liquids",5,Pits
169133,09285,"Plums, canned, purple, extra heavy syrup pack, solids and liquids",5,Pits
169134,09286,"Pomegranates, raw",44,Skin and membrane
167750,09287,"Prickly pears, raw",25,"Seeds, skin, and bud end"
168159,09288,"Prunes, canned, heavy syrup pack, solids and liquids",12,Pits
168160,09289,"Prunes, dehydrated (low-moisture), uncooked",0,
168161,09290,"Prunes, dehydrated (low-moisture), stewed",0,
168162,09291,"Plums, dried (prunes), uncooked",13,Pits
167751,09292,"Plums, dried (prunes), stewed, without added sugar",15,Pits
167752,09293,"Plums, dried (prunes), stewed, with added sugar",15,Pits
167753,09294,"Prune juice, canned",0,
167754,09295,"Pummelo, raw",44,"Seeds, skin, and membrane"
168163,09296,"Quinces, raw",39,"Core, seeds, and parings"
168164,09297,"Raisins, golden, seedless",0,
168165,09298,"Raisins, dark, seedless (Includes foods for USDA's Food Distribution Program)",0,
168166,09299,"Raisins, seeded",0,
168167,09301,"Rambutan, canned, syrup pack",0,
167755,09302,"Raspberries, raw",4,"Caps, stems, and spoiled berries"
167756,09304,"Raspberries, canned, red, heavy syrup pack, solids and liquids",0,
167757,09306,"Raspberries, frozen, red, sweetened",0,
167758,09307,"Rhubarb, raw",25,"19% ends, 6% leaves"
168168,09309,"Rhubarb, frozen, uncooked",0,
168169,09310,"Rhubarb, frozen, cooked, with sugar",0,
168170,09311,"Roselle, raw",39,Seed pods and stem
168171,09312,"Rose-apples, raw",33,Caps and pits
167759,09313,"Sapodilla, raw",20,Seeds and skin
167760,09314,"Sapote, mamey, raw",31,Seeds and skin
167761,09315,"Soursop, raw",33,Seeds and skin
167762,09316,"Strawberries, raw",6,Caps and stems
168172,09317,"Strawberries, canned, heavy syrup pack, solids and liquids",0,
168173,09318,"Strawberries, frozen, unsweetened (Includes foods for USDA's Food Distribution Program)",0,
168174,09320,"Strawberries, frozen, sweetened, sliced",0,
168175,09321,"Sugar-apples, (sweetsop), raw",45,Seeds and skin
167763,09322,"Tamarinds, raw",66,Pods and seeds
167764,09325,"Fruit salad, (pineapple and papaya and banana and guava), tropical, canned, heavy syrup, solids and liquids",0,
167765,09326,"Watermelon, raw",48,"Rind, seeds, and cutting loss"
167766,09328,"Maraschino cherries, canned, drained",0,
168176,09334,"Feijoa, raw",43,Skin
168177,09340,"Pears, asian, raw",9,Core and stem
168178,09351,"Fruit cocktail, canned, heavy syrup, drained",0,
168179,09352,"Blueberries, canned, light syrup, drained",0,
168180,09353,"Blueberries, wild, canned, heavy syrup, drained",0,
167767,09354,"Pineapple, canned, juice pack, drained",0,
167768,09357,"Apricots, canned, heavy syrup, drained",0,
167769,09362,"Cherries, sour, canned, water pack, drained",0,
167770,09367,"Cherries, sweet, canned, pitted, heavy syrup, drained",0,
168181,09370,"Peaches, canned, heavy syrup, drained",0,
168182,09374,"Pears, canned, heavy syrup, drained",0,
168183,09379,"Plums, canned, heavy syrup, drained",0,
168184,09383,"Tangerines, (mandarin oranges), canned, juice pack, drained",0,
167771,09400,"Apple juice, canned or bottled, unsweetened, with added ascorbic acid",0,
167772,09401,"Applesauce, canned, unsweetened, with added ascorbic acid",0,
167773,09402,"Applesauce, canned, sweetened, with salt",0,
167774,09404,"Grapefruit juice, pink, raw",0,
168185,09407,"Peach nectar, canned, with added ascorbic acid",0,
168186,09408,"Pear nectar, canned, with added ascorbic acid",0,
168187,09409,"Pineapple juice, canned or bottled, unsweetened, with added ascorbic acid",0,
168188,09410,"Apple juice, frozen concentrate, unsweetened, undiluted, with added ascorbic acid",0,
167775,09411,"Apple juice, frozen concentrate, unsweetened, diluted with 3 volume water, with added ascorbic acid",0,
167776,09412,"Pears, raw, bartlett (Includes foods for USDA's Food Distribution Program)",10,"Stem, core and seeds"
167777,09413,"Pears, raw, red anjou",11,"Stem, core and seeds"
167778,09414,"Pears, raw, bosc (Includes foods for USDA's Food Distribution Program)",10,"Stem, core and seeds"
167779,09415,"Pears, raw, green anjou (Includes foods for USDA's Food Distribution Program)",10,"Stem, core and seeds"
168189,09416,"Grapefruit juice, white, bottled, unsweetened, OCEAN SPRAY",0,
168190,09420,"Jackfruit, canned, syrup pack",0,
168191,09421,"Dates, medjool",8,Pits
168192,09422,"Durian, raw or frozen",68,Shell and seeds (for raw fruit)
167780,09423,Prune puree,0,
167781,09426,Candied fruit,0,
167782,09427,"Abiyuch, raw",,
167783,09428,"Rowal, raw",,
168193,09429,"Pineapple, raw, traditional varieties",42,"8% core, 13% crown, 22% parings"
168194,09430,"Pineapple, raw, extra sweet variety",49,"8% core, 16% crown, 26% parings"
168195,09433,"Clementines, raw",23,Peel and seeds
168196,09434,"Guanabana nectar, canned",0,
167784,09435,"Guava nectar, canned, with added ascorbic acid",0,
167785,09436,"Mango nectar, canned",0,
167786,09437,"Tamarind nectar, canned",0,
167787,09442,"Pomegranate juice, bottled",0,
168197,09443,"Juice, apple and grape blend, with added ascorbic acid",0,
168198,09444,"Juice, apple, grape and pear blend, with added ascorbic acid and calcium",0,
168199,09446,"Plantains, green, fried",0,
168200,09447,"Plantains, yellow, fried, Latino restaurant",0,
167788,09448,"Nance, canned, syrup, drained",0,
167789,09449,"Nance, frozen, unsweetened",27,Pits
167790,09450,"Naranjilla (lulo) pulp, frozen, unsweetened",0,
167791,09451,Horned melon (Kiwano),36,Rind
167792,09452,Orange Pineapple Juice Blend,0,
168201,09500,"Apples, raw, red delicious, with skin (Includes foods for USDA's Food Distribution Program)",11,Core and stem
168202,09501,"Apples, raw, golden delicious, with skin",10,Core and stem
168203,09502,"Apples, raw, granny smith, with skin (Includes foods for USDA's Food Distribution Program)",11,Core and stem
168204,09503,"Apples, raw, gala, with skin (Includes foods for USDA's Food Distribution Program)",9,Core and stem
167793,09504,"Apples, raw, fuji, with skin (Includes foods for USDA's Food Distribution Program)",11,Core and stem
167794,09506,"Orange juice, chilled, includes from concentrate, with added calcium and vitamins A, D, E",0,
167795,09507,"Fruit juice smoothie, NAKED JUICE, MIGHTY MANGO",0,
167796,09508,"Fruit juice smoothie, NAKED JUICE, GREEN MACHINE",0,
168205,09510,"Pineapple juice, canned, not from concentrate, unsweetened, with added vitamins A, C and E",0,
168206,09511,"Fruit juice smoothie, NAKED JUICE, BLUE MACHINE",0,
168207,09512,"Grape juice, canned or bottled, unsweetened, with added ascorbic acid and calcium",0,
168208,09513,"Fruit juice smoothie, ODWALLA, ORIGINAL SUPERFOOD",0,
167797,09514,"Fruit juice smoothie, BOLTHOUSE FARMS, BERRY BOOST",0,
167798,09515,"Fruit juice smoothie, BOLTHOUSE FARMS, GREEN GOODNESS",0,
167799,09516,"Fruit juice smoothie, BOLTHOUSE FARMS, strawberry banana",0,
167800,09517,"Apple juice, canned or bottled, unsweetened, with added ascorbic acid, calcium, and potassium",0,
168209,09518,"Raspberries, frozen, red, unsweetened",0,
168210,09519,"Guava nectar, with sucralose, canned",0,
168211,09520,"Kiwifruit, ZESPRI SunGold, raw",28,Skin
168212,09522,"Cranberry juice blend, 100% juice, bottled, with added vitamin C and calcium",0,
167801,09523,"Lemon juice from concentrate, bottled, CONCORD",0,
167802,09524,"Lemon juice from concentrate, bottled, REAL LEMON",0,
167803,09525,"Cranberry sauce, whole, canned, OCEAN SPRAY",0,
167804,09526,"Cranberry sauce, jellied, canned, OCEAN SPRAY",0,
167805,09528,"Ruby Red grapefruit juice blend (grapefruit, grape, apple), OCEAN SPRAY, bottled, with added vitamin C",0,
168213,09530,"Fruit juice smoothie, ODWALLA, strawberry banana",0,
168214,09531,"Fruit juice smoothie, NAKED JUICE, strawberry banana",0,
168215,09542,"Plantains, green, raw",39,Skin and stems
168216,09543,"Plantains, green, boiled",0,No refuse
167806,09544,Baobab powder,0,
167807,09546,"Cherry juice, tart",0,
167808,09552,"Raspberries, puree, seedless",0,
167809,09553,"Raspberries, puree, with seeds",0,
168217,09554,Raspberry juice concentrate,0,
168218,10000,"Pork, fresh, composite of separable fat, with added solution, cooked",0,
168219,10001,"Pork, fresh, carcass, separable lean and fat, raw",18,Bone and skin
168220,10002,"Pork, fresh, composite of trimmed retail cuts (leg, loin, shoulder), separable lean only, raw",30,"Bone and skin 22%, separable fat 8%"
167810,10003,"Pork, fresh, composite of trimmed leg, loin, shoulder, and spareribs, (includes cuts to be cured), separable lean and fat, raw",24,Bone and skin
167811,10004,"Pork, fresh, backfat, raw",11,Skin
167812,10005,"Pork, fresh, belly, raw",7,Skin
167813,10006,"Pork, fresh, separable fat, raw",0,
168221,10007,"Pork, fresh, separable fat, cooked",0,
168222,10008,"Pork, fresh, leg (ham), whole, separable lean and fat, raw",17,Bone and skin
168223,10009,"Pork, fresh, leg (ham), whole, separable lean and fat, cooked, roasted",20,Bone and skin
168224,10010,"Pork, fresh, leg (ham), whole, separable lean only, raw",35,"Bone and skin 17%, separable fat 18%"
168225,10011,"Pork, fresh, leg (ham), whole, separable lean only, cooked, roasted",32,"Bone and skin 20%, separable fat 12%"
167814,10012,"Pork, fresh, leg (ham), rump half, separable lean and fat, raw",17,"Connective tissue 6%, Bone 9%, Skin 2%"
167815,10013,"Pork, fresh, leg (ham), rump half, separable lean and fat, cooked, roasted",18,"Connective tissue 7%, Bone 9%, Skin 2%"
167816,10014,"Pork, fresh, leg (ham), rump half, separable lean only, raw (Includes foods for USDA's Food Distribution Program)",25,"Connective tissue 6%, Bone 9%, Separable fat 10%"
167817,10015,"Pork, fresh, leg (ham), rump half, separable lean only, cooked, roasted",23,"Connective tissue 7%, Bone 9%, Separable fat 7%"
168226,10016,"Pork, fresh, leg (ham), shank half, separable lean and fat, raw",28,"Connective tissue 9%, Bone 13%, Skin 6%"
168227,10017,"Pork, fresh, leg (ham), shank half, separable lean and fat, cooked, roasted",22,"Connective tissue 7%, Bone 11%, Skin 4%"
168228,10018,"Pork, fresh, leg (ham), shank half, separable lean only, raw",32,"Connective tissue 9%, Bone 13%, Separable fat 10%"
168229,10019,"Pork, fresh, leg (ham), shank half, separable lean only, cooked, roasted",27,"Connective tissue 7%, Bone 11%, Separable fat 9%"
167818,10020,"Pork, fresh, loin, whole, separable lean and fat, raw",22,Bone
167819,10021,"Pork, fresh, loin, whole, separable lean and fat, cooked, braised",21,Bone
167820,10022,"Pork, fresh, loin, whole, separable lean and fat, cooked, broiled",21,Bone
167821,10023,"Pork, fresh, loin, whole, separable lean and fat, cooked, roasted",21,Bone
168230,10024,"Pork, fresh, loin, whole, separable lean only, raw",30,"Bone 22%, separable fat 8%"
168231,10025,"Pork, fresh, loin, whole, separable lean only, cooked, braised",28,"Bone 21%, separable fat 7%"
168232,10026,"Pork, fresh, loin, whole, separable lean only, cooked, broiled",28,"Bone 21%, separable fat 7%"
168233,10027,"Pork, fresh, loin, whole, separable lean only, cooked, roasted",28,"Bone 21%, separable fat 7%"
167822,10028,"Pork, fresh, loin, blade (chops or roasts), bone-in, separable lean and fat, raw",26,"Bone 18%, Connective tissue 8%"
167823,10029,"Pork, fresh, loin, blade (chops), bone-in, separable lean and fat, cooked, braised",27,Bone 21% Connective tissue 6%
167824,10030,"Pork, fresh, loin, blade (chops), bone-in, separable lean and fat, cooked, broiled",27,"Bone 20%, Connective tissue 7%"
167825,10031,"Pork, fresh, loin, blade (roasts), bone-in, separable lean and fat, cooked, roasted",20,"Bone 18%, Connective tissue 5%,"
168234,10032,"Pork, fresh, loin, blade (chops or roasts), bone-in, separable lean only, raw",36,"Bone 18%, Connective tissue 8%, Separable fat 10%,"
168235,10033,"Pork, fresh, loin, blade (chops), bone-in, separable lean only, cooked, braised",33,"Bone 21%, Connective tissue 6%, Separable fat 6%"
168236,10034,"Pork, fresh, loin, blade (chops), bone-in, separable lean only, cooked, broiled",33,"Bone 20%, Connective tissue 7%, separable fat 6%"
168237,10035,"Pork, fresh, loin, blade (roasts), bone-in, separable lean only, cooked, roasted",30,"Bone 18%, separable fat 7%, Connective tissue 5%"
168238,10036,"Pork, fresh, loin, center loin (chops), bone-in, separable lean and fat, raw",25,"Bone, 14%, Connective tissue 11%"
167826,10037,"Pork, fresh, loin, center loin (chops), bone-in, separable lean and fat, cooked, braised",20,"Bone 15%, Connective tissue 5%"
167827,10038,"Pork, fresh, loin, center loin (chops), bone-in, separable lean and fat, cooked, broiled",25,"Bone 16%, Connective tissue 9%"
167828,10039,"Pork, fresh, loin, center loin (roasts), bone-in, separable lean and fat, cooked, roasted",18,"Bone 14%, Connective tissue 4%"
167829,10040,"Pork, fresh, loin, center loin (chops), bone-in, separable lean only, raw",31,"Bone, 14%, Connective tissue, 11%, Separable fat, 6%"
168239,10041,"Pork, fresh, loin, center loin (chops), bone-in, separable lean only, cooked, braised",28,"Bone 15%, Connective tissue 5%, Separable fat 8%"
168240,10042,"Pork, fresh, loin, center loin (chops), bone-in, separable lean only, cooked, broiled",30,"Bone, 16%, Connective tissue, 9%, Separable fat, 5%"
168241,10043,"Pork, fresh, loin, center loin (roasts), bone-in, separable lean only, cooked, roasted",25,"Bone 14%, Connective tissue 4%, Separable fat 7%"
168242,10044,"Pork, fresh, loin, center rib (chops or roasts), bone-in, separable lean and fat, raw",34,"Bone 22%, Connective tissue 12%,"
167830,10045,"Pork, fresh, loin, center rib (chops), bone-in, separable lean and fat, cooked, braised",23,"Bone 17%, Connective tissue 6%"
167831,10046,"Pork, fresh, loin, center rib (chops), bone-in, separable lean and fat, cooked, broiled",35,"Bone, 24%, Connective tissue, 11%"
167832,10047,"Pork, fresh, loin, center rib (roasts), bone-in, separable lean and fat, cooked, roasted",23,"Bone 17%, Connective tissue 6%"
167833,10048,"Pork, fresh, loin, center rib (chops or roasts), bone-in, separable lean only, raw",40,"Bone 22%, Connective tissue, 12%, separable fat 6%"
168243,10049,"Pork, fresh, loin, center rib (chops), bone-in, separable lean only, cooked, braised",33,"Bone 17%, Connective tissue 6%, Separable fat 10%"
168244,10050,"Pork, fresh, loin, center rib (chops), bone-in, separable lean only, cooked, broiled",40,"Bone 24%, Connective tissue, 11%, separable fat 5%"
168245,10051,"Pork, fresh, loin, center rib (roasts), bone-in, separable lean only, cooked, roasted",31,"Bone 17%, Connective tissue 6%, separable fat 8%"
168246,10052,"Pork, fresh, loin, sirloin (chops or roasts), bone-in, separable lean and fat, raw",27,"Bone, 17%, Connective tissue, 10%"
167834,10053,"Pork, fresh, loin, sirloin (chops), bone-in, separable lean and fat, cooked, braised",24,"Connective tissue 6%, Bone 18%"
167835,10054,"Pork, fresh, loin, sirloin (chops), bone-in, separable lean and fat, cooked, broiled",21,"Connective tissue 6%, Bone 15%"
167836,10055,"Pork, fresh, loin, sirloin (roasts), bone-in, separable lean and fat, cooked, roasted",31,"Bone, 20%, Connective tissue, 11%"
167837,10056,"Pork, fresh, loin, sirloin (chops or roasts), bone-in, separable lean only, raw",33,"Bone 17%, Connective tissue, 11%, separable fat 5%"
167838,10057,"Pork, fresh, loin, sirloin (chops), bone-in, separable lean only, cooked, braised",31,"Connective tissue 6%, Bone 18%, Separable fat 7%"
168247,10058,"Pork, fresh, loin, sirloin (chops), bone-in, separable lean only, cooked, broiled",29,"Connective tissue 6%, Bone 15%, Separable fat 8%"
168248,10059,"Pork, fresh, loin, sirloin (roasts), bone-in, separable lean only, cooked, roasted",35,"Bone, 20%, connective tissue, 11%, separable fat, 4%"
168249,10060,"Pork, fresh, loin, tenderloin, separable lean only, raw",5,"Bone, 0%, Connective tissue, 3%, Separable fat, 2%"
168250,10061,"Pork, fresh, loin, tenderloin, separable lean only, cooked, roasted",4,"Connective tissue 3%, Separable fat .70%"
167839,10062,"Pork, fresh, loin, top loin (chops), boneless, separable lean and fat, raw",12,Connective tissue 12%
167840,10063,"Pork, fresh, loin, top loin (chops), boneless, separable lean and fat, cooked, braised",6,Connective tissue 6%
167841,10064,"Pork, fresh, loin, top loin (chops), boneless, separable lean and fat, cooked, broiled",14,Connective tissue
167842,10065,"Pork, fresh, loin, top loin (roasts), boneless, separable lean and fat, cooked, roasted",12,Connective tissue
168251,10066,"Pork, fresh, loin, top loin (chops), boneless, separable lean only, raw",17,"Connective tissue, 12%, Separable fat, 5%"
168252,10067,"Pork, fresh, loin, top loin (chops), boneless, separable lean only, cooked, braised",13,"Connective tissue 6%, Separable fat 7%"
168253,10068,"Pork, fresh, loin, top loin (chops), boneless, separable lean only, cooked, broiled",13,"Connective tissue, 9%, separable fat, 4%"
168254,10069,"Pork, fresh, loin, top loin (roasts), boneless, separable lean only, cooked, roasted",12,"Connective tissue 8%, separable fat 4%"
167843,10070,"Pork, fresh, shoulder, whole, separable lean and fat, raw",25,Bone and skin
167844,10071,"Pork, fresh, shoulder, whole, separable lean and fat, cooked, roasted",25,Bone and skin
167845,10072,"Pork, fresh, shoulder, whole, separable lean only, raw",39,"Bone and skin 25%, separable fat 14%"
167846,10073,"Pork, fresh, shoulder, whole, separable lean only, cooked, roasted",39,"Bone and skin 25%, separable fat 14%"
168255,10074,"Pork, fresh, shoulder, arm picnic, separable lean and fat, raw",22,"Bone 16%, Connective tissue 6%"
168256,10075,"Pork, fresh, shoulder, arm picnic, separable lean and fat, cooked, braised",23,"Connective tissue 8%, Bone 15%,"
168257,10076,"Pork, fresh, shoulder, arm picnic, separable lean and fat, cooked, roasted",27,Bone and skin
168258,10077,"Pork, fresh, shoulder, arm picnic, separable lean only, raw",32,"Bone 16%, Connective tissue 6%, separable fat 10%"
167847,10078,"Pork, fresh, shoulder, arm picnic, separable lean only, cooked, braised",30,"Bone 15%, Connective tissue 8%, Separable fat 7%"
167848,10079,"Pork, fresh, shoulder, arm picnic, separable lean only, cooked, roasted",43,"Bone and skin 27%, separable fat 16%"
167849,10080,"Pork, fresh, shoulder, (Boston butt), blade (steaks), separable lean and fat, raw",24,"Bone 9%, Connective tissue 15%"
167850,10081,"Pork, fresh, shoulder, (Boston butt), blade (steaks), separable lean and fat, cooked, braised",26,"Bone 9%, Connective tissue 17%"
167851,10082,"Pork, fresh, shoulder, blade, boston (steaks), separable lean and fat, cooked, broiled",23,Bone
168259,10083,"Pork, fresh, shoulder, blade, boston (roasts), separable lean and fat, cooked, roasted",24,Bone
168260,10084,"Pork, fresh, shoulder, (Boston butt), blade (steaks), separable lean only, raw",32,"Bone, 9%, Connective tissue, 15%, Separable fat, 8%"
168261,10085,"Pork, fresh, shoulder, (Boston butt), blade (steaks), separable lean only, cooked, braised",32,"Bone, 9%, Connective tissue, 17%, Separable fat, 6%"
168262,10086,"Pork, fresh, shoulder, blade, boston (steaks), separable lean only, cooked, broiled",33,"Bone 23%, separable fat 10%"
167852,10087,"Pork, fresh, shoulder, blade, boston (roasts), separable lean only, cooked, roasted",31,"Bone 24%, separable fat 7%"
167853,10088,"Pork, fresh, spareribs, separable lean and fat, raw",30,Bone
167854,10089,"Pork, fresh, spareribs, separable lean and fat, cooked, braised",38,Bone
167855,10093,"Pork, fresh, composite of trimmed retail cuts (leg, loin, and shoulder), separable lean only, cooked",31,"Bone and skin 22%, separable fat 9%"
168263,10094,"Pork, fresh, loin, center loin (chops), boneless, separable lean only, raw",16,separable fat 16%
168264,10096,"Pork, fresh, variety meats and by-products, brain, raw",2,Blood clots and membrane
168265,10097,"Pork, fresh, variety meats and by-products, brain, cooked, braised",0,
168266,10098,"Pork, fresh, variety meats and by-products, chitterlings, raw",18,Separable fat
167856,10099,"Pork, fresh, variety meats and by-products, chitterlings, cooked, simmered",0,
167857,10100,"Pork, fresh, variety meats and by-products, ears, frozen, raw",5,Thaw juice and trim
167858,10101,"Pork, fresh, variety meats and by-products, ears, frozen, cooked, simmered",0,
167859,10102,"Pork, fresh, variety meats and by-products, feet, raw",29,Bone and hard tissue
168267,10103,"Pork, fresh, variety meats and by-products, heart, raw",0,
168268,10104,"Pork, fresh, variety meats and by-products, heart, cooked, braised",0,
168269,10105,"Pork, fresh, variety meats and by-products, jowl, raw",0,
168270,10106,"Pork, fresh, variety meats and by-products, kidneys, raw",7,"Fat, veins, and membranes"
167860,10107,"Pork, fresh, variety meats and by-products, kidneys, cooked, braised",0,
167861,10109,"Pork, fresh, variety meats and by-products, leaf fat, raw",0,
167862,10110,"Pork, fresh, variety meats and by-products, liver, raw",0,
167863,10111,"Pork, fresh, variety meats and by-products, liver, cooked, braised",0,
167864,10112,"Pork, fresh, variety meats and by-products, lungs, raw",13,Blood clots and membranes
168271,10113,"Pork, fresh, variety meats and by-products, lungs, cooked, braised",0,
168272,10114,"Pork, fresh, variety meats and by-products, mechanically separated, raw",0,
168273,10115,"Pork, fresh, variety meats and by-products, pancreas, raw",0,
168274,10116,"Pork, fresh, variety meats and by-products, pancreas, cooked, braised",0,
167865,10117,"Pork, fresh, variety meats and by-products, spleen, raw",0,
167866,10118,"Pork, fresh, variety meats and by-products, spleen, cooked, braised",0,
167867,10119,"Pork, fresh, variety meats and by-products, stomach, raw",0,
167868,10120,"Pork, fresh, loin, blade (chops), bone-in, separable lean only, cooked, pan-fried",33,"Bone 19%, Connective tissue 8%, separable fat 6%"
168275,10121,"Pork, fresh, variety meats and by-products, tongue, raw",16,Cartilage and connective tissue
168276,10122,"Pork, fresh, variety meats and by-products, tongue, cooked, braised",24,Skin and trimmings
168277,10123,"Pork, cured, bacon, unprepared",0,
168278,10128,"Pork, cured, breakfast strips, raw or unheated",0,
167869,10130,"Canadian bacon, unprepared",0,
167870,10132,"Pork, cured, feet, pickled",66,Bone and hard tissue 66%
167871,10134,"Pork, cured, ham, boneless, extra lean (approximately 5% fat), roasted",0,
167872,10136,"Pork, cured, ham, boneless, regular (approximately 11% fat), roasted",0,
168279,10137,"Pork, cured, ham, extra lean (approximately 4% fat), canned, unheated",0,
168280,10138,"Pork, cured, ham, extra lean (approximately 4% fat), canned, roasted",0,
168281,10140,"Pork, cured, ham, regular (approximately 13% fat), canned, roasted",0,
168282,10141,"Pork, cured, ham, center slice, country-style, separable lean only, raw",15,"Bone and skin 3%, separable fat 12%"
168283,10142,"Pork, cured, ham, center slice, separable lean and fat, unheated",3,Bone
167873,10146,"Pork, cured, ham, patties, unheated",0,
167874,10149,"Pork, cured, ham, steak, boneless, extra lean, unheated",0,
167875,10150,"Pork, cured, ham, whole, separable lean and fat, unheated",18,Bone and skin
167876,10152,"Pork, cured, ham, whole, separable lean only, unheated",37,"Bone and skin 18%, separable fat 19%"
168284,10153,"Pork, cured, ham, whole, separable lean only, roasted",39,"Bone and skin 24%, separable fat 15%"
168285,10163,"Pork, fresh, loin, center loin (chops), boneless, separable lean only, cooked, pan-broiled",14,Separable lean 14%
168286,10164,"Pork, fresh, loin, center loin (chops), boneless, separable lean and fat, raw",0,
168287,10165,"Pork, cured, salt pork, raw",0,
167877,10166,"Pork, cured, separable fat (from ham and arm picnic), unheated",0,
167878,10167,"Pork, cured, separable fat (from ham and arm picnic), roasted",0,
167879,10168,"Pork, cured, shoulder, arm picnic, separable lean and fat, roasted",27,Bone and skin
167880,10169,"Pork, cured, shoulder, arm picnic, separable lean only, roasted",46,"Bone and skin 27%, separable fat 19%"
168288,10170,"Pork, cured, shoulder, blade roll, separable lean and fat, unheated",0,
168289,10171,"Pork, cured, shoulder, blade roll, separable lean and fat, roasted",0,
168290,10173,"Pork, fresh, variety meats and by-products, feet, cooked, simmered",60,Bone and hard tissue
168291,10174,"Pork, fresh, variety meats and by-products, tail, raw",30,Bone and hard tissue
167881,10175,"Pork, fresh, variety meats and by-products, tail, cooked, simmered",32,Bone and hard tissue
167882,10176,"Pork, fresh, loin, center loin (chops), bone-in, separable lean only, cooked, pan-fried",28,"Bone 14%, separable fat 8%, Connective tissue 6%"
167883,10177,"Pork, fresh, loin, center rib (chops), bone-in, separable lean only, cooked, pan-fried",32,"Bone 17%, Connective tissue 6%, separable fat 9%"
167884,10178,"Pork, fresh, loin, blade (chops), bone-in, separable lean and fat, cooked, pan-fried",27,"Bone 19%, Connective tissue 8%"
168292,10179,"Pork, fresh, loin, center loin (chops), bone-in, separable lean and fat, cooked, pan-fried",20,"Bone 14%, Connective tissue 6%"
168293,10180,"Pork, fresh, loin, center rib (chops), bone-in, separable lean and fat, cooked, pan-fried",23,"Bone 17%, Connective tissue 6%"
168294,10181,"Pork, fresh, loin, top loin (chops), boneless, separable lean only, cooked, pan-fried",10,"Connective tissue 5%, separable fat 5%,"
168295,10182,"Pork, cured, ham, boneless, extra lean and regular, unheated",0,
168296,10183,"Pork, cured, ham, boneless, extra lean and regular, roasted",0,
167885,10184,"Pork, cured, ham, extra lean and regular, canned, unheated",0,
167886,10185,"Pork, cured, ham, extra lean and regular, canned, roasted",0,
167887,10186,"Pork, fresh, loin, top loin (chops), boneless, separable lean and fat, cooked, pan-fried",5,Connective tissue 5%
167888,10187,"Pork, fresh, composite of trimmed retail cuts (leg, loin, shoulder, and spareribs), separable lean and fat, raw",25,Bone and skin
168297,10188,"Pork, fresh, composite of trimmed retail cuts (leg, loin, shoulder, and spareribs), separable lean and fat, cooked",0,
168298,10189,"Pork, fresh, loin, center loin (chops), boneless, separable lean and fat, cooked, pan-broiled",0,
168299,10192,"Pork, fresh, backribs, separable lean and fat, raw",37,"Bone 30%, Connective tissue 7%"
168300,10193,"Pork, fresh, backribs, separable lean and fat, cooked, roasted",43,Bone
167889,10194,"Pork, fresh, loin, center rib (chops or roasts), boneless, separable lean and fat, raw",11,Connective tissue
167890,10195,"Pork, fresh, loin, center rib (chops), boneless, separable lean and fat, cooked, braised",5,Connective tissue
167891,10196,"Pork, fresh, loin, center rib (chops), boneless, separable lean and fat, cooked, broiled",6,Connective tissue
167892,10197,"Pork, fresh, loin, center rib (chops), boneless, separable lean and fat, cooked, pan-fried",8,Connective tissue
168301,10198,"Pork, fresh, loin, center rib (roasts), boneless, separable lean and fat, cooked, roasted",8,Connective tissue
168302,10199,"Pork, fresh, loin, center rib (chops or roasts), boneless, separable lean only, raw",22,"Connective tissue 11%, separable fat 11%"
168303,10200,"Pork, fresh, loin, center rib (chops), boneless, separable lean only, cooked, braised",15,"Connective tissue 5%, separable fat 10%"
168304,10201,"Pork, fresh, loin, center rib (chops), boneless, separable lean only, cooked, broiled",16,"Connective tissue 6%, separable fat 10%"
167893,10202,"Pork, fresh, loin, center rib (chops), boneless, separable lean only, cooked, pan-fried",19,"Connective tissue 8%, separable fat 11%"
167894,10203,"Pork, fresh, loin, center rib (roasts), boneless, separable lean only, cooked, roasted",18,"Connective tissue 8%, separable fat 10%"
167895,10204,"Pork, fresh, loin, country-style ribs, separable lean and fat, raw",35,"Bone 21%, Connective tissue 14%"
167896,10205,"Pork, fresh, loin, country-style ribs, separable lean and fat, cooked, braised",39,"Bone 24%, Connective tissue 15%"
167897,10206,"Pork, fresh, loin, country-style ribs, separable lean and fat, bone-in, cooked, roasted",25,"Connective tisue 8%, Bone 17%"
168305,10207,"Pork, fresh, loin, country-style ribs, separable lean only, raw",41,"Bone 21%, Connective tissue, 14%, separable fat 6%"
168306,10208,"Pork, fresh, loin, country-style ribs, separable lean only, cooked, braised",43,"Bone 24%, Connective tissue, 15%, separable fat 4%"
168307,10209,"Pork, fresh, loin, country-style ribs, separable lean only, bone-in, cooked, roasted",32,"Connective tissue 8%, Bone 17%, Separable fat 7%"
168308,10210,"Pork, fresh, loin, sirloin (chops or roasts), boneless, separable lean and fat, raw",6,Connective tissue 4%
167898,10211,"Pork, fresh, loin, sirloin (chops), boneless, separable lean and fat, cooked, braised",2,Connective tissue 2%
167899,10212,"Pork, fresh, loin, sirloin (chops), boneless, separable lean and fat, cooked, broiled",2,Connective tissue 2%
167900,10213,"Pork, fresh, loin, sirloin (roasts), boneless, separable lean and fat, cooked, roasted",3,Connective tissue 3%
167901,10214,"Pork, fresh, loin, sirloin (chops or roasts), boneless, separable lean only, raw",7,"Connective tissue 5%, Separable fat 2%"
168309,10215,"Pork, fresh, loin, sirloin (chops), boneless, separable lean only, cooked, braised",4,"Connective tissue 3%, Separable fat 1%"
168310,10216,"Pork, fresh, loin, sirloin (chops), boneless, separable lean only, cooked, broiled",4,"Connective tissue 2%, Separable fat 2%"
168311,10217,"Pork, fresh, loin, sirloin (roasts), boneless, separable lean only, cooked, roasted",6,"Connective tissue 3%, separable fat 3%"
168312,10218,"Pork, fresh, loin, tenderloin, separable lean and fat, raw",5,Connective tissue 5%
167902,10219,"Pork, fresh, ground, raw",0,
167903,10220,"Pork, fresh, ground, cooked",0,
167904,10221,"Pork, fresh, loin, tenderloin, separable lean and fat, cooked, broiled",3,Connective tissue
167905,10222,"Pork, fresh, loin, tenderloin, separable lean and fat, cooked, roasted",4,Connective tissue
168313,10223,"Pork, fresh, loin, tenderloin, separable lean only, cooked, broiled",6,"Connective tissue 3%, separable fat 3%"
168314,10224,"Pork, fresh, loin, top loin (roasts), boneless, separable lean and fat, raw",16,Connective tissue
168315,10225,"Pork, fresh, loin, top loin (roasts), boneless, separable lean only, raw",16,"Connective tissue 10%, separable fat 6%"
168316,10226,"Pork, fresh, composite of trimmed retail cuts (loin and shoulder blade), separable lean and fat, raw",22,Bone
167906,10227,"Pork, fresh, composite of trimmed retail cuts (loin and shoulder blade), separable lean and fat, cooked",22,Bone
167907,10228,"Pork, fresh, composite of trimmed retail cuts (loin and shoulder blade), separable lean only, raw",30,"Bone 22%, separable fat 8%"
167908,10229,"Pork, fresh, composite of trimmed retail cuts (loin and shoulder blade), separable lean only, cooked",30,"Bone 22%, separable fat 8%"
167909,10851,"HORMEL, Cure 81 Ham",0,
167910,10852,"HORMEL ALWAYS TENDER, Pork Tenderloin, Teriyaki-Flavored",0,
168317,10853,"HORMEL ALWAYS TENDER, Pork Tenderloin, Peppercorn-Flavored",0,
168318,10854,"HORMEL ALWAYS TENDER, Pork Loin Filets, Lemon Garlic-Flavored",0,
168319,10855,"HORMEL ALWAYS TENDER, Center Cut Chops, Fresh Pork",0,
168320,10856,"HORMEL ALWAYS TENDER, Boneless Pork Loin, Fresh Pork",0,
167911,10857,HORMEL Canadian Style Bacon,0,
167912,10858,"Pork, fresh, loin, top loin (chops), boneless, separable lean only, with added solution, cooked, pan-broiled",9,Separable fat
167913,10859,"Pork, fresh, loin, top loin (chops), boneless, separable lean and fat, with added solution, cooked, pan-broiled",0,
167914,10860,"Pork, cured, bacon, cooked, baked",0,
168321,10861,"Pork, cured, bacon, cooked, microwaved",0,
168322,10862,"Pork, cured, bacon, pre-sliced, cooked, pan-fried",0,
168323,10863,"Pork, fresh, variety meats and by-products, stomach, cooked, simmered",0,
168324,10864,"Pork, bacon, rendered fat, cooked",0,
167915,10865,"Pork, cured, ham -- water added, rump, bone-in, separable lean only, heated, roasted",19,"Bone 10%, separable fat 9%"
167916,10866,"Pork, cured, ham -- water added, rump, bone-in, separable lean only, unheated",28,"Bone 12%, Separable fat 16%"
167917,10867,"Pork, cured, ham -- water added, shank, bone-in, separable lean only, heated, roasted",35,"Bone 13%, Connective tissue 6%, Separable fat 16%"
167918,10868,"Pork, cured, ham -- water added, slice, bone-in, separable lean only, heated, pan-broil",13,"Separable fat 9%, Bone 4%"
168325,10869,"Pork, cured, ham and water product, slice, bone-in, separable lean only, heated, pan-broil",12,"Bone 3%, Connective tissue 1%, Separable fat 8%"
168326,10870,"Pork, cured, ham and water product, slice, boneless, separable lean only, heated, pan-broil",0,
168327,10871,"Pork, cured, ham and water product, whole, boneless, separable lean only, heated, roasted",0,
168328,10872,"Pork, cured, ham and water product, whole, boneless, separable lean only, unheated",3,Separable fat 3%
167919,10873,"Pork, cured, ham with natural juices, rump, bone-in, separable lean only, heated, roasted",23,"Bone 14%, Separable fat 9%"
167920,10874,"Pork, cured, ham with natural juices, shank, bone-in, separable lean only, heated, roasted",26,"Bone 12%, Connective tissue 3%, Separable fat 11%"
168330,10875,"Pork, cured, ham with natural juices, slice, bone-in, separable lean only, heated, pan-broil",11,"Bone 3%, Separable fat 8%"
168331,10876,"Pork, cured, ham with natural juices, spiral slice, meat only, boneless, separable lean only, heated, roasted",3,Separable fat
168332,10877,"Pork, cured, ham and water product, rump, bone-in, separable lean only, heated, roasted",26,"Bone 13%, Connective tissue 1%, Separable fat 12%"
168329,10878,"Pork, cured, ham -- water added, slice, boneless, separable lean only, heated, pan-broil",2,Separable fat
169148,10879,"Pork, cured, ham -- water added, whole, boneless, separable lean only, heated, roasted",2,Separable fat 2%
169149,10880,"Pork, cured, ham -- water added, whole, boneless, separable lean only, unheated",3,Separable fat
169150,10881,"Pork, cured, ham and water product, shank, bone-in, separable lean only, heated, roasted",41,"Bone 16%, Connective tissue 4%, Separable fat 21%"
168333,10882,"Pork, cured, ham with natural juices, slice, boneless, separable lean only, heated, pan-broil",1,Separable fat
168334,10883,"Pork, cured, ham with natural juices, whole, boneless, separable lean only, heated, roasted",3,Separable fat 3%
168335,10884,"Pork, cured, ham with natural juices, whole, boneless, separable lean only, unheated",4,Separable fat 4%
168336,10885,"Pork, cured, ham -- water added, shank, bone-in, separable lean only, unheated",26,"Bone 10%, Separable fat 16%"
169151,10886,"Pork, cured, ham -- water added, slice, bone-in, separable lean only, unheated",20,"Bone 4%, Separable fat 16%"
169152,10887,"Pork, cured, ham and water product, rump, bone-in, separable lean only, unheated",18,Bone
169153,10888,"Pork, cured, ham and water product, slice, bone-in, separable lean only, unheated",14,"Bone 3%, Separable fat 11%"
169154,10889,"Pork, cured, ham and water product, shank, bone-in, unheated, separable lean only",44,"Bone 17%, Separable fat 27%"
168337,10890,"Pork, cured, ham with natural juices, rump, bone-in, separable lean only, unheated",37,"Bone 21%, Separable fat 16%"
168338,10891,"Pork, cured, ham with natural juices, shank, bone-in, separable lean only, unheated",24,"Bone 10%, Separable fat 14%"
168339,10892,"Pork, cured, ham with natural juices, slice, bone-in, separable lean only, unheated",12,"Bone 3%, Separable fat 9%"
168340,10893,"Pork, cured, ham with natural juices, spiral slice, boneless, separable lean only, unheated",5,Separable fat 5%
169155,10894,"Pork, cured, ham, separable fat, boneless, heated",0,
169156,10895,"Pork, cured, ham, separable fat, boneless, unheated",0,
169157,10898,"Pork, pickled pork hocks",0,
169158,10899,"Pork, cured, ham, slice, bone-in, separable lean only, heated, pan-broil",14,"Bone 5%, Separable fat 9%"
169159,10900,"Pork, cured, ham with natural juices, whole, boneless, separable lean and fat, unheated",0,
168341,10901,"Pork, cured, ham with natural juices, spiral slice, boneless, separable lean and fat, unheated",0,
168342,10902,"Pork, cured, ham with natural juices, slice, bone-in, separable lean and fat, unheated",3,Bone
168343,10903,"Pork, cured, ham with natural juices, shank, bone-in, separable lean and fat, unheated",10,Bone
168344,10904,"Pork, cured, ham with natural juices, rump, bone-in, separable lean and fat, unheated",21,Bone
169160,10905,"Pork, cured, ham and water product, whole, boneless, separable lean and fat, unheated",0,
169161,10906,"Pork, cured, ham and water product, slice, bone-in, separable lean and fat, unheated",3,Bone
169162,10907,"Pork, cured, ham and water product, shank, bone-in, separable lean and fat, unheated",17,Bone
169163,10908,"Pork, cured, ham and water product, rump, bone-in, separable lean and fat, unheated",18,Bone
168345,10909,"Pork, cured, ham -- water added, whole, boneless, separable lean and fat, unheated",0,
168346,10910,"Pork, cured, ham -- water added, slice, bone-in, separable lean and fat, unheated",4,Bone
168347,10911,"Pork, cured, ham -- water added, shank, bone-in, separable lean and fat, unheated",10,Bone
168348,10912,"Pork, cured, ham -- water added, rump, bone-in, separable lean and fat, unheated",12,Bone
169164,10913,"Pork, cured, ham -- water added, rump, bone-in, separable lean and fat, heated, roasted",10,Bone
169165,10914,"Pork, cured, ham -- water added, shank, bone-in, separable lean and fat, heated, roasted",19,"Bone 13%, Connective tissue 6%"
169166,10915,"Pork, cured, ham -- water added, slice, bone-in, separable lean and fat, heated, pan-broil",4,Bone
169167,10916,"Pork, cured, ham -- water added, slice, boneless, separable lean and fat, heated, pan-broil",0,
168349,10917,"Pork, cured, ham -- water added, whole, boneless, separable lean and fat, heated, roasted",0,
168350,10918,"Pork, cured, ham and water product, rump, bone-in, separable lean and fat, heated, roasted",14,"Bone 13%, Connective tissue 1%"
168351,10919,"Pork, cured, ham and water product, shank, bone-in, separable lean and fat, heated, roasted",20,"Bone 16%, Connective tissue 4%"
168352,10920,"Pork, cured, ham and water product, slice, bone-in, separable lean and fat, heated, pan-broil",4,"Bone 3%, Connective tissue 1%"
169168,10921,"Pork, cured, ham and water product, slice, boneless, separable lean and fat, heated, pan-broil",0,
169169,10922,"Pork, cured, ham and water product, whole, boneless, separable lean and fat, heated, roasted",0,
169170,10923,"Pork, cured, ham with natural juices, rump, bone-in, separable lean and fat, heated, roasted",14,Bone
169171,10924,"Pork, cured, ham with natural juices, shank, bone-in, separable lean and fat, heated, roasted",15,"Bone 12%, Connective tissue 3%"
169172,10925,"Pork, cured, ham with natural juices, slice, bone-in, separable lean and fat, heated, pan-broil",3,Bone
168353,10926,"Pork, cured, ham with natural juices, slice, boneless, separable lean and fat, heated, pan-broil",0,
168354,10927,"Pork, cured, ham with natural juices, spiral slice, boneless, separable lean and fat, heated, roasted",0,
168355,10928,"Pork, cured, ham with natural juices, whole, boneless, separable lean and fat, heated, roasted",0,
168356,10929,"Pork, cured, ham, rump, bone-in, separable lean and fat, heated, roasted",23,Bone
169173,10931,"Pork, cured, ham, rump, bone-in, separable lean only, heated, roasted",23,"Bone 13%, Separable fat 10%"
169174,10932,"Pork, cured, ham, rump, bone-in, separable lean only, unheated",26,"Bone 13%, Separable fat 13%"
169175,10933,"Pork, cured, ham, shank, bone-in, separable lean only, heated, roasted",22,"Bone 12%, Separable fat 10%"
169176,10934,"Pork, cured, ham, shank, bone-in, separable lean only, unheated",23,"Bone 11%, Separable fat 12%"
168357,10935,"Pork, cured, ham, shank, bone-in, separable lean and fat, heated, roasted",22,Bone
168358,10936,"Pork, cured, ham, shank, bone-in, separable lean and fat, unheated",11,Bone
168359,10937,"Pork, cured, ham, slice, bone-in, separable lean and fat, heated, pan-broil",14,Bone
168360,10938,"Pork, cured, ham, slice, bone-in, separable lean only, unheated",16,"Bone 5%, Separable fat 11%"
169177,10939,"Pork, cured, ham, slice, bone-in, separable lean and fat, unheated",5,Bone
169178,10940,"Pork, fresh, spareribs, separable lean and fat, cooked, roasted",32,Bone
169179,10942,"Pork, fresh, composite of separable fat, with added solution, raw",0,
169180,10943,"Pork, fresh, loin, tenderloin, separable lean only, with added solution, cooked, roasted",5,"Connective tissue, 4%, Separable fat, 1%"
168361,10944,"Pork, fresh, enhanced, loin, tenderloin, separable lean only, raw",5,"Connective tissue, 3%, Separable fat, 2%"
168362,10945,"Pork, fresh, shoulder, (Boston butt), blade (steaks), separable lean only, with added solution cooked, braised",35,"Bone, 9%, Connective tissue, 19%, Separable fat, 7%"
168363,10946,"Pork, fresh, shoulder, (Boston butt), blade (steaks), separable lean only, with added solution, raw",32,"Bone, 7%, Connective tissue, 16%, Separable fat, 9%"
168364,10947,"Pork, fresh, loin, top loin (chops), boneless, separable lean only, with added solution, cooked, broiled",7,Separable fat 7%
169181,10948,"Pork, fresh, loin, top loin (chops), boneless, separable lean only, with added solution, raw",14,Separable fat 14%
169182,10949,"Pork, fresh, loin, top loin (chops), boneless, separable lean and fat, with added solution, raw",0,
169183,10950,"Pork, fresh, loin, top loin (chops), boneless, separable lean and fat, with added solution, cooked, broiled",0,
169184,10951,"Pork, fresh, loin, tenderloin, separable lean and fat, with added solution, raw",3,Connective tissue 3%
169185,10952,"Pork, fresh, loin, tenderloin, separable lean and fat, with added solution, cooked, roasted",4,Connective tissue
168365,10953,"Pork, fresh, shoulder, (Boston butt), blade (steaks), separable lean and fat,with added solution, raw",23,"Bone, 7%, Connective tissue, 16%"
168366,10954,"Pork, fresh, shoulder, (Boston butt), blade (steaks), separable lean and fat, with added solution, cooked, braised",28,"Bone, 9%, Connective tissue, 19%"
168367,10955,"Pork, cured, ham, rump, bone-in, separable lean and fat, unheated",13,Bone
168368,10956,"Pork, loin, leg cap steak, boneless, separable lean and fat, cooked, broiled",0,
169186,10957,"Pork, Leg Cap Steak, boneless, separable lean and fat, raw",0,
169187,10958,"Pork, Shoulder breast, boneless, separable lean and fat, raw",0,
169188,10959,"Pork, Shoulder breast, boneless, separable lean and fat, cooked, broiled",0,
169189,10960,"Pork, shoulder, petite tender, boneless, separable lean and fat, cooked, broiled",0,
168369,10961,"Pork, Shoulder petite tender, boneless, separable lean and fat, raw",0,
168370,10962,"Pork, Leg sirloin tip roast, boneless, separable lean and fat, cooked, braised",0,
168371,10963,"Pork, Leg sirloin tip roast, boneless, separable lean and fat, raw",0,
168372,10972,"Pork, ground, 84% lean / 16% fat, raw",0,
169190,10973,"Pork, ground, 96% lean / 4% fat, raw",0,
169191,10974,"Pork, ground, 72% lean / 28% fat, cooked, crumbles",0,
169192,10975,"Pork, ground, 84% lean / 16% fat, cooked, crumbles",0,
169193,10976,"Pork, ground, 96% lean / 4% fat, cooked, crumbles",0,
168373,10977,"Pork, ground, 72% lean / 28% fat, cooked, pan-broiled",0,
168374,10978,"Pork, ground, 84% lean / 16% fat, cooked, pan-broiled",0,
168375,10979,"Pork, ground, 96% lean / 4% fat, cooked, pan-broiled",0,
168376,10980,"Pork loin, fresh, backribs, bone-in, raw, lean only",50,"Bone 30%, Connective tissue 7%, Separable fat 9%"
168377,10981,"Pork loin, fresh, backribs, bone-in, cooked-roasted, lean only",40,"Bone 31%, Connective tissue 4%, Separable fat 5%"
169194,10982,"Pork, fresh, loin, blade (chops or roasts), boneless, separable lean only, raw",13,"Connective tissue 7%, Separable fat 6%"
169195,10983,"Pork, fresh, loin, blade (roasts), boneless, separable lean only, cooked, roasted",10,"Connective tissue 5%, Separable fat 5%"
169196,10984,"Pork, fresh, loin, blade (chops), boneless, separable lean only, boneless, cooked, broiled",13,"Connective tissue 6%, Separable fat 7%"
169197,10985,"Pork, fresh, loin, country-style ribs, separable lean only, boneless, cooked, broiled",13,"Connective tissue 6%, Separable fat 7%"
168378,10986,"Pork, fresh, loin, country-style ribs, separable lean only, bone-in, cooked, broiled",30,"Connective tissue 5%, Bone 17%, Separable fat 8%"
168379,10987,"Pork, fresh, loin, country-style ribs, separable lean only, boneless, cooked, roasted",19,"Connective tissue 7%, Separable fat 11%"
168380,10988,"Pork, fresh, blade, (chops), boneless, separable lean and fat, cooked, broiled",6,Connective tissue 6%
168381,10989,"Pork, fresh, loin, blade (chops or roasts), boneless, separable lean and fat only, raw",7,Connective tissue 7%
169198,10990,"Pork, fresh, loin, blade (roasts), boneless, separable lean and fat, cooked, roasted",5,Connective tissue 5%
169199,10991,"Pork, fresh, loin, country-style ribs, separable lean and fat, boneless, cooked, broiled",6,Connective tissue 6%
169200,10992,"Pork, fresh, loin, country-style ribs, separable lean and fat, bone-in, cooked, broiled",22,"Connective tissue 5%, Bone 17%"
169201,10993,"Pork, fresh, loin, country-style ribs, separable lean and fat, boneless, cooked, roasted",7,"Connective tissue 7%,"
168382,10994,"Bacon, pre-sliced, reduced/low sodium, unprepared",0,
168383,10998,"Canadian bacon, cooked, pan-fried",0,
168384,11001,"Alfalfa seeds, sprouted, raw",0,
168385,11003,"Amaranth leaves, raw",6,Tough stems
169202,11004,"Amaranth leaves, cooked, boiled, drained, without salt",0,
169203,11005,"Arrowhead, raw",25,Skin and sprout
169204,11006,"Arrowhead, cooked, boiled, drained, without salt",0,
169205,11007,"Artichokes, (globe or french), raw",60,Stem and inedible parts of bracts and flowers
168386,11008,"Artichokes, (globe or french), cooked, boiled, drained, without salt",60,Stem and inedible parts of bracts and flowers
168387,11009,"Artichokes, (globe or french), frozen, unprepared",0,
168388,11010,"Artichokes, (globe or french), frozen, cooked, boiled, drained, without salt",0,
168389,11011,"Asparagus, raw",47,Butt ends
168390,11012,"Asparagus, cooked, boiled, drained",0,
169206,11013,"Asparagus, canned, regular pack, solids and liquids",0,
169207,11015,"Asparagus, canned, drained solids",0,
169208,11018,"Asparagus, frozen, unprepared",0,
169209,11019,"Asparagus, frozen, cooked, boiled, drained, without salt",0,
168391,11022,"Balsam-pear (bitter gourd), leafy tips, raw",62,Tough stems and leaves
168392,11023,"Balsam-pear (bitter gourd), leafy tips, cooked, boiled, drained, without salt",0,
168393,11024,"Balsam-pear (bitter gourd), pods, raw",17,Tough stems and leaves
168394,11025,"Balsam-pear (bitter gourd), pods, cooked, boiled, drained, without salt",0,
169210,11026,"Bamboo shoots, raw",71,Sheath
169211,11027,"Bamboo shoots, cooked, boiled, drained, without salt",0,
169212,11028,"Bamboo shoots, canned, drained solids",0,
169213,11029,"Beans, kidney, mature seeds, sprouted, raw",0,
168395,11030,"Beans, kidney, mature seeds, sprouted, cooked, boiled, drained, without salt",0,
168396,11031,"Lima beans, immature seeds, raw",56,Pods and imperfect beans
169135,11032,"Lima beans, immature seeds, cooked, boiled, drained, without salt",0,
169136,11033,"Lima beans, immature seeds, canned, regular pack, solids and liquids",0,
169953,11037,"Lima beans, immature seeds, frozen, fordhook, unprepared",0,
169954,11038,"Lima beans, immature seeds, frozen, fordhook, cooked, boiled, drained, without salt",0,
169955,11039,"Lima beans, immature seeds, frozen, baby, unprepared",0,
169956,11040,"Lima beans, immature seeds, frozen, baby, cooked, boiled, drained, without salt",0,
169957,11043,"Mung beans, mature seeds, sprouted, raw",0,
169137,11044,"Mung beans, mature seeds, sprouted, cooked, boiled, drained, without salt",0,
169138,11045,"Mung beans, mature seeds, sprouted, cooked, stir-fried",0,
169139,11046,"Beans, navy, mature seeds, sprouted, raw",0,
169140,11047,"Beans, navy, mature seeds, sprouted, cooked, boiled, drained, without salt",0,
169958,11048,"Beans, pinto, immature seeds, frozen, unprepared",0,
169959,11049,"Beans, pinto, immature seeds, frozen, cooked, boiled, drained, without salt",0,
169960,11050,"Beans, shellie, canned, solids and liquids",0,
169961,11052,"Beans, snap, green, raw",12,"Ends, strings, trimmings"
169141,11053,"Beans, snap, green, cooked, boiled, drained, without salt",0,
169142,11054,"Beans, snap, green, canned, regular pack, solids and liquids",0,
169143,11056,"Beans, snap, green, canned, regular pack, drained solids",0,
169144,11058,"Beans, snap, canned, all styles, seasoned, solids and liquids",0,
169962,11060,"Beans, snap, green, frozen, all styles, unprepared (Includes foods for USDA's Food Distribution Program)",0,
169963,11061,"Beans, snap, green, frozen, cooked, boiled, drained without salt",0,
169964,11062,"Beans, snap, green, frozen, all styles, microwaved",0,
169965,11063,"Beans, snap, green, microwaved",0,
169145,11080,"Beets, raw",33,Parings and part tops
169146,11081,"Beets, cooked, boiled, drained",0,
169147,11082,"Beets, canned, regular pack, solids and liquids",0,
169966,11084,"Beets, canned, drained solids",0,
170375,11086,"Beet greens, raw",44,"Stems, bruised and old leaves"
170376,11087,"Beet greens, cooked, boiled, drained, without salt",0,
170377,11088,"Broadbeans, immature seeds, raw",3,Ends
170378,11089,"Broadbeans, immature seeds, cooked, boiled, drained, without salt",0,
170379,11090,"Broccoli, raw",39,Leaves and tough stalks with trimmings
169967,11091,"Broccoli, cooked, boiled, drained, without salt",0,
169968,11092,"Broccoli, frozen, chopped, unprepared",0,
169969,11093,"Broccoli, frozen, chopped, cooked, boiled, drained, without salt",0,
169970,11094,"Broccoli, frozen, spears, unprepared (Includes foods for USDA's Food Distribution Program)",0,
170380,11095,"Broccoli, frozen, spears, cooked, boiled, drained, without salt",0,
170381,11096,"Broccoli raab, raw",0,
170382,11097,"Broccoli raab, cooked",0,
170383,11098,"Brussels sprouts, raw",10,Outer leaves
169971,11099,"Brussels sprouts, cooked, boiled, drained, without salt",0,
169972,11100,"Brussels sprouts, frozen, unprepared",0,
169973,11101,"Brussels sprouts, frozen, cooked, boiled, drained, without salt",0,
169974,11104,"Burdock root, raw",25,"Skin, root and tips"
170384,11105,"Burdock root, cooked, boiled, drained, without salt",0,
170385,11106,"Butterbur, (fuki), raw",12,"Leaves, stem ends, peels"
170386,11107,"Butterbur, cooked, boiled, drained, without salt",0,
170387,11108,"Butterbur, canned",0,
169975,11109,"Cabbage, raw",20,Outer leaves and core
169976,11110,"Cabbage, cooked, boiled, drained, without salt",0,
169977,11112,"Cabbage, red, raw",20,Outer leaves and core
169978,11113,"Cabbage, red, cooked, boiled, drained, without salt",0,
170388,11114,"Cabbage, savoy, raw",20,Outer leaves and core
170389,11115,"Cabbage, savoy, cooked, boiled, drained, without salt",0,
170390,11116,"Cabbage, chinese (pak-choi), raw",12,Base and damaged leaves
170391,11117,"Cabbage, chinese (pak-choi), cooked, boiled, drained, without salt",0,
170392,11118,"Cabbage, kimchi",0,
169979,11119,"Cabbage, chinese (pe-tsai), raw",7,Outer leaves and root base
169980,11120,"Cabbage, chinese (pe-tsai), cooked, boiled, drained, without salt",0,
169981,11122,"Cardoon, raw",51,Tough stems and leaves
169982,11123,"Cardoon, cooked, boiled, drained, without salt",0,
170393,11124,"Carrots, raw",11,"Crown, tops and scrapings"
170394,11125,"Carrots, cooked, boiled, drained, without salt",0,
170395,11126,"Carrots, canned, regular pack, solids and liquids",0,
170396,11128,"Carrots, canned, regular pack, drained solids",0,
169983,11130,"Carrots, frozen, unprepared (Includes foods for USDA's Food Distribution Program)",0,
169984,11131,"Carrots, frozen, cooked, boiled, drained, without salt",0,
169985,11134,"Cassava, raw",16,Skin
169986,11135,"Cauliflower, raw",61,"Leaf stalks, cores and trimmings"
170397,11136,"Cauliflower, cooked, boiled, drained, without salt",0,
170398,11137,"Cauliflower, frozen, unprepared",0,
170399,11138,"Cauliflower, frozen, cooked, boiled, drained, without salt",0,
170400,11141,"Celeriac, raw",14,Parings
169987,11142,"Celeriac, cooked, boiled, drained, without salt",0,
169988,11143,"Celery, raw",11,Roots and trimmings
169989,11144,"Celery, cooked, boiled, drained, without salt",0,
169990,11145,"Celtuce, raw",25,Tough leaves and stems
169991,11147,"Chard, swiss, raw",8,Tough stems and damaged leaves
170401,11148,"Chard, swiss, cooked, boiled, drained, without salt",0,
170402,11149,"Chayote, fruit, raw",1,End and stem
170403,11150,"Chayote, fruit, cooked, boiled, drained, without salt",0,
170404,11151,"Chicory, witloof, raw",11,Root base and core
169992,11152,"Chicory greens, raw",18,Tough stems and damaged leaves
169993,11154,"Chicory roots, raw",18,Peels and tops
169994,11156,"Chives, raw",0,
169995,11157,"Chrysanthemum, garland, raw",4,Stem ends
170405,11158,"Chrysanthemum, garland, cooked, boiled, drained, without salt",0,
170406,11161,"Collards, raw",43,Stems
170407,11162,"Collards, cooked, boiled, drained, without salt",0,
170408,11163,"Collards, frozen, chopped, unprepared",0,
169996,11164,"Collards, frozen, chopped, cooked, boiled, drained, without salt",0,
169997,11165,"Coriander (cilantro) leaves, raw",15,"Roots, old and bruised leaves"
169998,11167,"Corn, sweet, yellow, raw",64,"35% husk, silk, trimmings; 29% cob"
169999,11168,"Corn, sweet, yellow, cooked, boiled, drained, without salt",45,Cob
170409,11170,"Corn, sweet, yellow, canned, brine pack, regular pack, solids and liquids",0,
169214,11172,"Corn, sweet, yellow, canned, whole kernel, drained solids",0,
169215,11174,"Corn, sweet, yellow, canned, cream style, regular pack",0,
169216,11176,"Corn, sweet, yellow, canned, vacuum pack, regular pack",0,
168397,11177,"Corn, sweet, yellow, canned, drained solids, rinsed with tap water",0,
168398,11178,"Corn, sweet, yellow, frozen, kernels cut off cob, unprepared (Includes foods for USDA's Food Distribution Program)",0,
168399,11179,"Corn, sweet, yellow, frozen, kernels cut off cob, boiled, drained, without salt",0,
168400,11180,"Corn, sweet, yellow, frozen, kernels on cob, unprepared",45,Cob
168401,11181,"Corn, sweet, yellow, frozen, kernels on cob, cooked, boiled, drained, without salt",45,Cob
169217,11182,"Corn, yellow, whole kernel, frozen, microwaved",0,
169218,11184,"Corn with red and green peppers, canned, solids and liquids",0,
169219,11190,"Cornsalad, raw",,
169220,11191,"Cowpeas (blackeyes), immature seeds, raw",49,Pods
168402,11192,"Cowpeas (blackeyes), immature seeds, cooked, boiled, drained, without salt",0,
168403,11195,"Cowpeas (blackeyes), immature seeds, frozen, unprepared",0,
168404,11196,"Cowpeas (blackeyes), immature seeds, frozen, cooked, boiled, drained, without salt",0,
168405,11197,"Cowpeas, young pods with seeds, raw",9,Ends and strings
169221,11198,"Cowpeas, young pods with seeds, cooked, boiled, drained, without salt",0,
169222,11199,"Yardlong bean, raw",5,Ends
169223,11200,"Yardlong bean, cooked, boiled, drained, without salt",0,
169224,11201,"Cowpeas, leafy tips, raw",48,Tough stems and leaves
168406,11202,"Cowpeas, leafy tips, cooked, boiled, drained, without salt",0,
168407,11203,"Cress, garden, raw",29,"Stems, crowns and spoiled leaves"
168408,11204,"Cress, garden, cooked, boiled, drained, without salt",0,
168409,11205,"Cucumber, with peel, raw",3,Ends
169225,11206,"Cucumber, peeled, raw",27,"Parings, ends and bruised spots"
169226,11207,"Dandelion greens, raw",0,
169227,11208,"Dandelion greens, cooked, boiled, drained, without salt",0,
169228,11209,"Eggplant, raw",19,"Ends, parings and trimmings"
169229,11210,"Eggplant, cooked, boiled, drained, without salt",0,
168410,11211,"Edamame, frozen, unprepared",0,
168411,11212,"Edamame, frozen, prepared",0,
168412,11213,"Endive, raw",14,Outer leaves and core
168413,11214,"Escarole, cooked, boiled, drained, no salt added",0,
169230,11215,"Garlic, raw",13,Knob and skin
169231,11216,"Ginger root, raw",7,Scrapings
169232,11218,"Gourd, white-flowered (calabash), raw",30,"Ends, skin, and seeds"
169233,11219,"Gourd, white-flowered (calabash), cooked, boiled, drained, without salt",0,
168414,11220,"Gourd, dishcloth (towelgourd), raw",27,"Ribs, skin, stem and blossom end"
168415,11221,"Gourd, dishcloth (towelgourd), cooked, boiled, drained, without salt",0,
168416,11222,"Drumstick leaves, raw",38,Stems
168417,11223,"Drumstick leaves, cooked, boiled, drained, without salt",0,
169234,11224,"Hyacinth-beans, immature seeds, raw",7,Ends and strings
169235,11225,"Hyacinth-beans, immature seeds, cooked, boiled, drained, without salt",0,
169236,11226,"Jerusalem-artichokes, raw",31,Parings
169237,11228,"Jew's ear, (pepeao), raw",2,Stem end
168418,11230,"Pepeao, dried",13,Stems and defects
168419,11231,"Jute, potherb, raw",38,Tough leaves and stems
168420,11232,"Jute, potherb, cooked, boiled, drained, without salt",0,
168421,11233,"Kale, raw",28,"Stem ends, tough stems and tough midrib parts"
169238,11234,"Kale, cooked, boiled, drained, without salt",0,
169239,11235,"Kale, frozen, unprepared",0,
169240,11236,"Kale, frozen, cooked, boiled, drained, without salt",0,
169241,11237,"Kanpyo, (dried gourd strips)",0,
169242,11238,"Mushrooms, shiitake, raw",0,
168422,11239,"Mushrooms, Chanterelle, raw",0,
168423,11240,"Mushrooms, morel, raw",0,
168424,11241,"Kohlrabi, raw",54,"Leaves, stems and parings"
168425,11242,"Kohlrabi, cooked, boiled, drained, without salt",0,
169243,11243,"Mushrooms, portabella, grilled",0,
169244,11244,"Lambsquarters, raw",,
169245,11245,"Lambsquarters, cooked, boiled, drained, without salt",0,
169246,11246,"Leeks, (bulb and lower leaf-portion), raw",56,"Tops, root end and skin"
168426,11247,"Leeks, (bulb and lower leaf-portion), cooked, boiled, drained, without salt",0,
168427,11248,"Lentils, sprouted, raw",0,
168428,11249,"Lentils, sprouted, cooked, stir-fried, without salt",0,
168429,11250,"Lettuce, butterhead (includes boston and bibb types), raw",26,Outer leaves and core
169247,11251,"Lettuce, cos or romaine, raw",6,Core
169248,11252,"Lettuce, iceberg (includes crisphead types), raw",5,Core
169249,11253,"Lettuce, green leaf, raw",36,"Outer leaves, core and trimmings"
169250,11254,"Lotus root, raw",21,Skins and ends of lobes
168430,11255,"Lotus root, cooked, boiled, drained, without salt",0,
168431,11257,"Lettuce, red leaf, raw",20,Core and damaged outer leaves
168432,11258,"Mountain yam, hawaii, raw",17,Ends and skin
168433,11259,"Mountain yam, hawaii, cooked, steamed, without salt",0,
169251,11260,"Mushrooms, white, raw",3,Trimmings
169252,11261,"Mushrooms, white, cooked, boiled, drained, without salt",0,
169253,11263,"Mushrooms, white, stir-fried",0,
169254,11264,"Mushrooms, canned, drained solids",0,
169255,11265,"Mushrooms, portabella, raw",3,Trimmings
168434,11266,"Mushrooms, brown, italian, or crimini, raw",3,Trimmings
168435,11267,"Mushrooms, shiitake, stir-fried",0,
168436,11268,"Mushrooms, shiitake, dried",0,
168437,11269,"Mushrooms, shiitake, cooked, without salt",0,
169256,11270,"Mustard greens, raw",7,Bases
169257,11271,"Mustard greens, cooked, boiled, drained, without salt",0,
169258,11272,"Mustard greens, frozen, unprepared",0,
169259,11273,"Mustard greens, frozen, cooked, boiled, drained, without salt",0,
168438,11274,"Mustard spinach, (tendergreen), raw",7,Trimmings
168439,11275,"Mustard spinach, (tendergreen), cooked, boiled, drained, without salt",0,
168440,11276,"New Zealand spinach, raw",28,Large stems and roots
168441,11277,"New Zealand spinach, cooked, boiled, drained, without salt",0,
169260,11278,"Okra, raw",14,Crown and tips
169261,11279,"Okra, cooked, boiled, drained, without salt",0,
169262,11280,"Okra, frozen, unprepared",0,
169263,11281,"Okra, frozen, cooked, boiled, drained, without salt",0,
170000,11282,"Onions, raw",10,"Stem ends, sprouts and defects"
170001,11283,"Onions, cooked, boiled, drained, without salt",0,
170002,11284,"Onions, dehydrated flakes",0,
170003,11285,"Onions, canned, solids and liquids",0,
170004,11286,"Onions, yellow, sauteed",0,
170410,11287,"Onions, frozen, chopped, unprepared",0,
170411,11288,"Onions, frozen, chopped, cooked, boiled, drained, without salt",0,
170412,11289,"Onions, frozen, whole, unprepared",0,
170413,11290,"Onions, frozen, whole, cooked, boiled, drained, without salt",0,
170005,11291,"Onions, spring or scallions (includes tops and bulb), raw",4,Rootlets
170006,11292,"Onions, young green, tops only",0,
170007,11293,"Onions, welsh, raw",35,Leaf tops and roots
170008,11294,"Onions, sweet, raw",16,"Stem, root, and two outermost layers"
170414,11295,"Onion rings, breaded, par fried, frozen, unprepared",0,
170415,11296,"Onion rings, breaded, par fried, frozen, prepared, heated in oven",0,
170416,11297,"Parsley, fresh",5,Tough stems
170417,11298,"Parsnips, raw",15,Parings
170009,11299,"Parsnips, cooked, boiled, drained, without salt",0,
170010,11300,"Peas, edible-podded, raw",6,Ends and strings
170011,11301,"Peas, edible-podded, boiled, drained, without salt",0,
170012,11302,"Peas, edible-podded, frozen, unprepared",0,
170418,11303,"Peas, edible-podded, frozen, cooked, boiled, drained, without salt",0,
170419,11304,"Peas, green, raw",62,Pods and inedible peas
170420,11305,"Peas, green, cooked, boiled, drained, without salt",0,
170421,11306,"Peas, green, canned, regular pack, solids and liquids",0,
170013,11308,"Peas, green (includes baby and lesuer types), canned, drained solids, unprepared",0,
170014,11310,"Peas, green, canned, seasoned, solids and liquids",0,
170015,11311,"Peas, green, canned, drained solids, rinsed in tap water",0,
170016,11312,"Peas, green, frozen, unprepared (Includes foods for USDA's Food Distribution Program)",0,
170017,11313,"Peas, green, frozen, cooked, boiled, drained, without salt",0,
170422,11316,"Peas, mature seeds, sprouted, raw",0,
170423,11317,"Peas, mature seeds, sprouted, cooked, boiled, drained, without salt",0,
170424,11318,"Peas and carrots, canned, regular pack, solids and liquids",0,
170425,11322,"Peas and carrots, frozen, unprepared",0,
170018,11323,"Peas and carrots, frozen, cooked, boiled, drained, without salt",0,
170019,11324,"Peas and onions, canned, solids and liquids",0,
170020,11326,"Peas and onions, frozen, unprepared",0,
170021,11327,"Peas and onions, frozen, cooked, boiled, drained, without salt",0,
170426,11329,"Peppers, hot chili, green, canned, pods, excluding seeds, solids and liquids",0,
170427,11333,"Peppers, sweet, green, raw",18,"Stem ends, seeds and core"
170428,11334,"Peppers, sweet, green, cooked, boiled, drained, without salt",0,
170429,11335,"Peppers, sweet, green, canned, solids and liquids",0,
170022,11337,"Peppers, sweet, green, frozen, chopped, unprepared",0,
170023,11338,"Peppers, sweet, green, frozen, chopped, boiled, drained, without salt",0,
170024,11339,"Peppers, sweet, green, sauteed",0,
170025,11344,"Pigeonpeas, immature seeds, raw",52,Pods
170430,11345,"Pigeonpeas, immature seeds, cooked, boiled, drained, without salt",0,
170431,11349,Poi,0,
170432,11350,"Pokeberry shoots, (poke), raw",,
170433,11351,"Pokeberry shoots, (poke), cooked, boiled, drained, without salt",0,
170026,11352,"Potatoes, flesh and skin, raw",25,Parings and trimmings
170027,11353,"Potatoes, russet, flesh and skin, raw (Includes foods for USDA's Food Distribution Program)",25,Parings and trimmings
170028,11354,"Potatoes, white, flesh and skin, raw",25,Parings and trimmings
170029,11355,"Potatoes, red, flesh and skin, raw",25,Parings and trimmings
170030,11356,"Potatoes, Russet, flesh and skin, baked",0,
170434,11357,"Potatoes, white, flesh and skin, baked",0,
170435,11358,"Potatoes, red, flesh and skin, baked",0,
170436,11359,"Potatoes, french fried, crinkle or regular cut, salt added in processing, frozen, as purchased",0,
170437,11360,"Potatoes, french fried, crinkle or regular cut, salt added in processing, frozen, oven-heated",0,
170031,11361,"Potatoes, roasted, salt added in processing, frozen, unprepared",0,
170032,11362,"Potatoes, raw, skin",0,
170033,11363,"Potatoes, baked, flesh, without salt",23,Skin and adhering flesh
170034,11364,"Potatoes, baked, skin, without salt",0,
170438,11365,"Potatoes, boiled, cooked in skin, flesh, without salt",9,Skins and eyes
170439,11366,"Potatoes, boiled, cooked in skin, skin, without salt",0,
170440,11367,"Potatoes, boiled, cooked without skin, flesh, without salt",0,
170441,11368,"Potatoes, microwaved, cooked in skin, flesh, without salt",23,Skin and adhering flesh
170035,11369,"Potatoes, microwaved, cooked in skin, skin, without salt",0,
170036,11370,"Potatoes, hash brown, home-prepared",0,
170037,11371,"Potatoes, mashed, home-prepared, whole milk and margarine added",0,
170038,11372,"Potatoes, scalloped, home-prepared with butter",0,
170442,11373,"Potatoes, au gratin, home-prepared from recipe using butter",0,
170443,11374,"Potatoes, canned, solids and liquids",0,
170444,11376,"Potatoes, canned, drained solids",0,
170445,11378,"Potatoes, mashed, dehydrated, flakes without milk, dry form",0,
170446,11379,"Potatoes, mashed, dehydrated, prepared from flakes without milk, whole milk and butter added",0,
170039,11380,"Potatoes, mashed, dehydrated, granules without milk, dry form",0,
170040,11381,"Potatoes, mashed, dehydrated, prepared from granules without milk, whole milk and butter added",0,
170041,11382,"Potatoes, mashed, dehydrated, granules with milk, dry form",0,
170042,11383,"Potatoes, mashed, dehydrated, prepared from granules with milk, water and margarine added",0,
170447,11384,"Potatoes, au gratin, dry mix, unprepared",0,
170448,11385,"Potatoes, au gratin, dry mix, prepared with water, whole milk and butter",0,
170449,11386,"Potatoes, scalloped, dry mix, unprepared",0,
170450,11387,"Potatoes, scalloped, dry mix, prepared with water, whole milk and butter",0,
170043,11390,"Potatoes, hash brown, frozen, plain, unprepared",0,
170044,11391,"Potatoes, hash brown, frozen, plain, prepared, pan fried in canola oil",0,
170045,11392,"Potatoes, hash brown, frozen, with butter sauce, unprepared",0,
170046,11393,"Potatoes, hash brown, frozen, with butter sauce, prepared",0,
170451,11394,"Potatoes, french fried, shoestring, salt added in processing, frozen, as purchased",0,
170452,11395,"Potatoes, french fried, shoestring, salt added in processing, frozen, oven-heated",0,
170453,11396,"Potatoes, o'brien, frozen, unprepared",0,
170454,11397,"Potatoes, o'brien, frozen, prepared",0,
170047,11398,"Potato puffs, frozen, unprepared",0,
170048,11399,"Potato puffs, frozen, oven-heated",0,
170049,11401,"Potatoes, frozen, whole, cooked, boiled, drained, without salt",0,
168442,11402,"Potatoes, french fried, all types, salt added in processing, frozen, unprepared",0,
169264,11403,"Potatoes, french fried, all types, salt added in processing, frozen, home-prepared, oven heated",0,
169265,11406,"Potatoes, french fried, cottage-cut, salt not added in processing, frozen, as purchased",0,
169266,11407,"Potatoes, french fried, cottage-cut, salt not added in processing, frozen, oven-heated",0,
169267,11408,"Potatoes, frozen, french fried, par fried, extruded, unprepared",0,
169268,11409,"Potatoes, frozen, french fried, par fried, extruded, prepared, heated in oven, without salt",0,
168443,11410,"Potato wedges, frozen (Includes foods for USDA's Food Distribution Program)",0,
168444,11411,"Potatoes, french fried, steak fries, salt added in processing, frozen, as purchased",0,
168445,11412,"Potatoes, french fried, steak fries, salt added in processing, frozen, oven-heated",0,
168446,11413,Potato flour,0,
169269,11414,"Potato salad, home-prepared",0,
169270,11416,"Pumpkin flowers, raw",65,Pistil and calyx
169271,11417,"Pumpkin flowers, cooked, boiled, drained, without salt",0,
169272,11418,"Pumpkin leaves, raw",59,Stem and tough leaves
168447,11419,"Pumpkin leaves, cooked, boiled, drained, without salt",0,
168448,11422,"Pumpkin, raw",30,"Seeds, rind and stem"
168449,11423,"Pumpkin, cooked, boiled, drained, without salt",0,
168450,11424,"Pumpkin, canned, without salt",0,
169273,11426,"Pumpkin pie mix, canned",0,
169274,11427,"Purslane, raw",24,Tough stems and leaves
169275,11428,"Purslane, cooked, boiled, drained, without salt",0,
169276,11429,"Radishes, raw",10,"Stem ends, rootlets and trimmings"
168451,11430,"Radishes, oriental, raw",21,Tops and parings
168452,11431,"Radishes, oriental, cooked, boiled, drained, without salt",0,
168453,11432,"Radishes, oriental, dried",0,
168454,11435,"Rutabagas, raw",15,Parings
168455,11436,"Rutabagas, cooked, boiled, drained, without salt",0,
169277,11437,"Salsify, (vegetable oyster), raw",13,Scrapings and rootlets
169278,11438,"Salsify, cooked, boiled, drained, without salt",0,
169279,11439,"Sauerkraut, canned, solids and liquids",0,
169280,11442,"Seaweed, agar, raw",0,
168456,11444,"Seaweed, irishmoss, raw",0,
168457,11445,"Seaweed, kelp, raw",0,
168458,11446,"Seaweed, laver, raw",0,
168459,11447,"Sesbania flower, raw",15,"Stems, pistil and calyx"
169281,11448,"Sesbania flower, cooked, steamed, without salt",0,
169282,11450,"Soybeans, green, raw",47,Pods
169283,11451,"Soybeans, green, cooked, boiled, drained, without salt",0,
169284,11452,"Soybeans, mature seeds, sprouted, raw",0,
168460,11453,"Soybeans, mature seeds, sprouted, cooked, steamed",0,
168461,11454,"Soybeans, mature seeds, sprouted, cooked, stir-fried",0,
168462,11457,"Spinach, raw",28,Large stems and roots
168463,11458,"Spinach, cooked, boiled, drained, without salt",0,
169285,11459,"Spinach, canned, regular pack, solids and liquids",0,
169286,11461,"Spinach, canned, regular pack, drained solids",0,
169287,11463,"Spinach, frozen, chopped or leaf, unprepared (Includes foods for USDA's Food Distribution Program)",0,
169288,11464,"Spinach, frozen, chopped or leaf, cooked, boiled, drained, without salt",0,
168464,11467,"Squash, summer, crookneck and straightneck, raw",1,Ends
168465,11468,"Squash, summer, crookneck and straightneck, cooked, boiled, drained, without salt",0,
168466,11471,"Squash, summer, crookneck and straightneck, canned, drained, solid, without salt",0,
168467,11473,"Squash, summer, crookneck and straightneck, frozen, unprepared",0,
168468,11474,"Squash, summer, crookneck and straightneck, frozen, cooked, boiled, drained, without salt",0,
169289,11475,"Squash, summer, scallop, raw",2,Stem ends
169290,11476,"Squash, summer, scallop, cooked, boiled, drained, without salt",0,
169291,11477,"Squash, summer, zucchini, includes skin, raw",5,Ends
169292,11478,"Squash, summer, zucchini, includes skin, cooked, boiled, drained, without salt",0,
168469,11479,"Squash, summer, zucchini, includes skin, frozen, unprepared",0,
168470,11480,"Squash, summer, zucchini, includes skin, frozen, cooked, boiled, drained, without salt",0,
168471,11481,"Squash, summer, zucchini, italian style, canned",0,
168472,11482,"Squash, winter, acorn, raw",24,Rind
169293,11483,"Squash, winter, acorn, cooked, baked, without salt",20,Rind
169294,11484,"Squash, winter, acorn, cooked, boiled, mashed, without salt",0,
169295,11485,"Squash, winter, butternut, raw",16,"Seeds, rind and trimmings"
169296,11486,"Squash, winter, butternut, cooked, baked, without salt",0,
168473,11487,"Squash, winter, butternut, frozen, unprepared",0,
168474,11488,"Squash, winter, butternut, frozen, cooked, boiled, without salt",0,
168475,11489,"Squash, winter, hubbard, raw",36,"Seeds, rind, trimmings and cutting loss"
168476,11490,"Squash, winter, hubbard, baked, without salt",0,
169297,11491,"Squash, winter, hubbard, cooked, boiled, mashed, without salt",0,
169298,11492,"Squash, winter, spaghetti, raw",29,Rind and seeds
169299,11493,"Squash, winter, spaghetti, cooked, boiled, drained, or baked, without salt",0,
169300,11495,"Succotash, (corn and limas), raw",0,
168477,11496,"Succotash, (corn and limas), cooked, boiled, drained, without salt",0,
168478,11497,"Succotash, (corn and limas), canned, with cream style corn",0,
168479,11499,"Succotash, (corn and limas), canned, with whole kernel corn, solids and liquids",0,
168480,11501,"Succotash, (corn and limas), frozen, unprepared",0,
168481,11502,"Succotash, (corn and limas), frozen, cooked, boiled, drained, without salt",0,
169301,11503,"Water convolvulus,raw",23,Tough stems
169302,11504,"Water convolvulus, cooked, boiled, drained, without salt",0,
169303,11505,"Sweet potato leaves, raw",6,Tough stems and bruised leaves
169304,11506,"Sweet potato leaves, cooked, steamed, without salt",0,
168482,11507,"Sweet potato, raw, unprepared (Includes foods for USDA's Food Distribution Program)",28,Parings and trimmings
168483,11508,"Sweet potato, cooked, baked in skin, flesh, without salt",22,Skin
168484,11510,"Sweet potato, cooked, boiled, without skin",0,
168485,11512,"Sweet potato, canned, vacuum pack",0,
169305,11514,"Sweet potato, canned, mashed",0,
169306,11516,"Sweet potato, frozen, unprepared (Includes foods for USDA's Food Distribution Program)",0,
169307,11517,"Sweet potato, frozen, cooked, baked, without salt",0,
169308,11518,"Taro, raw",14,Ends and skin
168486,11519,"Taro, cooked, without salt",0,
168487,11520,"Taro leaves, raw",40,"Stem, midrib and tough leaves"
168488,11521,"Taro leaves, cooked, steamed, without salt",0,
168489,11522,"Taro shoots, raw",12,Ends
169309,11523,"Taro shoots, cooked, without salt",0,
169310,11525,"Taro, tahitian, raw",,
170455,11526,"Taro, tahitian, cooked, without salt",0,
170456,11527,"Tomatoes, green, raw",9,Core and stem ends
170457,11529,"Tomatoes, red, ripe, raw, year round average",9,Core and stem ends
170050,11530,"Tomatoes, red, ripe, cooked",0,
170051,11531,"Tomatoes, red, ripe, canned, packed in tomato juice",0,
170052,11533,"Tomatoes, red, ripe, canned, stewed",0,
170053,11537,"Tomatoes, red, ripe, canned, with green chilies",0,
170458,11540,"Tomato juice, canned, with salt added",0,
170459,11546,"Tomato products, canned, paste, without salt added (Includes foods for USDA's Food Distribution Program)",0,
170460,11547,"Tomato products, canned, puree, without salt added",0,
170461,11548,Tomato powder,0,
170054,11549,"Tomato products, canned, sauce",0,
170055,11551,"Tomato products, canned, sauce, with mushrooms",0,
170056,11553,"Tomato products, canned, sauce, with onions",0,
170057,11555,"Tomato products, canned, sauce, with herbs and cheese",0,
170462,11557,"Tomato products, canned, sauce, with onions, green peppers, and celery",0,
170463,11559,"Tomato products, canned, sauce, with tomato tidbits",0,
170464,11563,"Tree fern, cooked, without salt",0,
170465,11564,"Turnips, raw",19,Parings
170058,11565,"Turnips, cooked, boiled, drained, without salt",0,
170059,11566,"Turnips, frozen, unprepared",0,
170060,11567,"Turnips, frozen, cooked, boiled, drained, without salt",0,
170061,11568,"Turnip greens, raw",30,"Root crown, tough stems and discarded leaves"
170466,11569,"Turnip greens, cooked, boiled, drained, without salt",0,
170467,11570,"Turnip greens, canned, solids and liquids",0,
170468,11574,"Turnip greens, frozen, unprepared",0,
170469,11575,"Turnip greens, frozen, cooked, boiled, drained, without salt",0,
170470,11576,"Turnip greens and turnips, frozen, unprepared",0,
170062,11577,"Turnip greens and turnips, frozen, cooked, boiled, drained, without salt",0,
170063,11578,"Vegetable juice cocktail, canned",0,
170064,11579,"Vegetables, mixed, canned, solids and liquids",0,
170065,11581,"Vegetables, mixed, canned, drained solids",0,
170471,11583,"Vegetables, mixed, frozen, unprepared",0,
170472,11584,"Vegetables, mixed, frozen, cooked, boiled, drained, without salt",0,
170473,11585,"Vegetable juice cocktail, low sodium, canned",0,
170474,11587,"Vinespinach, (basella), raw",0,
170066,11588,"Waterchestnuts, chinese, (matai), raw",23,Skin
170067,11590,"Waterchestnuts, chinese, canned, solids and liquids",0,
170068,11591,"Watercress, raw",8,Tough stems and ends
170069,11593,"Waxgourd, (chinese preserving melon), raw",29,"Stem, center and skin"
170475,11594,"Waxgourd, (chinese preserving melon), cooked, boiled, drained, without salt",0,
170476,11595,"Winged beans, immature seeds, raw",2,Ends
170477,11596,"Winged beans, immature seeds, cooked, boiled, drained, without salt",0,
170478,11597,"Winged bean leaves, raw",,
170070,11599,"Winged bean tuber, raw",,
170071,11601,"Yam, raw",14,Skin
170072,11602,"Yam, cooked, boiled, drained, or baked, without salt",0,
170073,11603,"Yambean (jicama), raw",8,Ends and skin
170074,11604,"Yambean (jicama), cooked, boiled, drained, without salt",0,
170479,11605,"Beets, harvard, canned, solids and liquids",0,
170480,11609,"Beets, pickled, canned, solids and liquids",0,
170481,11613,"Borage, raw",20,Tough leaves and stems
170482,11614,"Borage, cooked, boiled, drained, without salt",0,
170075,11615,"Chives, freeze-dried",0,
170076,11616,"Dock, raw",30,Stalks
170077,11617,"Dock, cooked, boiled, drained, without salt",0,
170078,11618,"Eppaw, raw",,
170483,11620,"Drumstick pods, raw",48,Hard outer covering and fibers
170484,11621,"Drumstick pods, cooked, boiled, drained, without salt",0,
170485,11624,"Leeks, (bulb and lower-leaf portion), freeze-dried",0,
170486,11625,"Parsley, freeze-dried",0,
170079,11626,"Beans, mung, mature seeds, sprouted, canned, drained solids",0,
170080,11632,"Peppers, jalapeno, canned, solids and liquids",0,
170081,11637,"Radishes, white icicle, raw",35,Parings
170082,11640,"Shallots, freeze-dried",0,
170487,11641,"Squash, summer, all varieties, raw",5,Ends
170488,11642,"Squash, summer, all varieties, cooked, boiled, drained, without salt",0,
170489,11643,"Squash, winter, all varieties, raw",29,"Seeds, rind and stem"
170490,11644,"Squash, winter, all varieties, cooked, baked, without salt",0,
170083,11645,"Sweet potato, canned, syrup pack, solids and liquids",0,
170084,11647,"Sweet potato, canned, syrup pack, drained solids",0,
170085,11649,"Tomato products, canned, sauce, spanish style",0,
170086,11653,"Beans, pinto, mature seeds, sprouted, raw",0,
170087,11654,"Beans, pinto, mature seeds, sprouted, cooked, boiled, drained, without salt",0,
170491,11655,"Carrot juice, canned",0,
170492,11656,"Corn pudding, home prepared",0,
170493,11657,"Potatoes, mashed, home-prepared, whole milk added",0,
170494,11658,Spinach souffle,0,
170088,11659,"Sweet potato, cooked, candied, home-prepared",0,
170089,11660,"Tomatoes, red, ripe, cooked, stewed",0,
170090,11663,"Seaweed, agar, dried",0,
170091,11666,"Seaweed, spirulina, raw",0,
170495,11667,"Seaweed, spirulina, dried",0,
170496,11669,"Seaweed, wakame, raw",0,
170497,11670,"Peppers, hot chili, green, raw",27,"Stem ends, seeds and core"
170498,11671,"Potatoes, o'brien, home-prepared",0,
170092,11672,Potato pancakes,0,
170093,11674,"Potatoes, baked, flesh and skin, without salt",0,
170094,11675,"Potatoes, microwaved, cooked in skin, flesh and skin, without salt",0,
170095,11676,"Radish seeds, sprouted, raw",0,
170499,11677,"Shallots, raw",12,Skins
170500,11683,"Carrot, dehydrated",0,
170501,11693,"Tomatoes, crushed, canned",0,
170502,11695,"Tomatoes, orange, raw",9,Core and stem ends
170096,11696,"Tomatoes, yellow, raw",9,Core and stem ends
168490,11697,"Arrowroot, raw",15,Peel
168491,11698,"Chrysanthemum leaves, raw",0,
168492,11700,"Amaranth leaves, cooked, boiled, drained, with salt",0,
168493,11701,"Arrowhead, cooked, boiled, drained, with salt",0,
169311,11702,"Artichokes, (globe or french), cooked, boiled, drained, with salt",60,Stems and inedible parts of bracts and flower
169312,11703,"Artichokes, (globe or french), frozen, cooked, boiled, drained, with salt",0,
169313,11705,"Asparagus, cooked, boiled, drained, with salt",0,
169314,11707,"Asparagus, canned, no salt added, solids and liquids",0,
168494,11709,"Asparagus, frozen, cooked, boiled, drained, with salt",0,
168495,11710,"Balsam-pear (bitter gourd), leafy tips, cooked, boiled, drained, with salt",0,
168496,11711,"Balsam-pear (bitter gourd), pods, cooked, boiled, drained, with salt",0,
168497,11712,"Bamboo shoots, cooked, boiled, drained, with salt",0,
169315,11713,"Beans, kidney, mature seeds, sprouted, cooked, boiled, drained, with salt",0,
169316,11714,"Lima beans, immature seeds, cooked, boiled, drained, with salt",0,
169317,11715,"Lima beans, immature seeds, canned, no salt added, solids and liquids",0,
169318,11716,"Lima beans, immature seeds, frozen, baby, cooked, boiled, drained, with salt",0,
168498,11717,"Lima beans, immature seeds, frozen, fordhook, cooked, boiled, drained, with salt",0,
168499,11718,"Mung beans, mature seeds, sprouted, cooked, boiled, drained, with salt",0,
168500,11719,"Beans, navy, mature seeds, sprouted, cooked, boiled, drained, with salt",0,
168501,11720,"Beans, pinto, immature seeds, frozen, cooked, boiled, drained, with salt",0,
169319,11721,"Beans, pinto, mature seeds, sprouted, cooked, boiled, drained, with salt",0,
169320,11722,"Beans, snap, yellow, raw",12,"Ends, strings, trimmings"
169321,11723,"Beans, snap, green, cooked, boiled, drained, with salt",0,
169322,11724,"Beans, snap, yellow, cooked, boiled, drained, without salt",0,
169323,11725,"Beans, snap, yellow, cooked, boiled, drained, with salt",0,
168502,11726,"Beans, snap, green, canned, no salt added, solids and liquids",0,
168503,11727,"Beans, snap, yellow, canned, regular pack, solids and liquids",0,
168504,11728,"Beans, snap, yellow, canned, no salt added, solids and liquids",0,
168505,11729,"Beans, snap, green, canned, no salt added, drained solids",0,
169324,11730,"Beans, snap, yellow, frozen, all styles, unprepared",0,
169325,11731,"Beans, snap, green, frozen, cooked, boiled, drained, with salt",0,
169326,11732,"Beans, snap, yellow, frozen, cooked, boiled, drained, without salt",0,
169327,11733,"Beans, snap, yellow, frozen, cooked, boiled, drained, with salt",0,
168506,11734,"Beets, cooked, boiled. drained, with salt",0,
168507,11735,"Beets, canned, no salt added, solids and liquids",0,
168508,11736,"Beet greens, cooked, boiled, drained, with salt",0,
168509,11737,"Borage, cooked, boiled, drained, with salt",0,
169328,11738,"Broadbeans, immature seeds, cooked, boiled, drained, with salt",0,
169329,11739,"Broccoli, leaves, raw",0,
169330,11740,"Broccoli, flower clusters, raw",0,
169331,11741,"Broccoli, stalks, raw",0,
168510,11742,"Broccoli, cooked, boiled, drained, with salt",0,
168511,11743,"Broccoli, frozen, chopped, cooked, boiled, drained, with salt",0,
168512,11744,"Broccoli, frozen, spears, cooked, boiled, drained, with salt",0,
168513,11745,"Brussels sprouts, cooked, boiled, drained, with salt",0,
169332,11746,"Brussels sprouts, frozen, cooked, boiled, drained, with salt",0,
169333,11747,"Burdock root, cooked, boiled, drained, with salt",0,
169334,11748,"Butterbur, cooked, boiled, drained, with salt",0,
169335,11749,"Cabbage, common (danish, domestic, and pointed types), freshly harvest, raw",20,Outer leaves and core
169336,11750,"Cabbage, common (danish, domestic, and pointed types), stored, raw",20,Outer leaves and core
168514,11751,"Cabbage, common, cooked, boiled, drained, with salt",0,
168515,11752,"Cabbage, red, cooked, boiled, drained, with salt",0,
168516,11753,"Cabbage, savoy, cooked, boiled, drained, with salt",0,
168517,11754,"Cabbage, chinese (pak-choi), cooked, boiled, drained, with salt",0,
169337,11755,"Cabbage, chinese (pe-tsai), cooked, boiled, drained, with salt",0,
169338,11756,"Cardoon, cooked, boiled, drained, with salt",0,
169339,11757,"Carrots, cooked, boiled, drained, with salt",0,
169340,11758,"Carrots, canned, no salt added, solids and liquids",0,
168518,11759,"Carrots, canned, no salt added, drained solids",0,
168519,11760,"Carrots, frozen, cooked, boiled, drained, with salt",0,
168520,11761,"Cauliflower, cooked, boiled, drained, with salt",0,
168521,11762,"Cauliflower, frozen, cooked, boiled, drained, with salt",0,
169341,11763,"Celeriac, cooked, boiled, drained, with salt",0,
169342,11764,"Celery, cooked, boiled, drained, with salt",0,
169343,11765,"Chard, swiss, cooked, boiled, drained, with salt",0,
169344,11766,"Chayote, fruit, cooked, boiled, drained, with salt",0,
168522,11767,"Chrysanthemum, garland, cooked, boiled, drained, with salt",0,
168523,11768,"Collards, cooked, boiled, drained, with salt",0,
168524,11769,"Collards, frozen, chopped, cooked, boiled, drained, with salt",0,
168525,11770,"Corn, sweet, yellow, cooked, boiled, drained, with salt",45,Cob
169345,11771,"Corn, sweet, yellow, canned, no salt added, solids and liquids (Includes foods for USDA's Food Distribution Program)",0,
169346,11772,"Corn, sweet, yellow, canned, cream style, no salt added",0,
169347,11773,"Corn, sweet, yellow, canned, vacuum pack, no salt added",0,
169348,11774,"Corn, sweet, yellow, frozen, kernels, cut off cob, boiled, drained, with salt",0,
169349,11775,"Corn, sweet, yellow, frozen, kernels on cob, cooked, boiled, drained, with salt",45,Cob
168526,11777,"Cowpeas (blackeyes), immature seeds, cooked, boiled, drained, with salt",0,
168527,11778,"Cowpeas (blackeyes), immature seeds, frozen, cooked, boiled, drained, with salt",0,
168528,11779,"Cowpeas, young pods with seeds, cooked, boiled, drained, with salt",0,
168529,11780,"Cowpeas, leafy tips, cooked, boiled, drained, with salt",0,
169350,11781,"Cress, garden, cooked, boiled, drained, with salt",0,
169351,11782,"Dandelion greens, cooked, boiled, drained, with salt",0,
169352,11783,"Eggplant, cooked, boiled, drained, with salt",0,
169353,11784,"Gourd, white-flowered (calabash), cooked, boiled, drained, with salt",0,
168530,11785,"Gourd, dishcloth (towelgourd), cooked, boiled, drained, with salt",0,
168531,11786,"Drumstick leaves, cooked, boiled, drained, with salt",0,
168532,11787,"Drumstick pods, cooked, boiled, drained, with salt",0,
168533,11788,"Hyacinth-beans, immature seeds, cooked, boiled, drained, with salt",0,
169354,11789,"Jute, potherb, cooked, boiled, drained, with salt",0,
169355,11790,"Kale, cooked, boiled, drained, with salt",0,
169356,11791,"Kale, frozen, cooked, boiled, drained, with salt",0,
169357,11793,"Kohlrabi, cooked, boiled, drained, with salt",0,
168534,11794,"Lambsquarters, cooked, boiled, drained, with salt",0,
168535,11795,"Leeks, (bulb and lower leaf-portion), cooked, boiled, drained, with salt",0,
168536,11796,"Lotus root, cooked, boiled, drained, with salt",0,
168537,11797,"Mushrooms, white, cooked, boiled, drained, with salt",0,
170097,11798,"Mushrooms, shiitake, cooked, with salt",0,
170503,11799,"Mustard greens, cooked, boiled, drained, with salt",0,
170504,11800,"Mustard greens, frozen, cooked, boiled, drained, with salt",0,
170505,11801,"Mustard spinach, (tendergreen), cooked, boiled, drained, with salt",0,
170506,11802,"New zealand spinach, cooked, boiled, drained, with salt",0,
170098,11803,"Okra, cooked, boiled, drained, with salt",0,
170099,11804,"Okra, frozen, cooked, boiled, drained, with salt",0,
170100,11805,"Onions, cooked, boiled, drained, with salt",0,
170101,11806,"Onions, frozen, chopped, cooked, boiled, drained, with salt",0,
170507,11807,"Onions, frozen, whole, cooked, boiled, drained, with salt",0,
170508,11808,"Parsnips, cooked, boiled, drained, with salt",0,
170509,11809,"Peas, edible-podded, cooked, boiled, drained, with salt",0,
170510,11810,"Peas, edible-podded, frozen, cooked, boiled, drained, with salt",0,
170102,11811,"Peas, green, cooked, boiled, drained, with salt",0,
170103,11812,"Peas, green, canned, no salt added, solids and liquids",0,
170104,11813,"Peas, green, canned, no salt added, drained solids",0,
170105,11814,"Peas, green, frozen, cooked, boiled, drained, with salt",0,
170511,11815,"Peas, mature seeds, sprouted, cooked, boiled, drained, with salt",0,
170512,11816,"Peas and carrots, canned, no salt added, solids and liquids",0,
170513,11817,"Peas and carrots, frozen, cooked, boiled, drained, with salt",0,
170514,11818,"Peas and onions, frozen, cooked, boiled, drained, with salt",0,
170106,11819,"Peppers, hot chili, red, raw",27,"Stem ends, seeds and core"
170107,11820,"Peppers, hot chili, red, canned, excluding seeds, solids and liquids",0,
170108,11821,"Peppers, sweet, red, raw",18,"Stem ends, seed and core"
170109,11822,"Peppers, sweet, green, cooked, boiled, drained, with salt",0,
170110,11823,"Peppers, sweet, red, cooked, boiled, drained, without salt",0,
170515,11824,"Peppers, sweet, red, cooked, boiled, drained, with salt",0,
170516,11825,"Peppers, sweet, green, frozen, chopped, cooked, boiled, drained, with salt",0,
170517,11826,"Pigeonpeas, immature seeds, cooked, boiled, drained, with salt",0,
170518,11827,"Pokeberry shoots, (poke), cooked, boiled, drained, with salt",0,
170111,11828,"Potatoes, baked, flesh and skin, with salt",0,
170112,11829,"Potatoes, baked, flesh, with salt",23,Skin and adhering flesh
170113,11830,"Potatoes, baked, skin only, with salt",0,
170114,11831,"Potatoes, boiled, cooked in skin, flesh, with salt",9,Skins and eyes
170519,11832,"Potatoes, boiled, cooked in skin, skin, with salt",0,
170520,11833,"Potatoes, boiled, cooked without skin, flesh, with salt",0,
170521,11834,"Potatoes, microwaved, cooked, in skin, flesh and skin, with salt",0,
170522,11835,"Potatoes, microwaved, cooked in skin, flesh, with salt",23,Skin and adhering flesh
170115,11836,"Potatoes, microwaved, cooked, in skin, skin with salt",0,
170116,11837,"Potatoes, frozen, whole, cooked, boiled, drained, with salt",0,
170117,11840,"Potatoes, frozen, french fried, par fried, cottage-cut, prepared, heated in oven, with salt",0,
170118,11841,"Potatoes, french fried, all types, salt not added in processing, frozen, oven-heated",0,
170523,11842,"Potatoes, french fried, all types, salt not added in processing, frozen, as purchased",0,
170524,11843,"Potatoes, au gratin, home-prepared from recipe using margarine",0,
170525,11844,"Potatoes, scalloped, home-prepared with margarine",0,
170526,11845,"Pumpkin, cooked, boiled, drained, with salt",0,
170527,11846,"Pumpkin, canned, with salt",0,
170119,11847,"Pumpkin, flowers, cooked, boiled, drained, with salt",0,
170120,11848,"Pumpkin leaves, cooked, boiled, drained, with salt",0,
170121,11849,"Purslane, cooked, boiled, drained, with salt",0,
170122,11850,"Radishes, oriental, cooked, boiled, drained, with salt",0,
170528,11851,"Rutabagas, cooked, boiled, drained, with salt",0,
170529,11852,"Salsify, cooked, boiled, drained, with salt",0,
170530,11853,"Soybeans, green, cooked, boiled, drained, with salt",0,
170531,11854,"Spinach, cooked, boiled, drained, with salt",0,
170123,11855,"Spinach, canned, no salt added, solids and liquids",0,
170124,11856,"Spinach, frozen, chopped or leaf, cooked, boiled, drained, with salt",0,
170125,11857,"Squash, summer, all varieties, cooked, boiled, drained, with salt",0,
170126,11858,"Squash, summer, crookneck and straightneck, cooked, boiled, drained, with salt",0,
170532,11859,"Squash, summer, crookneck and straightneck, frozen, cooked, boiled, drained, with salt",0,
170533,11860,"Squash, summer, scallop, cooked, boiled, drained, with salt",0,
170534,11861,"Squash, summer, zucchini, includes skin, cooked, boiled, drained, with salt",0,
170535,11862,"Squash, summer, zucchini, includes skin, frozen, cooked, boiled, drained, with salt",0,
170127,11863,"Squash, winter, all varieties, cooked, baked, with salt",0,
170128,11864,"Squash, winter, acorn, cooked, baked, with salt",20,Rind
170129,11865,"Squash, winter, acorn, cooked, boiled, mashed, with salt",0,
170130,11866,"Squash, winter, butternut, cooked, baked, with salt",0,
170536,11867,"Squash, winter, butternut, frozen, cooked, boiled, with salt",0,
170537,11868,"Squash, winter, hubbard, baked, with salt",0,
170538,11869,"Squash, winter, hubbard, cooked, boiled, mashed, with salt",0,
170539,11870,"Squash, winter, spaghetti, cooked, boiled, drained, or baked, with salt",0,
170540,11871,"Succotash, (corn and limas), cooked, boiled, drained, with salt",0,
170131,11872,"Succotash, (corn and limas), frozen, cooked, boiled, drained, with salt",0,
170132,11873,"Water convolvulus, cooked, boiled, drained, with salt",0,
170133,11874,"Sweet potato leaves, cooked, steamed, with salt",0,
170134,11875,"Sweet potato, cooked, baked in skin, flesh, with salt",22,Skin
170541,11876,"Sweet potato, cooked, boiled, without skin, with salt",0,
170542,11877,"Sweet potato, frozen, cooked, baked, with salt",0,
170543,11878,"Taro, cooked, with salt",0,
170544,11879,"Taro, leaves, cooked, steamed, with salt",0,
170135,11880,"Taro, shoots, cooked, with salt",0,
170136,11881,"Taro, tahitian, cooked, with salt",0,
170137,11884,"Tomatoes, red, ripe, cooked, with salt",0,
170138,11885,"Tomatoes, red, ripe, canned, packed in tomato juice, no salt added",0,
170545,11886,"Tomato juice, canned, without salt added",0,
170546,11888,"Tomato products, canned, puree, with salt added",0,
170547,11889,"Turnips, cooked, boiled, drained, with salt",0,
170548,11890,"Turnips, frozen, cooked, boiled, drained, with salt",0,
170139,11891,"Turnip greens, cooked, boiled, drained, with salt",0,
170140,11892,"Turnip greens, frozen, cooked, boiled, drained, with salt",0,
170141,11893,"Turnip greens and turnips, frozen, cooked, boiled, drained, with salt",0,
170142,11894,"Vegetables, mixed, frozen, cooked, boiled, drained, with salt",0,
170549,11895,"Waxgourd, (chinese preserving melon), cooked, boiled, drained, with salt",0,
170550,11896,"Winged bean, immature seeds, cooked, boiled, drained, with salt",0,
170551,11897,"Yam, cooked, boiled, drained, or baked, with salt",0,
169358,11898,"Yambean (jicama), cooked, boiled, drained, with salt",0,
169359,11899,"Yardlong bean, cooked, boiled, drained, with salt",0,
168538,11900,"Corn, sweet, white, raw",64,"35% husk, silk, trimmings; 29% cob"
168539,11901,"Corn, sweet, white, cooked, boiled, drained, without salt",45,Cob
168540,11902,"Corn, sweet, white, cooked, boiled, drained, with salt",45,Cob
168541,11903,"Corn, sweet, white, canned, whole kernel, regular pack, solids and liquids",0,
169360,11904,"Corn, sweet, white, canned, whole kernel, no salt added, solids and liquids",0,
169361,11905,"Corn, sweet, white, canned, whole kernel, drained solids",0,
169362,11906,"Corn, sweet, white, canned, cream style, regular pack",0,
169363,11907,"Corn, sweet, white, canned, cream style, no salt added",0,
168542,11908,"Corn, sweet, white, canned, vacuum pack, regular pack",0,
168543,11909,"Corn, sweet, white, canned, vacuum pack, no salt added",0,
168544,11910,"Corn, sweet, white, frozen, kernels cut off cob, unprepared",0,
168545,11911,"Corn, sweet, white, frozen, kernels cut off cob, boiled, drained, without salt",0,
169364,11912,"Corn, sweet, white, frozen, kernels cut off cob, boiled, drained, with salt",0,
169365,11913,"Corn, sweet, white, frozen, kernels on cob, unprepared",45,Cob
169366,11914,"Corn, sweet, white, frozen, kernels on cob, cooked, boiled, drained, without salt",45,Cob
169367,11915,"Corn, sweet, white, frozen, kernels on cob, cooked, boiled, drained, with salt",45,Cob
168546,11916,"Peppers, sweet, red, canned, solids and liquids",0,
168547,11917,"Peppers, sweet, red, frozen, chopped, unprepared",0,
168548,11918,"Peppers, sweet, red, frozen, chopped, boiled, drained, without salt",0,
168549,11919,"Peppers, sweet, red, frozen, chopped, boiled, drained, with salt",0,
168550,11921,"Peppers, sweet, red, sauteed",0,
169368,11922,"Sesbania flower, cooked, steamed, with salt",0,
169369,11923,"Soybeans, mature seeds, sprouted, cooked, steamed, with salt",0,
169370,11924,"Soybeans, mature seeds, sprouted, cooked, stir-fried, with salt",0,
169371,11925,"Dock, cooked, boiled, drained, with salt",0,
168551,11926,"Lentils, sprouted, cooked, stir-fried, with salt",0,
168552,11927,"Mountain yam, hawaii, cooked, steamed, with salt",0,
168553,11928,"Tree fern, cooked, with salt",0,
168554,11929,"Potatoes, mashed, prepared from granules, without milk, whole milk and margarine",0,
169372,11930,"Potatoes, mashed, dehydrated, prepared from flakes without milk, whole milk and margarine added",0,
169373,11931,"Peppers, sweet, red, freeze-dried",0,
169374,11932,"Beans, snap, yellow, canned, regular pack, drained solids",0,
169375,11933,"Beans, snap, yellow, canned, no salt added, drained solids",0,
168555,11934,"Potatoes, mashed, home-prepared, whole milk and butter added",0,
168556,11935,Catsup,0,
168557,11936,"Mushrooms, brown, italian, or crimini, exposed to ultraviolet light, raw",0,
168558,11937,"Pickles, cucumber, dill or kosher dill",0,
169376,11938,"Mushroom, white, exposed to ultraviolet light, raw",0,
169377,11939,"Mushrooms, portabella, exposed to ultraviolet light, grilled",0,
169378,11940,"Pickles, cucumber, sweet (includes bread and butter pickles)",0,
169379,11941,"Pickles, cucumber, sour",0,
168559,11943,"Pimento, canned",0,
168560,11944,"Pickle relish, hot dog",0,
168561,11945,"Pickle relish, sweet",0,
168562,11946,"Pickles, cucumber, sour, low sodium",0,
168563,11947,"Pickles, cucumber, dill, reduced sodium",0,
169380,11948,"Pickles, cucumber, sweet, low sodium (includes bread and butter pickles)",0,
169381,11949,"Catsup, low sodium",0,
169382,11950,"Mushrooms, enoki, raw",16,Stems and trimmings
169383,11951,"Peppers, sweet, yellow, raw",18,"Stem ends, seeds and core"
168564,11952,"Radicchio, raw",9,Core and leaf ends
168565,11953,"Squash, zucchini, baby, raw",13,Ends
168566,11954,"Tomatillos, raw",,
168567,11955,"Tomatoes, sun-dried",0,
169384,11956,"Tomatoes, sun-dried, packed in oil, drained",0,
169385,11957,"Fennel, bulb, raw",28,"Stalk, leaves and core"
169386,11958,"Pickle relish, hamburger",0,
169387,11959,"Arugula, raw",40,"Roots, stems and yellowed leaves"
168568,11960,"Carrots, baby, raw",0,
168569,11961,"Hearts of palm, canned",0,
168570,11962,"Peppers, hot chile, sun-dried",0,
168571,11963,"Nopales, raw",4,Spines and dark spots
169388,11964,"Nopales, cooked, without salt",0,
169389,11965,"Cauliflower, green, raw",39,"Leaf stalks, core and trimmings"
169390,11967,"Cauliflower, green, cooked, no salt added",0,
169391,11968,"Cauliflower, green, cooked, with salt",0,
169392,11969,"Broccoli, chinese, cooked",0,
168572,11970,"Cabbage, napa, cooked",0,
168573,11972,"Lemon grass (citronella), raw",35,Tough stem
168574,11973,"Beans, fava, in pod, raw",3,Ends
168575,11974,"Grape leaves, raw",5,Tough stems
169393,11975,"Grape leaves, canned",0,
169394,11976,"Pepper, banana, raw",18,"Stem ends, seeds and core"
169395,11977,"Peppers, serrano, raw",3,Stems
169396,11978,"Peppers, ancho, dried",0,
168576,11979,"Peppers, jalapeno, raw",8,Stems and seeds
168577,11980,"Peppers, chili, green, canned",0,
168578,11981,"Peppers, hungarian, raw",12,Stems
168579,11982,"Peppers, pasilla, dried",6,Stems
169397,11983,"Pickles, chowchow, with cauliflower onion mustard, sweet",0,
169398,11984,"Epazote, raw",0,
169399,11985,"Fireweed, leaves, raw",65,Stems and flowers
169400,11986,"Malabar spinach, cooked",30,Stems
168580,11987,"Mushrooms, oyster, raw",11,Stems
168581,11988,"Fungi, Cloud ears, dried",0,
168582,11989,"Mushrooms, straw, canned, drained solids",0,
168583,11990,"Wasabi, root, raw",23,Peel
169401,11991,"Yautia (tannier), raw",14,Peel
169402,11992,"Mushrooms, white, microwaved",0,
169403,11993,"Mushrooms, maitake, raw",0,
169404,11994,"Broccoli, chinese, raw",12,Base and damaged leaves
169405,11995,"Fiddlehead ferns, raw",,
168584,11996,"Fiddlehead ferns, frozen, unprepared",0,
170143,11998,"Mushrooms, portabella, exposed to ultraviolet light, raw",3,Trimmings
170144,12001,"Seeds, breadfruit seeds, raw",32,Shells
170145,12003,"Seeds, breadfruit seeds, boiled",64,Soft shells
170552,12004,"Seeds, breadnut tree seeds, raw",0,
170553,12005,"Seeds, breadnut tree seeds, dried",0,
170554,12006,"Seeds, chia seeds, dried",0,
170555,12007,"Seeds, cottonseed flour, partially defatted (glandless)",0,
170146,12008,"Seeds, cottonseed flour, low fat (glandless)",0,
170147,12011,"Seeds, cottonseed meal, partially defatted (glandless)",0,
170148,12012,"Seeds, hemp seed, hulled",0,
170149,12013,"Seeds, lotus seeds, dried",0,
170556,12014,"Seeds, pumpkin and squash seed kernels, dried",26,Hulls
170557,12016,"Seeds, pumpkin and squash seed kernels, roasted, without salt",0,
170558,12021,"Seeds, safflower seed kernels, dried",49,Hulls
170559,12022,"Seeds, safflower seed meal, partially defatted",0,
170150,12023,"Seeds, sesame seeds, whole, dried",0,
170151,12024,"Seeds, sesame seeds, whole, roasted and toasted",0,
170152,12029,"Seeds, sesame seed kernels, toasted, without salt added (decorticated)",0,
170153,12032,"Seeds, sesame flour, partially defatted",0,
170560,12033,"Seeds, sesame flour, low-fat",0,
170561,12034,"Seeds, sesame meal, partially defatted",0,
170562,12036,"Seeds, sunflower seed kernels, dried",46,Hulls
170563,12037,"Seeds, sunflower seed kernels, dry roasted, without salt",0,
170564,12038,"Seeds, sunflower seed kernels, oil roasted, without salt",0,
170154,12039,"Seeds, sunflower seed kernels, toasted, without salt",0,
170155,12040,"Seeds, sunflower seed butter, without salt",0,
170156,12041,"Seeds, sunflower seed flour, partially defatted",0,
170157,12058,"Nuts, acorns, raw",38,Shells
170565,12059,"Nuts, acorns, dried",38,Shells
170566,12060,"Nuts, acorn flour, full fat",0,
170567,12061,"Nuts, almonds",60,Shells
170568,12062,"Nuts, almonds, blanched",0,
170158,12063,"Nuts, almonds, dry roasted, without salt added",0,
170159,12065,"Nuts, almonds, oil roasted, without salt added",0,
170160,12071,"Nuts, almond paste",0,
170161,12077,"Nuts, beechnuts, dried",39,Shells
170569,12078,"Nuts, brazilnuts, dried, unblanched",49,Shells
170570,12084,"Nuts, butternuts, dried",73,Shells
170571,12085,"Nuts, cashew nuts, dry roasted, without salt added",0,
170572,12086,"Nuts, cashew nuts, oil roasted, without salt added",0,
170162,12087,"Nuts, cashew nuts, raw",,
170163,12088,"Nuts, cashew butter, plain, without salt added",0,
170164,12093,"Nuts, chestnuts, chinese, raw",16,Shells
170165,12094,"Nuts, chestnuts, chinese, dried",0,
170166,12095,"Nuts, chestnuts, chinese, boiled and steamed",0,
170573,12096,"Nuts, chestnuts, chinese, roasted",25,Shells
170574,12097,"Nuts, chestnuts, european, raw, unpeeled",26,Shells
170575,12098,"Nuts, chestnuts, european, raw, peeled",0,
170576,12099,"Nuts, chestnuts, european, dried, unpeeled",20,Shells
170167,12100,"Nuts, chestnuts, european, dried, peeled",0,
170168,12101,"Nuts, chestnuts, european, boiled and steamed",0,
170169,12104,"Nuts, coconut meat, raw",48,"Shells (brown), skin, water"
170170,12108,"Nuts, coconut meat, dried (desiccated), not sweetened",0,
170577,12109,"Nuts, coconut meat, dried (desiccated), sweetened, flaked, packaged",0,
170578,12110,"Nuts, coconut meat, dried (desiccated), sweetened, flaked, canned",0,
170579,12114,"Nuts, coconut meat, dried (desiccated), toasted",0,
170580,12115,"Nuts, coconut cream, raw (liquid expressed from grated meat)",0,
170171,12116,"Nuts, coconut cream, canned, sweetened",0,
170172,12117,"Nuts, coconut milk, raw (liquid expressed from grated meat and water)",0,
170173,12118,"Nuts, coconut milk, canned (liquid expressed from grated meat and water)",0,
170174,12119,"Nuts, coconut water (liquid from coconuts)",0,
170581,12120,"Nuts, hazelnuts or filberts",59,Shells
170582,12121,"Nuts, hazelnuts or filberts, blanched",0,
170583,12122,"Nuts, hazelnuts or filberts, dry roasted, without salt added",0,
170584,12127,"Nuts, ginkgo nuts, raw",24,Shells
170175,12128,"Nuts, ginkgo nuts, dried",24,Shells
170176,12129,"Nuts, ginkgo nuts, canned",41,Liquid
170177,12130,"Nuts, hickorynuts, dried",68,Shells
170178,12131,"Nuts, macadamia nuts, raw",69,Shells
170179,12132,"Nuts, macadamia nuts, dry roasted, without salt added",0,
170585,12135,"Nuts, mixed nuts, dry roasted, with peanuts, without salt added",0,
170586,12136,"Nuts, mixed nuts, dry roasted, with peanuts, salt added, PLANTERS pistachio blend",0,
170587,12137,"Nuts, mixed nuts, oil roasted, with peanuts, without salt added",0,
170588,12138,"Nuts, mixed nuts, oil roasted, without peanuts, without salt added",0,
170180,12140,"Nuts, formulated, wheat-based, unflavored, with salt added",0,
170181,12141,"Nuts, mixed nuts, dry roasted, with peanuts, salt added, CHOSEN ROASTER",0,
170182,12142,"Nuts, pecans",47,Shells
170183,12143,"Nuts, pecans, dry roasted, without salt added",0,
170589,12144,"Nuts, pecans, oil roasted, without salt added",0,
170590,12145,"Nuts, pilinuts, dried",81,Shells
170591,12147,"Nuts, pine nuts, dried",23,Shells
170592,12149,"Nuts, pine nuts, pinyon, dried",43,Shells
170184,12151,"Nuts, pistachio nuts, raw",47,Shells
170185,12152,"Nuts, pistachio nuts, dry roasted, without salt added",47,Shells
170186,12154,"Nuts, walnuts, black, dried",76,Shells
170187,12155,"Nuts, walnuts, english",55,Shells
170593,12156,"Nuts, walnuts, glazed",0,
170594,12157,"Nuts, walnuts, dry roasted, with salt added",0,
170595,12158,"Seeds, breadfruit seeds, roasted",0,
170596,12160,"Seeds, cottonseed kernels, roasted (glandless)",0,
170188,12163,"Seeds, pumpkin and squash seeds, whole, roasted, without salt",0,
170189,12166,"Seeds, sesame butter, tahini, from roasted and toasted kernels (most common type)",0,
170190,12167,"Nuts, chestnuts, european, roasted",37,Shells and skins
170191,12169,"Seeds, sesame butter, paste",0,
170192,12170,"Seeds, sesame flour, high-fat",0,
169406,12171,"Seeds, sesame butter, tahini, from unroasted kernels (non-chemically removed seed coat)",0,
169407,12174,"Seeds, watermelon seed kernels, dried",63,Hard seed coat
169408,12175,"Nuts, chestnuts, japanese, dried",34,Shells
169409,12176,"Nuts, coconut milk, frozen (liquid expressed from grated meat and water)",0,
168585,12177,"Nuts, coconut meat, dried (desiccated), creamed",0,
168586,12179,"Nuts, coconut meat, dried (desiccated), sweetened, shredded",0,
168587,12193,"Seeds, sisymbrium sp. seeds, whole, dried",0,
168588,12195,"Nuts, almond butter, plain, without salt added",0,
169410,12198,"Seeds, sesame butter, tahini, from raw and stone ground kernels",0,
169411,12200,"Nuts, formulated, wheat-based, all flavors except macadamia, without salt",0,
169412,12201,"Seeds, sesame seed kernels, dried (decorticated)",0,
169413,12202,"Nuts, chestnuts, japanese, raw",34,Shells
168589,12203,"Nuts, chestnuts, japanese, boiled and steamed",0,
168590,12204,"Nuts, chestnuts, japanese, roasted",0,
168591,12205,"Seeds, lotus seeds, raw",47,Shells
168592,12206,"Nuts, almonds, honey roasted, unblanched",0,
169414,12220,"Seeds, flaxseed",0,
169415,12516,"Seeds, pumpkin and squash seed kernels, roasted, with salt added",0,
169416,12529,"Seeds, sesame seed kernels, toasted, with salt added (decorticated)",0,
169417,12536,"Seeds, sunflower seed kernels from shell, dry roasted, with salt added",46,Hulls
169418,12537,"Seeds, sunflower seed kernels, dry roasted, with salt added",0,
168593,12538,"Seeds, sunflower seed kernels, oil roasted, with salt added",0,
168594,12539,"Seeds, sunflower seed kernels, toasted, with salt added",0,
168595,12540,"Seeds, sunflower seed butter, with salt added (Includes foods for USDA's Food Distribution Program)",0,
168596,12563,"Nuts, almonds, dry roasted, with salt added",0,
169419,12565,"Nuts, almonds, oil roasted, with salt added",0,
169420,12567,"Nuts, almonds, oil roasted, with salt added, smoke flavor",0,
169421,12585,"Nuts, cashew nuts, dry roasted, with salt added",0,
169422,12586,"Nuts, cashew nuts, oil roasted, with salt added",0,
168597,12588,"Nuts, cashew butter, plain, with salt added",0,
168598,12632,"Nuts, macadamia nuts, dry roasted, with salt added",0,
168599,12635,"Nuts, mixed nuts, dry roasted, with peanuts, with salt added",0,
168600,12637,"Nuts, mixed nuts, oil roasted, with peanuts, with salt added",0,
169423,12638,"Nuts, mixed nuts, oil roasted, without peanuts, with salt added",0,
169424,12643,"Nuts, pecans, dry roasted, with salt added",0,
169425,12644,"Nuts, pecans, oil roasted, with salt added",0,
169426,12652,"Nuts, pistachio nuts, dry roasted, with salt added",47,Shells
168601,12663,"Seeds, pumpkin and squash seeds, whole, roasted, with salt added",0,
168602,12665,"Nuts, almonds, oil roasted, lightly salted",0,
168603,12695,"Nuts, almond butter, plain, with salt added",0,
168604,12698,"Seeds, sesame butter, tahini, type of kernels unspecified",0,
169427,12737,"Nuts, mixed nuts, oil roasted, with peanuts, lightly salted",0,
169428,12738,"Nuts, mixed nuts, oil roasted, without peanuts, lightly salted",0,
169429,13000,"Beef, grass-fed, strip steaks, lean only, raw",34,"23% Bone and connective tissue, 11% Separable fat"
169430,13001,"Beef, carcass, separable lean and fat, choice, raw",19,Bone 19%
169431,13002,"Beef, carcass, separable lean and fat, select, raw",20,Bone 20%
168605,13019,"Beef, retail cuts, separable fat, raw",0,
168606,13020,"Beef, retail cuts, separable fat, cooked",0,
168607,13023,"Beef, brisket, whole, separable lean only, all grades, raw",30,"Connective tissue 0.3%, separable fat 30%"
168608,13047,"Beef, grass-fed, ground, raw",0,
169432,13055,"Beef, brisket, flat half, separable lean and fat, trimmed to 1/8"" fat, select, cooked, braised",0,
169433,13065,"Beef, flank, steak, separable lean and fat, trimmed to 0"" fat, choice, raw",0,
169434,13066,"Beef, flank, steak, separable lean and fat, trimmed to 0"" fat, choice, cooked, braised",2,Connective tissue
169435,13067,"Beef, flank, steak, separable lean and fat, trimmed to 0"" fat, choice, cooked, broiled",0,
168609,13068,"Beef, flank, steak, separable lean only, trimmed to 0"" fat, choice, raw",4,"Bone and connective tissue, 0.2%, separable fat, 3.6%"
168610,13069,"Beef, flank, steak, separable lean only, trimmed to 0"" fat, choice, cooked, braised",8,"Connective tissue, 2%, separable fat, 6%"
168611,13070,"Beef, flank, steak, separable lean only, trimmed to 0"" fat, choice, cooked, broiled",2,Separable fat
168612,13095,"Beef, rib, eye, small end (ribs 10-12), separable lean and fat, trimmed to 0"" fat, choice, raw",4,Connective tissue
169436,13096,"Beef, rib, eye, small end (ribs 10-12), separable lean and fat, trimmed to 0"" fat, choice, cooked, broiled",8,Bone and connective tissue
169437,13097,"Beef, rib, eye, small end (ribs 10-12), separable lean only, trimmed to 0"" fat, choice, raw",25,"Connective tissue 4%, separable fat 21%"
169438,13098,"Beef, rib, eye, small end (ribs 10-12), separable lean only, trimmed to 0"" fat, choice, cooked, broiled",19,"Bone and connective tissue 7%, sep fat 12%"
169439,13147,"Beef, rib, shortribs, separable lean and fat, choice, raw",27,Bone
168613,13148,"Beef, rib, shortribs, separable lean and fat, choice, cooked, braised",29,Bone
168614,13149,"Beef, rib, shortribs, separable lean only, choice, raw",59,"Bone 27%, separable fat 32%"
168615,13150,"Beef, rib, shortribs, separable lean only, choice, cooked, braised",62,"Bone, 29%, separable fat, 33%"
168616,13156,"Beef, round, full cut, separable lean only, trimmed to 1/4"" fat, choice, cooked, broiled",17,"8% bone, 9% separable fat"
168617,13158,"Beef, round, full cut, separable lean only, trimmed to 1/4"" fat, select, cooked, broiled",17,"Bone, 8%, separable fat, 9%"
169440,13165,"Beef, brisket, flat half, separable lean and fat, trimmed to 0"" fat, choice, cooked, braised",0,
169441,13227,"Beef, shank crosscuts, separable lean only, trimmed to 1/4"" fat, choice, raw",40,"Bone 34%, separable fat 6%"
169442,13228,"Beef, shank crosscuts, separable lean only, trimmed to 1/4"" fat, choice, cooked, simmered",45,"Bone, 37%, separable fat, 8%"
169443,13231,"Beef, short loin, porterhouse steak, separable lean only, trimmed to 1/8"" fat, choice, raw",35,"Bone and heavy connective tissue, 23%, separable fat, 12%"
168618,13232,"Beef, short loin, porterhouse steak, separable lean only, trimmed to 1/8"" fat, choice, cooked, grilled",38,"Bone and connective tissue 26%, separable fat, 12%"
168619,13235,"Beef, short loin, t-bone steak, bone-in, separable lean only, trimmed to 1/8"" fat, choice, raw",39,"Bone and heavy connective tissue, 25%, separable fat, 14%"
168620,13236,"Beef, short loin, t-bone steak, bone-in, separable lean only, trimmed to 1/8"" fat, choice, cooked, grilled",42,"Bone and connective tissue, 28%, separable fat, 14%"
168621,13284,"Beef, rib eye, small end (ribs 10-12), separable lean only, trimmed to 0"" fat, select, raw",37,Bone and connective tissue and separable fat
169444,13285,"Beef, chuck, under blade pot roast, boneless, separable lean only, trimmed to 0"" fat, all grades, cooked, braised",24,"Connective tissue 4%, seam fat 20%"
169445,13293,"Beef, chuck, under blade pot roast or steak, boneless, separable lean only, trimmed to 0"" fat, all grades, raw",19,"Connective tissue 6%, seam fat 13%"
169446,13294,"Beef, chuck, under blade pot roast or steak, boneless, separable lean only, trimmed to 0"" fat, choice, raw",20,"Connective tissue 6%, seam fat 14%"
169447,13317,"Beef, ground, patties, frozen, cooked, broiled",0,
168622,13318,"Beef, variety meats and by-products, brain, raw",22,Blood clots and membranes 22.45%
168623,13319,"Beef, variety meats and by-products, brain, cooked, pan-fried",0,
168624,13320,"Beef, variety meats and by-products, brain, cooked, simmered",0,
168625,13321,"Beef, variety meats and by-products, heart, raw",29,"Fat, veins and connective tissue"
169448,13322,"Beef, variety meats and by-products, heart, cooked, simmered",16,"Fat and valves, 16.39%"
169449,13323,"Beef, variety meats and by-products, kidneys, raw",16,"Fat, veins and connective tissue"
169450,13324,"Beef, variety meats and by-products, kidneys, cooked, simmered",0,
169451,13325,"Beef, variety meats and by-products, liver, raw",0,
168626,13326,"Beef, variety meats and by-products, liver, cooked, braised",0,
168627,13327,"Beef, variety meats and by-products, liver, cooked, pan-fried",0,
168628,13328,"Beef, variety meats and by-products, lungs, raw",24,Blood clots and membranes
168629,13329,"Beef, variety meats and by-products, lungs, cooked, braised",0,
168630,13330,"Beef, variety meats and by-products, mechanically separated beef, raw",0,
169452,13331,"Beef, variety meats and by-products, pancreas, raw",0,
169453,13332,"Beef, variety meats and by-products, pancreas, cooked, braised",0,
169454,13333,"Beef, variety meats and by-products, spleen, raw",0,
170597,13334,"Beef, variety meats and by-products, spleen, cooked, braised",0,
170193,13335,"Beef, variety meats and by-products, suet, raw",0,
170194,13337,"Beef, variety meats and by-products, thymus, raw",0,
170195,13338,"Beef, variety meats and by-products, thymus, cooked, braised",0,
170196,13339,"Beef, variety meats and by-products, tongue, raw",16,Cartilage and connective tissue
170598,13340,"Beef, variety meats and by-products, tongue, cooked, simmered",16,"Skin and connective tissue, 5.74%; Cartilage and connective tissue,10.35%"
170599,13341,"Beef, variety meats and by-products, tripe, raw",0,
170600,13342,"Beef, sandwich steaks, flaked, chopped, formed and thinly sliced, raw",0,
170601,13343,"Beef, brisket, flat half, separable lean only, trimmed to 0"" fat, choice, cooked, braised",2,Separable fat
170197,13344,"Beef, cured, breakfast strips, raw or unheated",0,
170198,13345,"Beef, cured, breakfast strips, cooked",0,
170199,13346,"Beef, cured, corned beef, brisket, raw",1,Connective tissue
170200,13347,"Beef, cured, corned beef, brisket, cooked",1,Connective tissue
170602,13348,"Beef, cured, corned beef, canned",0,
170603,13349,"Beef, chuck, under blade pot roast or steak, boneless, separable lean only, trimmed to 0"" fat, select, raw",19,"Connective tissue 6%, seam fat 13%"
170604,13350,"Beef, cured, dried",0,
170605,13351,"Beef, chuck, under blade center steak, boneless, Denver Cut, separable lean only, trimmed to 0"" fat, all grades, cooked, grilled",3,"Connective tissue 1%, seam fat 2%"
170201,13352,"Beef, chuck, under blade center steak, boneless, Denver Cut, separable lean only, trimmed to 0"" fat, choice, cooked, grilled",3,"Connective tissue 1%, seam fat 2%"
170202,13353,"Beef, cured, luncheon meat, jellied",0,
170203,13354,"Beef, chuck, under blade center steak, boneless, Denver Cut, separable lean only, trimmed to 0"" fat, select, cooked, grilled",2,"Connective tissue 1%, seam fat 1%"
170204,13355,"Beef, cured, pastrami",0,
170205,13356,"Beef, chuck, under blade center steak, boneless, Denver Cut, separable lean only, trimmed to 0"" fat, all grades, raw",5,"Connective tissue 2%, seam fat 3%"
170606,13357,"Sausage, beef, cured, cooked, smoked",0,
170607,13358,"Beef, chopped, cured, smoked",0,
170608,13359,"Beef, chuck, under blade center steak, boneless, Denver Cut, separable lean only, trimmed to 0"" fat, choice, raw",4,"Connective tissue 1%, seam fat 3%"
170609,13361,"Beef, composite of trimmed retail cuts, separable lean and fat, trimmed to 0"" fat, all grades, cooked",,No component data available
170206,13362,"Beef, composite of trimmed retail cuts, separable lean and fat, trimmed to 0"" fat, choice, cooked",,No component data available
170207,13363,"Beef, composite of trimmed retail cuts, separable lean and fat, trimmed to 0"" fat, select, cooked",,No component data available
170208,13364,"Beef, composite of trimmed retail cuts, separable lean only, trimmed to 0"" fat, all grades, cooked",,No component data available
170209,13365,"Beef, composite of trimmed retail cuts, separable lean only, trimmed to 0"" fat, choice, cooked",,No component data available
170610,13366,"Beef, composite of trimmed retail cuts, separable lean only, trimmed to 0"" fat, select, cooked",,Component data unavailable
170611,13367,"Beef, brisket, whole, separable lean and fat, trimmed to 0"" fat, all grades, cooked, braised",1,Connective tissue
170612,13368,"Beef, brisket, whole, separable lean only, trimmed to 0"" fat, all grades, cooked, braised",17,"1% connective tissue, 16% separable fat"
170613,13369,"Beef, brisket, flat half, separable lean and fat, trimmed to 0"" fat, all grades, cooked, braised",0,
170210,13370,"Beef, brisket, flat half, separable lean only, trimmed to 0"" fat, all grades, cooked, braised",2,Separable fat
170211,13371,"Beef, brisket, point half, separable lean and fat, trimmed to 0"" fat, all grades, cooked, braised",1,Connective tissue 1%
170212,13372,"Beef, brisket, point half, separable lean only, trimmed to 0"" fat, all grades, cooked, braised",25,"Connective tissue, 1%, separable fat, 24%"
170213,13373,"Beef, chuck, arm pot roast, separable lean and fat, trimmed to 0"" fat, all grades, cooked, braised",19,Bone and connective tissue
170614,13375,"Beef, chuck, arm pot roast, separable lean and fat, trimmed to 0"" fat, select, cooked, braised",28,Bone and connective tissue
170615,13377,"Beef, chuck, arm pot roast, separable lean only, trimmed to 0"" fat, choice, cooked, braised",40,"Bone and connective tissue 23%, sep fat 17%"
170616,13378,"Beef, chuck, arm pot roast, separable lean only, trimmed to 0"" fat, select, cooked, braised",42,"Bone and connective tissue 29%, sep fat 13%"
170617,13379,"Beef, chuck, blade roast, separable lean and fat, trimmed to 0"" fat, all grades, cooked, braised",25,Bone
170618,13380,"Beef, chuck, under blade pot roast, boneless, separable lean and fat, trimmed to 0"" fat, choice, cooked, braised",4,Connective tissue 4%
170214,13381,"Beef, chuck, under blade pot roast, boneless, separable lean and fat, trimmed to 0"" fat, select, cooked, braised",40,Connective tissue 4%
170215,13382,"Beef, chuck, blade roast, separable lean only, trimmed to 0"" fat, all grades, cooked, braised",39,"25% bone, 14% separable fat"
170216,13383,"Beef, chuck, under blade pot roast, boneless, separable lean only, trimmed to 0"" fat, choice, cooked, braised",24,"Connective tissue 3%, seam fat 21%"
170217,13384,"Beef, chuck, under blade pot roast, boneless, separable lean only, trimmed to 0"" fat, select, cooked, braised",23,"Connective tissue 4%, seam fat 19%"
170619,13386,"Beef, rib, large end (ribs 6-9), separable lean and fat, trimmed to 0"" fat, choice, cooked, roasted",16,Bone
170620,13387,"Beef, rib, large end (ribs 6-9), separable lean and fat, trimmed to 0"" fat, select, cooked, roasted",17,Bone
170621,13388,"Beef, rib, large end (ribs 6-9), separable lean only, trimmed to 0"" fat, all grades, cooked, roasted",38,"16% bone, 22% separable fat"
170622,13389,"Beef, rib, large end (ribs 6-9), separable lean only, trimmed to 0"" fat, choice, cooked, roasted",40,"Bone, 16%, separable fat, 24%"
170218,13390,"Beef, rib, large end (ribs 6-9), separable lean only, trimmed to 0"" fat, select, cooked, roasted",37,"Bone, 17%, separable fat, 20%"
170219,13391,"Beef, rib, small end (ribs 10-12), separable lean and fat, trimmed to 0"" fat, all grades, cooked, broiled",23,Bone and connective tissue
170220,13392,"Beef, rib, small end (ribs 10-12), separable lean and fat, trimmed to 0"" fat, choice, cooked, broiled",22,Bone
170221,13393,"Beef, rib, small end (ribs 10-12), separable lean and fat, trimmed to 0"" fat, select, cooked, broiled",24,Bone
170623,13394,"Beef, rib, small end (ribs 10-12), separable lean only, trimmed to 0"" fat, all grades, cooked, broiled",37,"Bone and connective tissue, 7.8%, separable fat, 10.6%"
170624,13395,"Beef, rib, small end (ribs 10-12), separable lean only, trimmed to 0"" fat, choice, cooked, broiled",37,"Bone, 22%, separable fat, 15%"
170625,13396,"Beef, rib, small end (ribs 10-12), separable lean only, trimmed to 0"" fat, select, cooked, broiled",37,"Bone, 24%, separable fat, 13%"
170626,13398,"Beef, round, bottom round, steak, separable lean and fat, trimmed to 0"" fat, all grades, cooked, braised",2,Bone and connective tissue
170222,13399,"Beef, round, bottom round, roast, separable lean and fat, trimmed to 0"" fat, all grades, cooked, roasted",1,Bone and connective tissue
170223,13401,"Beef, round, bottom round, steak, separable lean and fat, trimmed to 0"" fat, choice, cooked, braised",1,Bone and connective tissue
170224,13402,"Beef, round, bottom round, roast, separable lean and fat, trimmed to 0"" fat, choice, cooked, roasted",1,Bone and connective tissue
170225,13404,"Beef, round, bottom round, steak, separable lean and fat, trimmed to 0"" fat, select, cooked, braised",3,Bone and connective tissue
170627,13405,"Beef, round, bottom round, roast, separable lean and fat, trimmed to 0"" fat, select, cooked, roasted",1,Bone and connective tissue
170628,13407,"Beef, round, bottom round, steak, separable lean only, trimmed to 0"" fat, all grades, cooked, braised",4,"Bone and connective tissue, 1.8%, separable fat, 1.8%"
170629,13408,"Beef, round, bottom round, roast, separable lean only, trimmed to 0"" fat, all grades, cooked, roasted",3,"Bone and connective tissue 1%, sep fat 2%"
170630,13410,"Beef, round, bottom round, steak, separable lean only, trimmed to 0"" fat, choice, cooked, braised",2,"Bone and connective tissue 1%, sep fat 1%"
170631,13411,"Beef, round, bottom round, roast, separable lean only, trimmed to 0"" fat, choice, cooked, roasted",4,"Bone and connective tissue 1%, sep fat 3%"
170226,13413,"Beef, round, bottom round, steak, separable lean only, trimmed to 0"" fat, select, cooked, braised",5,"Bone and connective tissue 3%, sep fat 2%"
170227,13414,"Beef, round, bottom round roast, separable lean only, trimmed to 0"" fat, select, cooked, roasted",2,"Bone and connective tissue 1%, sep fat 1%"
170228,13415,"Beef, round, eye of round roast, boneless, separable lean and fat, trimmed to 0"" fat, all grades, cooked, roasted",0,
170229,13416,"Beef, round, eye of round roast, boneless, separable lean and fat, trimmed to 0"" fat, choice, cooked, roasted",0,
170632,13417,"Beef, round, eye of round roast, boneless, separable lean and fat, trimmed to 0"" fat, select, cooked, roasted",0,
170633,13418,"Beef, round, eye of round roast, boneless, separable lean only, trimmed to 0"" fat, all grades, cooked, roasted",2,Connective tissue 2%
170634,13419,"Beef, round, eye of round roast, boneless, separable lean only, trimmed to 0"" fat, choice, cooked, roasted",3,Bone and Conective tissue 3%
170635,13420,"Beef, round, eye of round roast, boneless, separable lean only, trimmed to 0"" fat, select, cooked, roasted",0,
170230,13421,"Beef, round, tip round, roast, separable lean and fat, trimmed to 0"" fat, all grades, cooked, roasted",4,Bone and connective tissue
170231,13422,"Beef, round, tip round, roast, separable lean and fat, trimmed to 0"" fat, choice, cooked, roasted",4,Bone and connective tissue
170232,13423,"Beef, round, tip round, roast, separable lean and fat, trimmed to 0"" fat, select, cooked, roasted",4,Bone and connective tissue
170233,13424,"Beef, round, tip round, roast, separable lean only, trimmed to 0"" fat, all grades, cooked, roasted",8,"Bone and connective tissue, 4.0%, separable fat, 4.0%"
170636,13425,"Beef, round, tip round, roast, separable lean only, trimmed to 0"" fat, choice, cooked, roasted",7,"Bone and connective tissue 4%, sep fat 3%"
170637,13426,"Beef, round, tip round, roast, separable lean only, trimmed to 0"" fat, select, cooked, roasted",9,"Bone and connective tissue 4%, sep fat 5%"
170638,13428,"Beef, round, top round, separable lean and fat, trimmed to 0"" fat, all grades, cooked, braised",2,Connective tissue
170639,13430,"Beef, round, top round, separable lean and fat, trimmed to 0"" fat, choice, cooked, braised",2,Connective tissue
170234,13432,"Beef, round, top round, separable lean and fat, trimmed to 0"" fat, select, cooked, braised",2,Connective tissue
170235,13436,"Beef, round, top round, separable lean only, trimmed to 0"" fat, choice, cooked, braised",4,"Connective tissue, 2%, separable fat, 2%"
170236,13438,"Beef, round, top round, separable lean only, trimmed to 0"" fat, select, cooked, braised",4,"Connective tissue, 2%, separable fat, 2%"
170237,13439,"Beef, loin, tenderloin steak, boneless, separable lean and fat, trimmed to 0"" fat, all grades, cooked, grilled",1,Connective tissue 1%
170238,13440,"Beef, loin, tenderloin steak, boneless, separable lean and fat, trimmed to 0"" fat, choice, cooked, grilled",1,Connective tissue 1%
170640,13441,"Beef, loin, tenderloin steak, boneless, separable lean and fat, trimmed to 0"" fat, select, cooked, grilled",1,Connective tissue 1%
170641,13442,"Beef, loin, tenderloin steak, boneless, separable lean only, trimmed to 0"" fat, all grades, cooked, grilled",1,Separable fat 1%
170642,13443,"Beef, loin, tenderloin steak, boneless, separable lean only, trimmed to 0"" fat, choice, cooked, grilled",1,Separable fat 1%
170643,13444,"Beef, loin, tenderloin steak, boneless, separable lean only, trimmed to 0"" fat, select, cooked, grilled",1,Separable fat 1%
170239,13445,"Beef, loin, top loin steak, boneless, lip off, separable lean and fat, trimmed to 0"" fat, all grades, cooked, grilled",8,Connective tissue 8%
170240,13446,"Beef, loin, top loin steak, boneless, lip off, separable lean and fat, trimmed to 0"" fat, choice, cooked, grilled",7,Connective tissue 7%
168631,13447,"Beef, loin, top loin steak, boneless, lip off, separable lean and fat, trimmed to 0"" fat, select, cooked, grilled",9,Connective tissue 9%
168632,13448,"Beef, loin, top loin steak, boneless, lip off, separable lean only, trimmed to 0"" fat, all grades, cooked, grilled",12,"Connective tissue 8%, separable fat 4%"
169455,13449,"Beef, loin, top loin steak, boneless, lip off, separable lean only, trimmed to 0"" fat, choice, cooked, grilled",12,"Connective tissue 7%, separable fat 5%"
169456,13450,"Beef, loin, top loin steak, boneless, lip off, separable lean only, trimmed to 0"" fat, select, cooked, grilled",13,"Connective tissue 9%, separable fat 4%"
169457,13451,"Beef, top sirloin, steak, separable lean and fat, trimmed to 0"" fat, all grades, cooked, broiled",4,Bone and connective tissue
169458,13452,"Beef, top sirloin, steak, separable lean and fat, trimmed to 0"" fat, choice, cooked, broiled",3,Bone and connective tissue
168633,13453,"Beef, top sirloin, steak, separable lean and fat, trimmed to 0"" fat, select, cooked, broiled",4,Bone and connective tissue
168634,13454,"Beef, top sirloin, steak, separable lean only, trimmed to 0"" fat, all grades, cooked, broiled",10,"Bone and connective tissue, 3.8%, separable fat, 5.8%"
168635,13455,"Beef, top sirloin, steak, separable lean only, trimmed to 0"" fat, choice, cooked, broiled",10,"Bone and connective tissue 4%, sep fat 6%"
168636,13456,"Beef, top sirloin, steak, separable lean only, trimmed to 0"" fat, select, cooked, broiled",10,"Bone and connective tissue 4%, sep fat 6%"
169459,13459,"Beef, short loin, porterhouse steak, separable lean and fat, trimmed to 0"" fat, all grades, cooked, broiled",21,"Bone and heavy connective tissue, 21%"
169460,13460,"Beef, short loin, porterhouse steak, separable lean and fat, trimmed to 0"" fat, USDA choice, cooked, broiled",21,"Bone and heavy connective tissue, 21%"
169461,13463,"Beef, short loin, porterhouse steak, separable lean and fat, trimmed to 0"" fat, USDA select, cooked, broiled",20,"Bone and heavy connective tissue, 20%"
169462,13464,"Beef, short loin, porterhouse steak, separable lean only, trimmed to 1/8"" fat, all grades, raw",35,"Bone and connective tissue 23%, Separable fat 12%"
168637,13465,"Beef, short loin, porterhouse steak, separable lean only,  trimmed to 1/8"" fat, all grades, cooked, grilled",38,"Bone and connective tissue 27%, separable fat 11%"
168638,13466,"Beef, short loin, porterhouse steak, separable lean only, trimmed to 0"" fat, all grades, cooked, broiled",32,"Bone and heavy connective tissue, 21%, separable fat, 11%"
168639,13467,"Beef, short loin, porterhouse steak, separable lean only, trimmed to 0"" fat, choice, cooked, broiled",31,"Bone and heavy connective tissue, 21%, separable fat, 10%"
168640,13468,"Beef, short loin, porterhouse steak, separable lean only, trimmed to 1/8"" fat, select, raw",37,"Bone and connective tissue 24%, separable fat 13%"
168641,13469,"Beef, short loin, porterhouse steak, separable lean only, trimmed to 1/8"" fat, select, cooked, grilled",40,"Bone and connective tissue 30%, separable fat 10%"
169463,13470,"Beef, short loin, porterhouse steak, separable lean only, trimmed to 0"" fat, select, cooked, broiled",32,"Bone and heavy connective tissue, 20%, separable fat, 12%"
169464,13473,"Beef, short loin, t-bone steak, separable lean and fat, trimmed to 0"" fat, all grades, cooked, broiled",22,"Bone and heavy connective tissue, 22%"
169465,13474,"Beef, short loin, t-bone steak, separable lean and fat, trimmed to 0"" fat, USDA choice, cooked, broiled",23,"Bone and heavy connective tissue, 23%"
169466,13477,"Beef, short loin, t-bone steak, separable lean and fat, trimmed to 0"" fat, USDA select, cooked, broiled",21,"Bone and heavy connective tissue, 21%"
168642,13478,"Beef, short loin, t-bone steak, bone-in, separable lean only, trimmed to 1/8"" fat, all grades, raw",39,"Bone and connective tissue, 25%, separable fat, 14%"
168643,13479,"Beef, short loin, t-bone steak, bone-in, separable lean only, trimmed to 1/8"" fat, all grades, cooked, grilled",43,"Bone and connective tissue, 30%, separable fat, 13%"
168644,13481,"Beef, short loin, t-bone steak, separable lean only, trimmed to 0"" fat, choice, cooked, broiled",32,"Bone and heavy connective tissue, 22%, separable fat, 10%"
168645,13482,"Beef, short loin, t-bone steak, bone-in, separable lean only, trimmed to 1/8"" fat, select, raw",41,"Bone and heavy connective tissue, 26%, Separable fat 14%"
169467,13483,"Beef, short loin, t-bone steak, bone-in, separable lean only, trimmed to 1/8"" fat, select, cooked, grilled",44,"Bone and connective tissue, 32%, separable fat, 12%"
169468,13484,"Beef, short loin, t-bone steak, separable lean only, trimmed to 0"" fat, select, cooked, broiled",29,"Bone and heavy connective tissue, 21%, separable fat, 8%"
169469,13485,"Beef, brisket, flat half, separable lean only, trimmed to 0"" fat, select, cooked, braised",1,Separable fat
169470,13486,"Beef, round, tip round, roast, separable lean and fat, trimmed to 0"" fat, all grades, raw",4,Bone and connective tissue
168646,13487,"Beef, round, tip round, roast, separable lean and fat, trimmed to 0"" fat, choice, raw",4,Bone and connective tissue
168647,13488,"Beef, round, tip round, roast, separable lean and fat, trimmed to 0"" fat, select, raw",3,Bone and connective tissue
168648,13490,"Beef, rib, eye, small end (ribs 10- 12) separable lean only, trimmed to 0"" fat, select, cooked, broiled",18,"Bone and connective tissue 8%, sep fat 10%"
168649,13491,"Beef, round, top round steak, boneless, separable lean only, trimmed to 0"" fat, all grades, cooked, grilled",0,
169471,13492,"Beef, round, top round steak, boneless, separable lean only, trimmed to 0"" fat, choice, cooked, grilled",0,
169472,13493,"Beef, round, top round steak, boneless, separable lean only, trimmed to 0"" fat, select, cooked, grilled",0,
169473,13494,"Beef, ground, 70% lean meat / 30% fat, crumbles, cooked, pan-browned",0,
169474,13495,"Beef, ground, 70% lean meat / 30% fat, loaf, cooked, baked",0,
168650,13496,"Beef, ground, 70% lean meat / 30% fat, patty cooked, pan-broiled",0,
168651,13497,"Beef, ground, 70% lean meat / 30% fat, patty, cooked, broiled",0,
168652,13498,"Beef, ground, 70% lean meat / 30% fat, raw",0,
168653,13499,"Beef, chuck, under blade center steak, boneless, Denver Cut, separable lean only, trimmed to 0"" fat, select, raw",6,"Connective tissue 2%, seam fat 4%"
168654,13500,"Beef, shoulder top blade steak, boneless, separable lean only, trimmed to 0"" fat, all grades, cooked, grilled",18,"Connective tissue 15%, seam fat 3%"
169475,13501,"Beef, shoulder top blade steak, boneless, separable lean only, trimmed to 0"" fat, choice, cooked, grilled",18,"Connective tissue 14%, seam fat 4%"
169476,13502,"Beef, shoulder top blade steak, boneless, separable lean only, trimmed to 0"" fat, select, cooked, grilled",19,"Connective tissue 17%, seam fat 2%"
169477,13519,"Beef, shoulder top blade steak, boneless, separable lean only, trimmed to 0"" fat, all grades, raw",16,"Connective tissue 14%, seam fat 2%"
169478,13520,"Beef, shoulder top blade steak, boneless, separable lean only, trimmed to 0"" fat, choice, raw",17,"Connective tissue 15%, seam fat 2%"
168655,13523,"Beef, shoulder top blade steak, boneless, separable lean only, trimmed to 0"" fat, select, raw",15,"Connective tissue 14%, seam fat 1%"
168656,13595,"Beef, brisket, flat half, boneless separable lean only, trimmed to 0"" fat, all grades, raw",10,"Connective tissue 1%, seam fat 9%"
168657,13596,"Beef, brisket, flat half, boneless, separable lean only, trimmed to 0"" fat, choice, raw",9,"Connective tissue 1%, seam fat 8%"
168658,13597,"Beef, brisket, flat half, boneless, separable lean only, trimmed to 0"" fat, select, raw",10,"Connective tissue 1%, seam fat 9%"
169479,13598,"Beef, shoulder top blade steak, boneless, separable lean and fat, trimmed to 0"" fat, all grades, cooked, grilled",15,Connective tissue 15%
169480,13647,"Beef, shoulder pot roast or steak, boneless, separable lean only, trimmed to 0"" fat, all grades, raw",7,"Connective tissue 6%, seam fat 1%"
169481,13648,"Beef, shoulder pot roast or steak, boneless, separable lean only, trimmed to 0"" fat, choice, raw",7,"Connective tissue 6%, seam fat 1%"
169482,13649,"Beef, shoulder pot roast or steak, boneless, separable lean only, trimmed to 0"" fat, select, raw",7,"Connective tissue 6%, seam fat 1%"
168659,13650,"Beef, shoulder top blade steak, boneless, separable lean and fat, trimmed to 0"" fat, choice, cooked, grilled",14,Connective tissue 14%
168660,13786,"Beef, chuck eye roast, boneless, America's Beef Roast, separable lean and fat, trimmed to 0"" fat, all grades, raw",8,Connective tissue 8%
168661,13788,"Beef, chuck eye roast, boneless, America's Beef Roast, separable lean and fat, trimmed to 0"" fat, choice, raw",9,Connective tissue 9%
168662,13791,"Beef, chuck eye roast, boneless, America's Beef Roast, separable lean and fat, trimmed to 0"" fat, select, raw",6,Connective tissue 6%
169483,13795,"Beef, composite of trimmed retail cuts, separable lean and fat, trimmed to 1/8"" fat, all grades, raw",,No component data available
169484,13796,"Beef, composite of trimmed retail cuts, separable lean and fat, trimmed to 1/8"" fat, all grades, cooked",,No component data available
169485,13797,"Beef, composite of trimmed retail cuts, separable lean and fat, trimmed to 1/8"" fat, choice, raw",,No component data available
169486,13798,"Beef, composite of trimmed retail cuts, separable lean and fat, trimmed to 1/8"" fat, choice, cooked",,No component data available
169487,13799,"Beef, composite of trimmed retail cuts, separable lean and fat, trimmed to 1/8"" fat, select, raw",,No component data available
168663,13800,"Beef, composite of trimmed retail cuts, separable lean and fat, trimmed to 1/8"" fat, select, cooked",,No component data available
168664,13803,"Beef, brisket, whole, separable lean and fat, trimmed to 1/8"" fat, all grades, raw",1,Connective tissue
168665,13804,"Beef, brisket, whole, separable lean and fat, trimmed to 1/8"" fat, all grades, cooked, braised",1,Connective tissue
168666,13805,"Beef, brisket, flat half, separable lean and fat, trimmed to 1/8"" fat, all grades, raw",1,Bone and connective tissue
169488,13806,"Beef, brisket, flat half, separable lean and fat, trimmed to 1/8"" fat, all grades, cooked, braised",0,
169489,13807,"Beef, brisket, point half, separable lean and fat, trimmed to 1/8"" fat, all grades, raw",1,Connective tissue
169490,13808,"Beef, brisket, point half, separable lean and fat, trimmed to 1/8"" fat, all grades, cooked, braised",1,Connective tissue
169491,13809,"Beef, chuck, arm pot roast, separable lean and fat, trimmed to 1/8"" fat, all grades, raw",21,Bone and connective tissue
168667,13810,"Beef, chuck, arm pot roast, separable lean and fat, trimmed to 1/8"" fat, all grades, cooked, braised",28,Bone and connective tissue
168668,13811,"Beef, chuck, arm pot roast, separable lean and fat, trimmed to 1/8"" fat, choice, raw",15,Bone and connective tissue
168669,13812,"Beef, chuck, arm pot roast, separable lean and fat, trimmed to 1/8"" fat, choice, cooked, braised",30,Bone and connective tissue
168670,13813,"Beef, chuck, arm pot roast, separable lean and fat, trimmed to 1/8"" fat, select, raw",16,Bone and connective tissue
169492,13814,"Beef, chuck, arm pot roast, separable lean and fat, trimmed to 1/8"" fat, select, cooked, braised",26,Bone and connective tissue
169493,13815,"Beef, chuck, blade roast, separable lean and fat, trimmed to 1/8"" fat, all grades, raw",19,Bone
169494,13816,"Beef, chuck, blade roast, separable lean and fat, trimmed to 1/8"" fat, all grades, cooked, braised",23,Bone
169495,13817,"Beef, chuck, blade roast, separable lean and fat, trimmed to 1/8"" fat, choice, raw",19,Bone
168671,13818,"Beef, chuck, blade roast, separable lean and fat, trimmed to 1/8"" fat, choice, cooked, braised",23,Bone
168672,13819,"Beef, chuck, blade roast, separable lean and fat, trimmed to 1/8"" fat, select, raw",19,Bone
168673,13820,"Beef, chuck, blade roast, separable lean and fat, trimmed to 1/8"" fat, select, cooked, braised",23,Bone
168674,13821,"Beef, chuck eye roast, boneless, America's Beef Roast, separable lean only, trimmed to 0"" fat, all grades, cooked, roasted",19,"Connective tissue 6%, seam fat 13%"
169496,13822,"Beef, chuck eye roast, boneless, America's Beef Roast, separable lean only, trimmed to 0"" fat, choice, cooked, roasted",19,"Connective tissue 6%, seam fat 13%"
169497,13823,"Beef, chuck eye roast, boneless, America's Beef Roast, separable lean only, trimmed to 0"" fat, select, cooked, roasted",20,"Connective tissue7%, seam fat 13%"
169498,13824,"Beef, rib, whole (ribs 6-12), separable lean and fat, trimmed to 1/8"" fat, all grades, raw",16,Bone
169499,13825,"Beef, rib, whole (ribs 6-12), separable lean and fat, trimmed to 1/8"" fat, all grades, cooked, broiled",21,Bone
169500,13826,"Beef, rib, whole (ribs 6-12), separable lean and fat, trimmed to 1/8"" fat, all grades, cooked, roasted",17,Bone
168675,13827,"Beef, rib, whole (ribs 6-12), separable lean and fat, trimmed to 1/8"" fat, choice, raw",17,Bone
168676,13828,"Beef, rib, whole (ribs 6-12), separable lean and fat, trimmed to 1/8"" fat, choice, cooked, broiled",21,Bone
168677,13829,"Beef, rib, whole (ribs 6-12), separable lean and fat, trimmed to 1/8"" fat, choice, cooked, roasted",17,Bone
168678,13830,"Beef, rib, whole (ribs 6-12), separable lean and fat, trimmed to 1/8"" fat, select, raw",16,Bone
169501,13831,"Beef, rib, whole (ribs 6-12), separable lean and fat, trimmed to 1/8"" fat, select, cooked, broiled",22,Bone
169502,13832,"Beef, rib, whole (ribs 6-12), separable lean and fat, trimmed to 1/8"" fat, select, cooked, roasted",17,Bone
169503,13833,"Beef, rib, whole (ribs 6-12), separable lean and fat, trimmed to 1/8"" fat, prime, raw",16,Bone
169504,13834,"Beef, rib, whole (ribs 6-12), separable lean and fat, trimmed to 1/8"" fat, prime, cooked, broiled",19,Bone
168679,13835,"Beef, rib, whole (ribs 6-12), separable lean and fat, trimmed to 1/8"" fat, prime, cooked, roasted",20,Bone
168680,13838,"Beef, rib, large end (ribs 6-9), separable lean and fat, trimmed to 1/8"" fat, all grades, raw",16,Bone
168681,13839,"Beef, rib, large end (ribs 6-9), separable lean and fat, trimmed to 1/8"" fat, all grades, cooked, broiled",21,Bone
168682,13840,"Beef, rib, large end (ribs 6-9), separable lean and fat, trimmed to 1/8"" fat, all grades, cooked, roasted",16,Bone
169505,13841,"Beef, rib, large end (ribs 6-9), separable lean and fat, trimmed to 1/8"" fat, choice, raw",16,Bone
169506,13842,"Beef, rib, large end (ribs 6-9), separable lean and fat, trimmed to 1/8"" fat, choice, cooked, broiled",21,Bone
169507,13843,"Beef, rib, large end (ribs 6-9), separable lean and fat, trimmed to 1/8"" fat, choice, cooked, roasted",15,Bone
169508,13844,"Beef, rib, large end (ribs 6-9), separable lean and fat, trimmed to 1/8"" fat, select, raw",17,Bone
168683,13845,"Beef, rib, large end (ribs 6-9), separable lean and fat, trimmed to 1/8"" fat, select, cooked, broiled",21,Bone
168684,13846,"Beef, rib, large end (ribs 6-9), separable lean and fat, trimmed to 1/8"" fat, select, cooked, roasted",16,Bone
168685,13847,"Beef, rib, large end (ribs 6-9), separable lean and fat, trimmed to 1/8"" fat, prime, raw",14,Bone
168686,13848,"Beef, rib, large end (ribs 6-9), separable lean and fat, trimmed to 1/8"" fat, prime, cooked, broiled",18,Bone
168687,13849,"Beef, rib, large end (ribs 6-9), separable lean and fat, trimmed to 1/8"" fat, prime, cooked, roasted",19,Bone
169509,13850,"Beef, rib, small end (ribs 10-12), separable lean and fat, trimmed to 1/8"" fat, all grades, raw",5,Bone and connective tissue
169510,13851,"Beef, rib, small end (ribs 10-12), separable lean and fat, trimmed to 1/8"" fat, all grades, cooked, broiled",7,Bone and connective tissue
169511,13852,"Beef, rib, small end (ribs 10-12), separable lean and fat, trimmed to 1/8"" fat, all grades, cooked, roasted",19,Bone
169512,13853,"Beef, rib, small end (ribs 10-12), separable lean and fat, trimmed to 1/8"" fat, choice, raw",5,Bone and connective tissue
168688,13854,"Beef, rib, small end (ribs 10-12), separable lean and fat, trimmed to 1/8"" fat, choice, cooked, broiled",7,Bone and connective tissue
168689,13855,"Beef, rib, small end (ribs 10-12), separable lean and fat, trimmed to 1/8"" fat, choice, cooked, roasted",20,Bone
168690,13856,"Beef, rib, small end (ribs 10-12), separable lean and fat, trimmed to 1/8"" fat, select, raw",5,Bone and connective tissue
168691,13857,"Beef, rib, small end (ribs 10-12), separable lean and fat, trimmed to 1/8"" fat, select, cooked, broiled",7,Bone and connective tissue
169513,13858,"Beef, rib, small end (ribs 10-12), separable lean and fat, trimmed to 1/8"" fat, select, cooked, roasted",18,Bone
169514,13859,"Beef, rib, small end (ribs 10-12), separable lean and fat, trimmed to 1/8"" fat, prime, raw",18,Bone
169515,13860,"Beef, rib, small end (ribs 10-12), separable lean and fat, trimmed to 1/8"" fat, prime, cooked, broiled",21,Bone
169516,13861,"Beef, rib, small end (ribs 10-12), separable lean and fat, trimmed to 1/8"" fat, prime, cooked, roasted",21,Bone
168692,13862,"Beef, shoulder top blade steak, boneless, separable lean and fat, trimmed to 0"" fat, select, cooked, grilled",17,Connective tissue 17%
168693,13863,"Beef, shoulder top blade steak, boneless, separable lean and fat, trimmed to 0"" fat, all grades, raw",15,Connective tissue 14%
168694,13864,"Beef, round, full cut, separable lean and fat, trimmed to 1/8"" fat, choice, raw",6,Bone
168695,13865,"Beef, round, full cut, separable lean and fat, trimmed to 1/8"" fat, choice, cooked, broiled",8,Bone
169517,13866,"Beef, round, full cut, separable lean and fat, trimmed to 1/8"" fat, select, raw",6,Bone
169518,13867,"Beef, round, full cut, separable lean and fat, trimmed to 1/8"" fat, select, cooked, broiled",8,Bone
169519,13868,"Beef, round, bottom round, steak, separable lean and fat, trimmed to 1/8"" fat, all grades, raw",2,Bone and connective tissue
169520,13869,"Beef, round, bottom round, steak, separable lean and fat, trimmed to 1/8"" fat, all grades, cooked, braised",5,Bone and connective tissue
168696,13870,"Beef, round, bottom round, roast, separable lean and fat, trimmed to 1/8"" fat, all grades, cooked, roasted",2,Bone and connective tissue
168697,13871,"Beef, round, bottom round, steak, separable lean and fat, trimmed to 1/8"" fat, choice, raw",2,Bone and connective tissue
168698,13872,"Beef, round, bottom round, steak, separable lean and fat, trimmed to 1/8"" fat, choice, cooked, braised",5,Bone and connective tissue
168699,13873,"Beef, round, bottom round, roast, separable lean and fat, trimmed to 1/8"" fat, choice, cooked, roasted",2,Bone and connective tissue
168700,13874,"Beef, round, bottom round, steak, separable lean and fat, trimmed to 1/8"" fat, select, raw",3,Bone and connective tissue
169521,13875,"Beef, round, bottom round, steak, separable lean and fat, trimmed to 1/8"" fat, select, cooked, braised",3,Bone and connective tissue
169522,13876,"Beef, round, bottom round, roast, separable lean and fat, trimmed to 1/8"" fat, select, cooked, roasted",2,Bone and connective tissue
169523,13877,"Beef, round, eye of round, roast, separable lean and fat, trimmed to 1/8"" fat, all grades, raw",3,Bone and connective tissue
169524,13878,"Beef, round, eye of round, roast, separable lean and fat, trimmed to 1/8"" fat, all grades, cooked, roasted",1,Bone and connective tissue
168701,13879,"Beef, round, eye of round, roast, separable lean and fat, trimmed to 1/8"" fat, choice, raw",1,Bone and connective tissue
168702,13880,"Beef, round, eye of round, roast, separable lean and fat, trimmed to 1/8"" fat, choice, cooked, roasted",1,Bone and connective tissue
168703,13881,"Beef, round, eye of round, roast, separable lean and fat, trimmed to 1/8"" fat, select, raw",3,Bone and connective tissue
168704,13882,"Beef, round, eye of round, roast, separable lean and fat, trimmed to 1/8"" fat, select, cooked, roasted",9,"Bone and connective tissue 1%, sep fat 8%"
169525,13883,"Beef, round, tip round, separable lean and fat, trimmed to 1/8"" fat, all grades, raw",4,Connective tissue
169526,13884,"Beef, round, tip round, roast, separable lean and fat, trimmed to 1/8"" fat, all grades, cooked, roasted",4,Connective tissue
169527,13885,"Beef, round, tip round, separable lean and fat, trimmed to 1/8"" fat, choice, raw",4,Connective tissue
169528,13886,"Beef, round, tip round, roast, separable lean and fat, trimmed to 1/8"" fat, choice, cooked, roasted",4,Connective tissue
168705,13887,"Beef, round, tip round, separable lean and fat, trimmed to 1/8"" fat, select, raw",3,Connective tissue
168706,13888,"Beef, round, tip round, roast, separable lean and fat, trimmed to 1/8"" fat, select, cooked, roasted",4,Connective tissue
168707,13889,"Beef, shoulder top blade steak, boneless, separable lean and fat, trimmed to 0"" fat, choice, raw",15,Connective tissue 15%
168708,13890,"Beef, round, top round, separable lean only, trimmed to 1/8"" fat, choice, cooked, pan-fried",1,Connective tissue
169529,13891,"Beef, round, top round, steak, separable lean and fat, trimmed to 1/8"" fat, all grades, raw",0,
169530,13892,"Beef, round, top round, separable lean and fat, trimmed to 1/8"" fat, all grades, cooked, braised",3,Connective tissue
169531,13893,"Beef, round, top round steak, separable lean and fat, trimmed to 1/8"" fat, all grades, cooked, broiled",1,Bone and connective tissue
169532,13894,"Beef, round, top round, steak, separable lean and fat, trimmed to 1/8"" fat, choice, raw",0,
168709,13895,"Beef, round, top round, separable lean and fat, trimmed to 1/8"" fat, choice, cooked, braised",2,Connective tissue
168710,13896,"Beef, round, top round, steak, separable lean and fat, trimmed to 1/8"" fat, choice, cooked, broiled",3,Bone and connective tissue
168711,13897,"Beef, round, top round, separable lean and fat, trimmed to 1/8"" fat, choice, cooked, pan-fried",1,Connective tissue
168712,13898,"Beef, round, top round, steak, separable lean and fat, trimmed to 1/8"" fat, select, raw",0,
168713,13899,"Beef, round, top round, separable lean and fat, trimmed to 1/8"" fat, select, cooked, braised",3,Connective tissue
169533,13900,"Beef, round, top round, steak, separable lean and fat, trimmed to 1/8"" fat, select, cooked, broiled",2,Bone and connective tissue
169534,13901,"Beef, round, top round, separable lean and fat, trimmed to 1/8"" fat, prime, raw",1,Connective tissue
169535,13902,"Beef, round, top round, steak, separable lean and fat, trimmed to 1/8"" fat, prime, cooked, broiled",1,Connective tissue
169536,13903,"Beef, shoulder top blade steak, boneless, separable lean and fat, trimmed to 0"" fat, select, raw",14,Conncective tissue 14%
168714,13904,"Beef, brisket, flat half, boneless, separable lean and fat, trimmed to 0"" fat, all grades, raw",1,Connective tissue 1%
168715,13905,"Beef, short loin, porterhouse steak, separable lean and fat, trimmed to 1/8"" fat, choice, raw",23,Bone and connective tissue 23%
168716,13906,"Beef, short loin, porterhouse steak, separable lean and fat, trimmed to 1/8"" fat, choice, cooked, grilled",26,Bone and connective tissue 26%
168717,13907,"Beef, short loin, t-bone steak, separable lean and fat, trimmed to 1/8"" fat, choice, raw",25,Bone and connective tissue 25%
169537,13908,"Beef, short loin, t-bone steak, separable lean and fat, trimmed to 1/8"" fat, choice, cooked, grilled",28,Bone and connective tissue 28%
169538,13909,"Beef, short loin, top loin, steak, separable lean and fat, trimmed to 1/8"" fat, all grades, raw",10,Bone and Connective tissue 10%
169539,13910,"Beef, loin, top loin, separable lean and fat, trimmed to 1/8"" fat, all grades, cooked, grilled",12,Bone and Connective tissue 12%
169540,13911,"Beef, loin, top loin, separable lean and fat, trimmed to 1/8"" fat, choice, raw",10,Bone and Connective tissue 10%
168718,13912,"Beef, short loin, top loin, steak, separable lean and fat, trimmed to 1/8"" fat, choice, cooked, grilled",8,Bone and Connective tissue 12%
168719,13913,"Beef, loin, top loin, separable lean and fat, trimmed to 1/8"" fat, select, raw",9,Bone and Connective tissue 9%
168720,13914,"Beef, loin, top loin, separable lean and fat, trimmed to 1/8"" fat, select, cooked, grilled",12,Bone and Connective tissue 12%
168721,13915,"Beef, short loin, top loin, steak, separable lean and fat, trimmed to 1/8"" fat, prime, raw",6,Connective tissue
169541,13916,"Beef, short loin, top loin, separable lean and fat, trimmed to 1/8"" fat, prime, cooked, broiled",8,Connective tissue
169542,13917,"Beef, tenderloin, steak, separable lean and fat, trimmed to 1/8"" fat, all grades, raw",2,Bone and connective tissue 2%
169543,13918,"Beef, tenderloin, steak, separable lean and fat, trimmed to 1/8"" fat, all grades, cooked, broiled",4,Bone and connective tissue
169544,13919,"Beef, tenderloin, roast, separable lean and fat, trimmed to 1/8"" fat, all grades, cooked, roasted",2,Connective tissue
169545,13920,"Beef, tenderloin, steak, separable lean and fat, trimmed to 1/8"" fat, choice, raw",3,Bone and connective tissue
168722,13921,"Beef, tenderloin, steak, separable lean and fat, trimmed to 1/8"" fat, choice, cooked, broiled",4,Bone and connective tissue
168723,13922,"Beef, tenderloin, roast, separable lean and fat, trimmed to 1/8"" fat, choice, cooked, roasted",2,Connective tissue
168724,13923,"Beef, tenderloin, steak, separable lean and fat, trimmed to 1/8"" fat, select, raw",2,Bone and connective tissue
168725,13924,"Beef, tenderloin, steak, separable lean and fat, trimmed to 1/8"" fat, select, cooked, broiled",4,Bone and connective tissue
169546,13925,"Beef, tenderloin, roast, separable lean and fat, trimmed to 1/8"" fat, select, cooked, roasted",2,Connective tissue
169547,13926,"Beef, tenderloin, separable lean and fat, trimmed to 1/8"" fat, prime, raw",3,Connective tissue
169548,13927,"Beef, tenderloin, steak, separable lean and fat, trimmed to 1/8"" fat, prime, cooked, broiled",3,Connective tissue
169549,13928,"Beef, tenderloin, roast, separable lean and fat, trimmed to 1/8"" fat, prime, cooked, roasted",3,Connective tissue
168726,13929,"Beef, top sirloin, steak, separable lean and fat, trimmed to 1/8"" fat, all grades, raw",3,Bone and connective tissue
168727,13930,"Beef, top sirloin, steak, separable lean and fat, trimmed to 1/8"" fat, all grades, cooked, broiled",4,Bone and connective tissue
168728,13931,"Beef, top sirloin, steak, separable lean and fat, trimmed to 1/8"" fat, choice, raw",3,Bone and connective tissue
168729,13932,"Beef, top sirloin, steak, separable lean and fat, trimmed to 1/8"" fat, choice, cooked, broiled",4,Bone and connective tissue
169550,13933,"Beef, top sirloin, steak, separable lean and fat, trimmed to 1/8"" fat, choice, cooked, pan-fried",2,Connective tissue
169551,13934,"Beef, top sirloin, steak, separable lean and fat, trimmed to 1/8"" fat, select, raw",3,Bone and connective tissue
169552,13935,"Beef, top sirloin, steak, separable lean and fat, trimmed to 1/8"" fat, select, cooked, broiled",5,Bone and connective tissue
169553,13937,"Beef, chuck, clod roast, separable lean only, trimmed to 0"" fat, choice, cooked, roasted",11,"Bone and heavy connective tissue, 3%, separable fat, 8%"
168730,13940,"Beef, chuck, clod roast, separable lean only, trimmed to 0"" fat, select, cooked, roasted",9,"Bone and heavy connective tissue, 5%, separable fat, 4%"
168731,13943,"Beef, shoulder steak, boneless, separable lean only, trimmed to 0"" fat, choice, cooked, grilled",8,"Connective tissue 6%, seam fat 2%"
168732,13946,"Beef, shoulder steak, boneless, separable lean only, trimmed to 0"" fat, select, cooked, grilled",8,"Connective tissue 6%, seam fat 2%"
168733,13948,"Beef, flank, steak, separable lean and fat, trimmed to 0"" fat, all grades, cooked, broiled",0,
169554,13949,"Beef, flank, steak, separable lean and fat, trimmed to 0"" fat, select, cooked, broiled",0,
169555,13950,"Beef, brisket, flat half, separable lean and fat, trimmed to 0"" fat, select, cooked, braised",0,
169556,13951,"Beef, rib eye, small end (ribs 10-12), separable lean and fat, trimmed to 0"" fat, select, cooked, broiled",8,Bone and connective tissue
169557,13952,"Beef, rib eye, small end (ribs 10-12), separable lean and fat, trimmed to 0"" fat, all grades, cooked, broiled",8,Bone and connective tissue
169558,13953,"Beef, bottom sirloin, tri-tip roast, separable lean and fat, trimmed to 0"" fat, all grades, cooked, roasted",2,Bone and connective tissue
168734,13954,"Beef, bottom sirloin, tri-tip roast, separable lean and fat, trimmed to 0"" fat, all grades, raw",1,Bone and connective tissue
168735,13955,"Beef, bottom sirloin, tri-tip roast, separable lean and fat, trimmed to 0"" fat, choice, cooked, roasted",2,Bone and connective tissue
168736,13956,"Beef, bottom sirloin, tri-tip roast, separable lean and fat, trimmed to 0"" fat, choice, raw",2,Bone and connective tissue
168737,13957,"Beef, bottom sirloin, tri-tip roast, separable lean and fat, trimmed to 0"" fat, select, cooked, roasted",1,Bone and connective tissue
169559,13958,"Beef, bottom sirloin, tri-tip roast, separable lean and fat, trimmed to 0"" fat, select, raw",1,Bone and connective tissue
169560,13959,"Beef, round, top round steak, boneless, separable lean and fat, trimmed to 0"" fat, all grades, cooked, grilled",0,
169561,13961,"Beef, chuck, mock tender steak, separable lean only, trimmed to 0"" fat, choice, cooked, broiled",5,"Bone and heavy connective tissue, 5%, separable fat, 0%"
169562,13963,"Beef, chuck, mock tender steak, separable lean only, trimmed to 0"" fat, select, cooked, broiled",3,"Bone and heavy connective tissue, 3%, separable fat, 0%"
168738,13965,"Beef, chuck, top blade, separable lean only, trimmed to 0"" fat, choice, cooked, broiled",15,"Bone and heavy connective tissue, 13%, separable fat, 2%"
168739,13967,"Beef, chuck, top blade, separable lean only, trimmed to 0"" fat, select, cooked, broiled",19,"Bone and heavy connective tissue, 16%, separable fat, 3%"
168740,13968,"Beef, round, top round steak, boneless, separable lean and fat, trimmed to 0"" fat, choice, cooked, grilled",0,
168741,13969,"Beef, round, top round steak, boneless, separable lean and fat, trimmed to 0"" fat, select, cooked, grilled",0,
169563,13970,"Beef, flank, steak, separable lean and fat, trimmed to 0"" fat, all grades, raw",0,
169564,13971,"Beef, flank, steak, separable lean and fat, trimmed to 0"" fat, select, raw",1,Bone and connective tissue
169565,13972,"Beef, chuck eye roast, boneless, America's Beef Roast, separable lean only, trimmed to 0"" fat, all grades, raw",18,"Connective tissue 8%, seam fat 10%"
169566,13973,"Beef, chuck eye roast, boneless, America's Beef Roast, separable lean only, trimmed to 0"" fat, choice, raw",20,"Connective tissue 9%, seam fat 11%"
168742,13974,"Beef, chuck eye roast, boneless, America's Beef Roast, separable lean only, trimmed to 0"" fat, select, raw",15,"Connective tissue 6%, seam fat 9%"
168743,13975,"Beef, brisket, flat half, boneless, separable lean and fat, trimmed to 0"" fat, choice, raw",1,Connective tissue 1%
168744,13977,"Beef, plate, inside skirt steak, separable lean only, trimmed to 0"" fat, all grades, cooked, broiled",3,"Bone and heavy connective tissue, 0%, separable fat, 3%"
168745,13979,"Beef, plate, outside skirt steak, separable lean only, trimmed to 0"" fat, all grades, cooked, broiled",5,"Bone and heavy connective tissue, 0%, separable fat, 5%"
169567,13980,"Beef, chuck, short ribs, boneless, separable lean only, trimmed to 0"" fat, choice, cooked, braised",27,"Connective tissue 7%, Seam fat 20%"
169568,13981,"Beef, chuck, short ribs, boneless, separable lean only, trimmed to 0"" fat, select, cooked, braised",24,"Connnective tissue 6%, seam fat 18%"
169569,13982,"Beef, chuck, short ribs, boneless, separable lean only, trimmed to 0"" fat, all grades, cooked, braised",26,"Connective tissue 6%, seam fat 20%"
169570,13983,"Beef, brisket, flat half, boneless, separable lean and fat, trimmed to 0"" fat, select, raw",1,Connective tissue 1%
169571,13985,"Beef, loin, bottom sirloin butt, tri-tip roast, separable lean only, trimmed to 0"" fat, all grades, cooked, roasted",6,"Bone and connective tissue 1.58%, separable fat 4.34%"
168746,14003,"Alcoholic beverage, beer, regular, all",0,
168747,14004,"Alcoholic beverage, beer, regular, BUDWEISER",0,
168748,14005,"Alcoholic beverage, beer, light, BUDWEISER SELECT",0,
168749,14006,"Alcoholic beverage, beer, light",0,
169572,14007,"Alcoholic beverage, beer, light, BUD LIGHT",0,
169573,14009,"Alcoholic beverage, daiquiri, canned",0,
169574,14010,"Alcoholic beverage, daiquiri, prepared-from-recipe",0,
169575,14013,"Alcoholic beverage, beer, light, low carb",0,
168750,14015,"Alcoholic beverage, pina colada, canned",0,
168751,14016,"Beverages, almond milk, sweetened, vanilla flavor, ready-to-drink",0,
168752,14017,"Alcoholic beverage, pina colada, prepared-from-recipe",0,
168753,14019,"Alcoholic beverage, tequila sunrise, canned",0,
174108,14021,"Beverages,  Energy drink, Citrus",0,
173162,14022,"Beverages, MONSTER energy drink, low carb",0,
173163,14024,"Beverages, Whiskey sour mix, powder",0,
173164,14025,"Alcoholic beverage, whiskey sour, prepared with water, whiskey and powder mix",0,
174809,14026,"Beverages, THE COCA-COLA COMPANY, NOS Zero, energy drink, sugar-free with guarana, fortified with vitamins B6 and B12",0,
174810,14027,"Alcoholic beverage, whiskey sour, canned",0,
174811,14028,"Beverages, Whiskey sour mix, bottled",0,
174812,14029,"Alcoholic beverage, whiskey sour, prepared from item 14028",0,
173165,14030,"Beverages, THE COCA-COLA COMPANY, NOS energy drink, Original, grape, loaded cherry, charged citrus, fortified with vitamins B6 and B12",0,
173166,14031,"Beverages, water, bottled, yumberry, pomegranate with anti-oxidants, zero calories",0,
173167,14033,"Beverages, ABBOTT, EAS whey protein powder",0,
173168,14034,"Alcoholic beverage, creme de menthe, 72 proof",0,
174813,14035,"Beverages, ABBOTT, EAS soy protein powder",0,
174814,14036,"Beverages, CYTOSPORT, Muscle Milk, ready-to-drink",0,
174815,14037,"Alcoholic beverage, distilled, all (gin, rum, vodka, whiskey) 80 proof",0,
174816,14038,"Beverages, OCEAN SPRAY, Cran-Energy, Cranberry Energy Juice Drink",0,
173169,14041,"Beverages, NESTLE, Boost plus, nutritional drink, ready-to-drink",0,
173170,14044,"Beverages, SLIMFAST, Meal replacement,  High Protein Shake, Ready-To-Drink, 3-2-1 plan",0,
173171,14045,"Beverages, UNILEVER, SLIMFAST, meal replacement, regular, ready-to-drink,  3-2-1 Plan",0,
173172,14047,"Beverages, UNILEVER, SLIMFAST Shake Mix, powder, 3-2-1 Plan",0,
173173,14048,"Beverages, FUZE, orange mango, fortified with vitamins A, C, E, B6",0,
174817,14050,"Alcoholic beverage, distilled, rum, 80 proof",0,
174818,14051,"Alcoholic beverage, distilled, vodka, 80 proof",0,
174819,14052,"Alcoholic beverage, distilled, whiskey, 86 proof",0,
174820,14054,"Beverages, almond milk, chocolate, ready-to-drink",0,
173174,14055,"Beverages, UNILEVER, SLIMFAST Shake Mix, high protein, whey powder, 3-2-1 Plan,",0,
173175,14056,"Beverages, Acai berry drink, fortified",0,
173176,14057,"Alcoholic beverage, wine, dessert, sweet",0,
173177,14058,"Beverages, Whey protein powder isolate",0,
174821,14060,"Beverages, Energy Drink with carbonated water and high fructose corn syrup",0,
174822,14061,"Beverages, Energy Drink, sugar free",0,
174823,14062,"Beverages, ABBOTT, ENSURE, Nutritional Shake, Ready-to-Drink",0,
174824,14063,"Beverages, chocolate powder, no sugar added",0,
173178,14064,"Beverages, Orange juice, light, No pulp",0,
173179,14065,"Beverages, The COCA-COLA company, Hi-C Flashin' Fruit Punch",0,
173180,14066,"Beverages, Protein powder whey based",0,
173181,14067,"Beverages, Protein powder soy based",0,
174825,14073,"Beverages, ZEVIA, cola",0,
174826,14074,"Beverages, ZEVIA, cola, caffeine free",0,
174827,14075,"Beverages, GEROLSTEINER BRUNNEN GmbH & Co. KG,Gerolsteiner naturally sparkling mineral water,",0,
174828,14079,"Beverages, yellow green colored citrus soft drink with caffeine",0,
173182,14080,"Beverages, rich chocolate, powder",0,
173183,14082,"Beverages, GEROLSTEINER BRUNNEN GmbH & Co. KG (Gerolsteiner), naturally sparkling, mineral bottled water",0,
173184,14083,"Beverages, chocolate malt, powder, prepared with fat free milk",0,
173185,14084,"Alcoholic beverage, wine, table, all",0,
173186,14086,"Beverages, V8 SPLASH Smoothies, Peach Mango",0,
174829,14087,"Beverages, V8 SPLASH Smoothies, Strawberry Banana",0,
174830,14088,"Beverages, V8 SPLASH Smoothies, Tropical Colada",0,
174831,14090,"Beverages, Coconut water, ready-to-drink, unsweetened",0,
174832,14091,"Beverages, almond milk, unsweetened, shelf stable",0,
173187,14092,"Beverages, chocolate almond milk, unsweetened, shelf-stable, fortified with vitamin D2 and E",0,
173188,14093,"Beverages, The COCA-COLA company, Glaceau Vitamin Water, Revive Fruit Punch, fortified",0,
173189,14095,"Beverages, MINUTE MAID, Lemonada, Limeade",0,
173190,14096,"Alcoholic beverage, wine, table, red",0,
174833,14097,"Alcoholic Beverage, wine, table, red, Cabernet Sauvignon",0,
174834,14098,"Alcoholic Beverage, wine, table, red, Cabernet Franc",0,
174835,14099,"Alcoholic Beverage, wine, table, red, Pinot Noir",0,
174836,14100,"Alcoholic Beverage, wine, table, red, Syrah",0,
173191,14101,"Alcoholic Beverage, wine, table, red, Barbera",0,
173192,14102,"Alcoholic Beverage, wine, table, red, Zinfandel",0,
173193,14103,"Alcoholic Beverage, wine, table, red, Petite Sirah",0,
173194,14105,"Alcoholic Beverage, wine, table, red, Claret",0,
174837,14106,"Alcoholic beverage, wine, table, white",0,
174838,14107,"Alcoholic Beverage, wine, table, red, Lemberger",0,
174839,14108,"Alcoholic Beverage, wine, table, red, Sangiovese",0,
174840,14109,"Alcoholic Beverage, wine, table, red, Carignane",0,
174841,14113,"Alcoholic beverage, wine, table, white, Pinot Gris (Grigio)",0,
173195,14116,"Alcoholic beverage, wine, table, white, Chenin Blanc",0,
173196,14117,"Alcoholic beverage, wine, table, white, Fume Blanc",0,
173197,14119,"Beverages, Mixed vegetable and fruit juice drink, with added nutrients",0,
173198,14120,"Alcoholic beverage, wine, table, white, Muller Thurgau",0,
174842,14121,"Beverages, carbonated, club soda",0,
174843,14124,"Alcoholic beverage, wine, table, white, Gewurztraminer",0,
174844,14125,"Alcoholic beverage, wine, table, white, late harvest, Gewurztraminer",0,
174845,14126,"Alcoholic beverage, wine, table, white, Semillon",0,
173199,14130,"Carbonated beverage, cream soda",0,
173200,14132,"Alcoholic beverage, wine, table, white, Riesling",0,
173201,14134,"Alcoholic beverage, wine, table, white, Sauvignon Blanc",0,
173202,14135,"Alcoholic beverage, wine, table, white, late harvest",0,
174846,14136,"Beverages, carbonated, ginger ale",0,
174847,14137,"Beverages, NESTEA, tea, black, ready-to-drink, lemon",0,
174848,14138,"Alcoholic beverage, wine, table, white, Pinot Blanc",0,
174849,14140,"Alcoholic beverage, wine, table, white, Muscat",0,
173203,14142,"Beverages, carbonated, grape soda",0,
173204,14143,"Beverages, carbonated, low calorie, other than cola or pepper,  without caffeine",0,
173205,14144,"Beverages, carbonated, lemon-lime soda, no caffeine",0,
173206,14145,"Beverages, carbonated, SPRITE, lemon-lime, without caffeine",0,
174850,14146,"Beverages, carbonated, low calorie, cola or pepper-type, with aspartame, without caffeine",0,
174851,14147,"Beverages, carbonated, cola, without caffeine",0,
174852,14148,"Beverages, carbonated, cola, regular",0,
174853,14149,"Beverages, carbonated, reduced sugar, cola, contains caffeine and sweeteners",0,
174854,14150,"Beverages, carbonated, orange",0,
173207,14151,"Beverages, carbonated, low calorie, other than cola or pepper, with aspartame, contains caffeine",0,
173208,14152,"Alcoholic Beverage, wine, table, red, Burgundy",0,
173209,14153,"Beverages, carbonated, pepper-type, contains caffeine",0,
173210,14154,"Beverages, Energy drink, RED BULL",0,
171869,14155,"Beverages, carbonated, tonic water",0,
171870,14156,"Beverages, Energy drink, RED BULL, sugar free, with added caffeine, niacin, pantothenic acid, vitamins B6 and B12",0,
171871,14157,"Beverages, carbonated, root beer",0,
171872,14158,"Alcoholic Beverage, wine, table, red, Gamay",0,
174109,14159,"Alcoholic Beverage, wine, table, red, Mouvedre",0,
174110,14160,"Alcoholic beverage, wine, table, white, Chardonnay",0,
174111,14161,"Beverages, Kiwi Strawberry Juice Drink",0,
174112,14162,"Beverages, Apple juice drink, light, fortified with vitamin C",0,
171873,14163,"Beverages, chocolate drink, milk and soy based, ready to drink, fortified",0,
171874,14164,"Beverages, chocolate malt powder, prepared with 1% milk, fortified",0,
171875,14165,"Beverages, carbonated, limeade, high caffeine",0,
171876,14166,"Beverages, carbonated, low calorie, cola or pepper-types, with sodium saccharin, contains caffeine",0,
174113,14167,"Beverages, POWERADE, Zero, Mixed Berry",0,
174114,14168,"Beverages, Carob-flavor beverage mix, powder",0,
174115,14169,"Beverages, Carob-flavor beverage mix, powder, prepared with whole milk",0,
174116,14171,"Beverages, coconut milk, sweetened, fortified with calcium, vitamins A, B12, D2",0,
171877,14173,"Beverages, coffee, ready to drink, vanilla, light, milk based, sweetened",0,
171878,14174,"Beverages, Lemonade fruit juice drink light, fortified with vitamin E and C",0,
171879,14177,"Beverages, chocolate-flavor beverage mix, powder, prepared with whole milk",0,
171880,14179,"Beverages, coffee, ready to drink, milk based, sweetened",0,
171881,14180,"Beverages, coffee, brewed, breakfast blend",0,
174117,14181,"Beverages, chocolate syrup",0,
174118,14182,"Beverages, chocolate syrup, prepared with whole milk",0,
174119,14183,"Beverages, coffee, ready to drink, iced, mocha, milk based",0,
174120,14185,"Beverages, tea, Oolong, brewed",0,
171882,14187,"Beverages, Clam and tomato juice, canned",0,
171883,14188,"Beverages, tea, green, ready to drink, ginseng and honey, sweetened",0,
171884,14189,"Beverages, The COCA-COLA company, Minute Maid, Lemonade",0,
171885,14190,"Beverages, tea, green, ready-to-drink, diet",0,
174121,14191,"Beverages, tea, green, ready-to-drink, citrus, diet, fortified with vitamin C",0,
174122,14192,"Beverages, Cocoa mix, powder",0,
174123,14194,"Beverages, Cocoa mix, powder, prepared with water",0,
174124,14195,"Beverages, Cocoa mix, NESTLE, Hot Cocoa Mix Rich Chocolate With Marshmallows",0,
171886,14196,"Beverages, Cocoa mix, no sugar added, powder",0,
171887,14197,"Cocoa mix, NESTLE, Rich Chocolate Hot Cocoa Mix",0,
171888,14199,"Beverages, tea, black, ready-to-drink, lemon, sweetened",0,
171889,14201,"Beverages, coffee, brewed, prepared with tap water, decaffeinated",0,
174125,14202,"Beverages, coffee, brewed, espresso, restaurant-prepared, decaffeinated",0,
174126,14203,"Beverages, coffee, instant, regular, half the caffeine",0,
174127,14204,"Beverages, coffee and cocoa, instant, decaffeinated, with whitener and low calorie sweetener",0,
174128,14206,"Beverages, tea, green, ready-to-drink, sweetened",0,
174129,14207,"Beverages, tea, ready-to-drink, lemon, diet",0,
171890,14209,"Beverages, coffee, brewed, prepared with tap water",0,
171891,14210,"Beverages, coffee, brewed, espresso, restaurant-prepared",0,
171892,14211,"Beverages, tea, black, ready-to-drink, lemon, diet",0,
171893,14214,"Beverages, coffee, instant, regular, powder",0,
174130,14215,"Beverages, coffee, instant, regular, prepared with water",0,
174131,14216,"Beverages, aloe vera juice drink, fortified with Vitamin C",0,
174132,14217,"Beverages, OCEAN SPRAY, Cran Grape",0,
174133,14218,"Beverages, coffee, instant, decaffeinated, powder",0,
171894,14219,"Beverages, coffee, instant, decaffeinated, prepared with water",0,
171895,14220,"Beverages, OCEAN SPRAY, Cranberry-Apple Juice Drink, bottled",0,
171896,14221,"Beverages, OCEAN SPRAY, Diet Cranberry Juice",0,
171897,14222,"Beverages, coffee, instant, with chicory",0,
174134,14223,"Beverages, coffee, instant, chicory",0,
174135,14224,"Beverages, coffee, instant, mocha, sweetened",0,
174136,14226,"Beverages, OCEAN SPRAY, Light Cranberry and Raspberry Flavored Juice",0,
174137,14227,"Beverages, OCEAN SPRAY, White Cranberry Strawberry Flavored Juice Drink",0,
171898,14231,"Beverages, KRAFT, coffee, instant, French Vanilla Cafe",0,
171899,14233,"Beverages, OCEAN SPRAY, Cran Raspberry Juice Drink",0,
171900,14234,"Beverages, OCEAN SPRAY, Cran Lemonade",0,
171901,14235,"Beverages, OCEAN SPRAY, Diet Cran Cherry",0,
174138,14236,"Beverages, coffee substitute, cereal grain beverage, powder",0,
174139,14237,"Beverages, coffee substitute, cereal grain beverage, prepared with water",0,
174140,14238,"Beverages, cranberry-apple juice drink, bottled",0,
174141,14239,"Alcoholic beverage, malt beer, hard lemonade",0,
174142,14240,"Beverages, cranberry-apricot juice drink, bottled",0,
171902,14241,"Beverages, cranberry-grape juice drink, bottled",0,
171903,14242,"Cranberry juice cocktail, bottled",0,
171904,14243,"Cranberry juice cocktail, bottled, low calorie, with calcium, saccharin and corn sweetener",0,
171905,14245,"Beverages, Eggnog-flavor mix, powder, prepared with whole milk",0,
174143,14246,"Beverages, tea, green, instant, decaffeinated, lemon, unsweetened, fortified with vitamin C",0,
174144,14247,"Beverages, tea, black, ready to drink",0,
174145,14248,"Alcoholic beverage, beer, light, higher alcohol",0,
174146,14250,"Beverages, AMBER, hard cider",0,
171906,14251,"Alcoholic beverages, beer, higher alcohol",0,
171907,14252,"Beverages, Malt liquor beverage",0,
171908,14253,"Alcoholic beverages, wine, rose",0,
171909,14255,"Beverages, OCEAN SPRAY, Cran Pomegranate",0,
174147,14256,"Beverages, OCEAN SPRAY, Cran Cherry",0,
174148,14257,"Beverages, OCEAN SPRAY, Light Cranberry",0,
174149,14258,"Beverages, OCEAN SPRAY, White Cranberry Peach",0,
174150,14259,"Beverages, OCEAN SPRAY, Light Cranberry, Concord Grape",0,
171910,14260,"Beverages, tea, green, brewed, decaffeinated",0,
171911,14261,"Beverages, tea, green, ready to drink, unsweetened",0,
171912,14262,"Beverages, citrus fruit juice drink, frozen concentrate",0,
171913,14263,"Beverages, citrus fruit juice drink, frozen concentrate, prepared with water",0,
171914,14264,"Beverages, fruit punch drink, without added nutrients, canned",0,
174151,14267,"Beverages, Fruit punch drink, with added nutrients, canned",0,
174152,14268,"Beverages, Fruit punch drink, frozen concentrate",0,
174153,14269,"Beverages, Fruit punch drink, frozen concentrate, prepared with water",0,
174154,14270,"Beverages, coffee, instant, vanilla, sweetened, decaffeinated, with non dairy creamer",0,
171915,14276,"Beverages, Tropical Punch, ready-to-drink",0,
171916,14277,"Beverages, grape drink, canned",0,
171917,14278,"Beverages, tea, green, brewed, regular",0,
174855,14279,"Beverages, tea, black, ready-to-drink, peach, diet",0,
173211,14280,"Beverages, tea, black, ready to drink, decaffeinated, diet",0,
173212,14281,"Beverages, tea, black, ready to drink, decaffeinated",0,
173213,14282,"Beverages, grape juice drink, canned",0,
173214,14284,"Beverages, Cranberry juice cocktail",0,
174856,14285,"Beverages, OCEAN SPRAY, Ruby Red cranberry",0,
174857,14286,"Beverages, MOTTS, Apple juice light, fortified with vitamin C",0,
174858,14287,"Beverages, Lemonade, powder",0,
174859,14288,"Lemonade, powder, prepared with water",0,
173215,14291,"Beverages, SNAPPLE, tea, black and green, ready to drink, peach, diet",0,
173216,14292,"Lemonade, frozen concentrate, white",0,
173217,14293,"Lemonade, frozen concentrate, white, prepared with water",0,
173218,14294,"Beverages, SNAPPLE, tea, black and green, ready to drink, lemon, diet",0,
174860,14296,"Beverages, lemonade-flavor drink, powder",0,
174861,14297,"Beverages, lemonade-flavor drink, powder, prepared with water",0,
174862,14303,"Limeade, frozen concentrate, prepared with water",0,
174863,14305,"Malt beverage, includes non-alcoholic beer",0,
174864,14309,"Beverages, OVALTINE, Classic Malt powder",0,
173219,14310,"Beverages, Malted drink mix, natural, with added nutrients, powder, prepared with whole milk",0,
173220,14311,"Beverages, Malted drink mix, natural, powder, dairy based.",0,
173221,14312,"Beverages, Malted drink mix, natural, powder, prepared with whole milk",0,
173222,14315,"Beverages, OVALTINE, chocolate malt powder",0,
174865,14316,"Beverages, Malted drink mix, chocolate, with added nutrients, powder, prepared with whole milk",0,
174866,14317,"Beverages, malted drink mix, chocolate, powder",0,
174867,14318,"Beverages, Malted drink mix, chocolate, powder, prepared with whole milk",0,
174868,14323,"Beverages, orange drink, canned, with added vitamin C",0,
173223,14327,"Beverages, orange and apricot juice drink, canned",0,
173224,14334,"Beverages, pineapple and grapefruit juice drink, canned",0,
173225,14341,"Beverages, pineapple and orange juice drink, canned",0,
173226,14347,"Shake, fast food, vanilla",0,
174869,14350,"Strawberry-flavor beverage mix, powder",0,
174870,14351,"Beverages, Strawberry-flavor beverage mix, powder, prepared with whole milk",0,
174871,14352,"Beverages, tea, black, brewed, prepared with tap water, decaffeinated",0,
174872,14353,"Beverages, tea, instant, decaffeinated, unsweetened",0,
173227,14355,"Beverages, tea, black, brewed, prepared with tap water",0,
173228,14356,"Beverages, tea, instant, decaffeinated, lemon, diet",0,
173229,14357,"Beverages, tea, instant, decaffeinated, lemon, sweetened",0,
173230,14366,"Beverages, tea, instant, unsweetened, powder",0,
174873,14367,"Beverages, tea, instant, unsweetened, prepared with water",0,
175088,14368,"Beverages, tea, instant, lemon, unsweetened",0,
175089,14370,"Beverages, tea, instant, lemon, sweetened, powder",0,
175090,14371,"Beverages, tea, instant, lemon, sweetened, prepared with water",0,
175091,14375,"Beverages, tea, instant, sweetened with sodium saccharin, lemon-flavored, powder",0,
173231,14376,"Beverages, tea, instant, lemon, diet",0,
173232,14381,"Beverages, tea, herb, other than chamomile, brewed",0,
173233,14384,"Beverages, water, bottled, PERRIER",0,
173234,14385,"Beverages, water, bottled, POLAND SPRING",0,
175092,14390,"Beverages, cocoa mix, with aspartame, powder, prepared with water",0,
175093,14400,"Beverages, carbonated, cola, fast-food cola",0,
175094,14405,"Beverages, fruit punch juice drink, frozen concentrate",0,
175095,14406,"Beverages, fruit punch juice drink, frozen concentrate, prepared with water",0,
173235,14407,"Beverages, orange-flavor drink, breakfast type, powder",0,
173236,14408,"Beverages, orange-flavor drink, breakfast type, powder, prepared with water",0,
173237,14409,"Beverages, Orange-flavor drink, breakfast type, low calorie, powder",0,
173647,14411,"Beverages, water, tap, drinking",0,
175096,14412,"Beverages, water, tap, well",0,
175097,14414,"Alcoholic beverage, liqueur, coffee, 53 proof",0,
175098,14415,"Alcoholic beverage, liqueur, coffee with cream, 34 proof",0,
175099,14416,"Beverages, carbonated, low calorie, cola or pepper-type, with aspartame, contains caffeine",0,
173648,14421,"Beverages, coffee substitute, cereal grain beverage, powder, prepared with whole milk",0,
173649,14422,"Beverages, Dairy drink mix, chocolate, reduced calorie, with low-calorie sweeteners, powder",0,
173650,14423,"Beverages, dairy drink mix, chocolate, reduced calorie, with aspartame, powder, prepared with water and ice",0,
173651,14424,"Beverages, Orange-flavor drink, breakfast type, with pulp, frozen concentrate.",0,
173652,14425,"Beverages, Orange-flavor drink, breakfast type, with pulp, frozen concentrate, prepared with water",0,
175100,14426,"Beverages, Orange drink, breakfast type, with juice and pulp, frozen concentrate",0,
175101,14427,"Beverages, Orange drink, breakfast type, with juice and pulp, frozen concentrate, prepared with water",0,
175102,14428,"Beverages, shake, fast food, strawberry",0,
175103,14429,"Beverages, water, tap, municipal",0,
173653,14430,"Cranberry juice cocktail, frozen concentrate",0,
173654,14431,"Cranberry juice cocktail, frozen concentrate, prepared with water",0,
173655,14432,"Beverages, water, bottled, non-carbonated, DANNON",0,
173656,14433,"Beverages, water, bottled, non-carbonated, PEPSI, AQUAFINA",0,
175104,14434,"Beverages, The COCA-COLA company, DASANI, water, bottled, non-carbonated",0,
175105,14436,"Beverages, orange breakfast drink, ready-to-drink, with added nutrients",0,
175106,14437,"Beverages, water, bottled, non-carbonated, CALISTOGA",0,
175107,14438,"Beverages, water, bottled, non-carbonated, CRYSTAL GEYSER",0,
173657,14439,"Water, bottled, non-carbonated, NAYA",0,
173658,14440,"Beverages, DANNON, water, bottled, non-carbonated, with Fluoride",0,
173659,14450,"Beverages, drink mix, QUAKER OATS, GATORADE, orange flavor, powder",0,
173660,14460,"Beverages, PEPSICO QUAKER, Gatorade, G performance O 2, ready-to-drink.",0,
175108,14461,"Beverages, COCA-COLA, POWERADE, lemon-lime flavored, ready-to-drink",0,
175109,14462,"Beverages, Propel Zero, fruit-flavored, non-carbonated",0,
175110,14475,"Beverages, ARIZONA, tea, ready-to-drink, lemon",0,
175111,14476,"Beverages, LIPTON BRISK, tea, black, ready-to-drink, lemon",0,
173661,14530,"Whiskey sour mix, bottled, with added potassium and sodium",0,
173662,14531,"Alcoholic beverage, whiskey sour",0,
173663,14532,"Alcoholic beverage, distilled, all (gin, rum, vodka, whiskey) 94 proof",0,
173664,14533,"Alcoholic beverage, distilled, all (gin, rum, vodka, whiskey) 100 proof",0,
173665,14534,"Alcoholic beverage, liqueur, coffee, 63 proof",0,
175112,14536,"Alcoholic beverage, wine, dessert, dry",0,
175113,14537,"Carbonated beverage, low calorie, other than cola or pepper, with sodium saccharin, without caffeine",0,
175114,14538,"Beverages, Cocoa mix, low calorie, powder, with added calcium, phosphorus, aspartame, without added sodium or vitamin A",0,
175115,14541,"Beverages, fruit punch-flavor drink, powder, without added sodium, prepared with water",0,
173666,14542,"Lemonade, frozen concentrate, pink",0,
173667,14543,"Beverages, lemonade, frozen concentrate, pink, prepared with water",0,
174155,14544,"Beverages, tea, black, brewed, prepared with distilled water",0,
174156,14545,"Beverages, tea, herb, brewed, chamomile",0,
171918,14548,"Beverages, tea, instant, lemon, with added ascorbic acid",0,
171919,14550,"Alcoholic beverage, distilled, all (gin, rum, vodka, whiskey) 86 proof",0,
171920,14551,"Alcoholic beverage, distilled, all (gin, rum, vodka, whiskey) 90 proof",0,
171921,14552,"Carbonated beverage, chocolate-flavored soda",0,
174157,14553,"Beverages, Wine, non-alcoholic",0,
174158,14555,"Water, bottled, generic",0,
174159,14557,"Beverages, chocolate-flavor beverage mix for milk, powder, with added nutrients",0,
174160,14558,"Beverages, chocolate-flavor beverage mix for milk, powder, with added nutrients, prepared with whole milk",0,
171922,14559,"Beverages, water, bottled, non-carbonated, EVIAN",0,
171923,14599,"Beverages, Powerade Zero Ion4, calorie-free, assorted flavors",0,
171924,14601,"Beverages, WENDY'S, tea, ready-to-drink, unsweetened",0,
171925,14602,"Alcoholic Beverage, wine, table, red, Merlot",0,
171926,14604,"Water, non-carbonated, bottles, natural fruit flavors, sweetened with low calorie sweetener",0,
174161,14605,"Beverages, Water with added vitamins and minerals, bottles, sweetened, assorted fruit flavors",0,
174162,14607,"Beverages, V8 SPLASH Juice Drinks, Diet Berry Blend",0,
174163,14608,"Beverages, V8 SPLASH Juice Drinks, Diet Fruit Medley",0,
174164,14609,"Beverages, V8 SPLASH Juice Drinks, Diet Strawberry Kiwi",0,
171927,14610,"Beverages, V8 SPLASH Juice Drinks, Diet Tropical Blend",0,
171928,14611,"Beverages, V8 SPLASH Juice Drinks, Berry Blend",0,
171929,14612,"Beverages, V8 SPLASH Juice Drinks, Fruit Medley",0,
171930,14613,"Beverages, V8 SPLASH Juice Drinks, Guava Passion Fruit",0,
174165,14614,"Beverages, V8 SPLASH Juice Drinks, Mango Peach",0,
174166,14615,"Beverages, V8 SPLASH Juice Drinks, Orange Pineapple",0,
174167,14616,"Beverages, V8 SPLASH Juice Drinks, Orchard Blend",0,
174168,14617,"Beverages, V8 SPLASH Juice Drinks, Strawberry Banana",0,
171931,14618,"Beverages, V8 SPLASH Juice Drinks, Strawberry Kiwi",0,
171932,14619,"Beverages, V8 SPLASH Juice Drinks, Tropical Blend",0,
171933,14620,"Beverages, V8 V-FUSION Juices, Peach Mango",0,
171934,14621,"Beverages, V8 V-FUSION Juices, Strawberry Banana",0,
174169,14622,"Beverages, V8 V-FUSION Juices, Tropical",0,
174170,14623,"Beverages, V8 V- FUSION Juices, Acai Berry",0,
174171,14625,"Beverages, Energy drink, AMP",0,
174172,14626,"Beverages, Energy drink, FULL THROTTLE",0,
171935,14627,"Beverages, Energy Drink, Monster, fortified with vitamins C, B2, B3, B6, B12",0,
171936,14628,"Beverages, Energy drink, AMP, sugar free",0,
171937,14629,"Beverages, Energy drink, ROCKSTAR",0,
171938,14630,"Beverages, Energy drink, ROCKSTAR, sugar free",0,
171939,14632,"Beverages, Meal supplement drink, canned, peanut flavor",0,
174173,14633,"Beverages, Vegetable and fruit juice drink, reduced calorie, with low-calorie sweetener, added vitamin C",0,
174174,14634,"Beverages, milk beverage, reduced fat, flavored and sweetened, Ready-to-drink,  added calcium, vitamin A and vitamin D",0,
174175,14635,"Beverages, vegetable and fruit juice blend, 100% juice, with added vitamins A, C, E",0,
174176,14636,"Beverages, fruit juice drink, reduced sugar, with vitamin E added",0,
171940,14637,"Water, with corn syrup and/or sugar and low calorie sweetener, fruit flavored",0,
171941,14638,"Beverages, Horchata, as served in restaurant",0,
171942,14639,"Beverages, rice milk, unsweetened",0,
171943,14640,"Beverages, Energy drink, VAULT, citrus flavor",0,
174177,14641,"Beverages, Energy drink, VAULT Zero, sugar-free, citrus flavor",0,
174178,14644,"Beverages, PEPSICO QUAKER, Gatorade G2, low calorie",0,
174179,14645,"Beverages, Fruit flavored drink, less than 3% juice, not fortified with vitamin C",0,
174180,14646,"Beverages, Fruit flavored drink containing less than 3% fruit juice, with high vitamin C",0,
171944,14647,"Beverages, Fruit flavored drink, reduced sugar, greater than 3% fruit juice, high vitamin C, added calcium",0,
171945,14648,"Beverages, fruit juice drink, greater than 3% fruit juice, high vitamin C and added thiamin",0,
171946,14649,"Beverages, tea, hibiscus, brewed",0,
171947,14651,"Beverages, fruit juice drink, greater than 3% juice, high vitamin C",0,
174181,14654,"Beverages, nutritional shake mix, high protein, powder",0,
174182,15001,"Fish, anchovy, european, raw",0,
174183,15002,"Fish, anchovy, european, canned in oil, drained solids",0,
174184,15003,"Fish, bass, fresh water, mixed species, raw",0,
171948,15004,"Fish, bass, striped, raw",0,
171949,15005,"Fish, bluefish, raw",0,
171950,15006,"Fish, burbot, raw",0,
171951,15007,"Fish, butterfish, raw",0,
171952,15008,"Fish, carp, raw",0,
174185,15009,"Fish, carp, cooked, dry heat",0,
174186,15010,"Fish, catfish, channel, wild, raw",0,
174187,15011,"Fish, catfish, channel, cooked, breaded and fried",0,
174188,15012,"Fish, caviar, black and red, granular",0,
171953,15013,"Fish, cisco, raw",0,
171954,15014,"Fish, cisco, smoked",0,
171955,15015,"Fish, cod, Atlantic, raw",0,
171956,15016,"Fish, cod, Atlantic, cooked, dry heat",0,
174189,15017,"Fish, cod, Atlantic, canned, solids and liquid",0,
174190,15018,"Fish, cod, Atlantic, dried and salted",0,
174191,15019,"Fish, cod, Pacific, raw (may have been previously frozen)",0,
174192,15020,"Fish, croaker, Atlantic, raw",0,
171957,15021,"Fish, croaker, Atlantic, cooked, breaded and fried",0,
171958,15022,"Fish, cusk, raw",0,
171959,15023,"Fish, mahimahi, raw",0,
171960,15024,"Fish, drum, freshwater, raw",0,
174193,15025,"Fish, eel, mixed species, raw",0,
174194,15026,"Fish, eel, mixed species, cooked, dry heat",0,
174195,15027,"Fish, fish sticks, frozen, prepared",0,
174196,15028,"Fish, flatfish (flounder and sole species), raw",0,
174197,15029,"Fish, flatfish (flounder and sole species), cooked, dry heat",0,
171961,15030,"Fish, gefiltefish, commercial, sweet recipe",0,
171962,15031,"Fish, grouper, mixed species, raw",0,
171963,15032,"Fish, grouper, mixed species, cooked, dry heat",0,
171964,15033,"Fish, haddock, raw",0,
174198,15034,"Fish, haddock, cooked, dry heat",0,
174199,15035,"Fish, haddock, smoked",0,
174200,15036,"Fish, halibut, Atlantic and Pacific, raw",0,
174201,15037,"Fish, halibut, Atlantic and Pacific, cooked, dry heat",0,
171965,15038,"Fish, halibut, Greenland, raw",0,
175116,15039,"Fish, herring, Atlantic, raw",0,
175117,15040,"Fish, herring, Atlantic, cooked, dry heat",0,
175118,15041,"Fish, herring, Atlantic, pickled",0,
173668,15042,"Fish, herring, Atlantic, kippered",0,
173669,15043,"Fish, herring, Pacific, raw",0,
173670,15044,"Fish, ling, raw",0,
173671,15045,"Fish, lingcod, raw",0,
175119,15046,"Fish, mackerel, Atlantic, raw",0,
175120,15047,"Fish, mackerel, Atlantic, cooked, dry heat",0,
175121,15048,"Fish, mackerel, jack, canned, drained solids",0,
175122,15049,"Fish, mackerel, king, raw",0,
173672,15050,"Fish, mackerel, Pacific and jack, mixed species, raw",0,
173673,15051,"Fish, mackerel, spanish, raw",0,
173674,15052,"Fish, mackerel, spanish, cooked, dry heat",0,
173675,15053,"Fish, milkfish, raw",0,
173676,15054,"Fish, monkfish, raw",0,
175123,15055,"Fish, mullet, striped, raw",0,
175124,15056,"Fish, mullet, striped, cooked, dry heat",0,
175125,15057,"Fish, ocean perch, Atlantic, raw",0,
175126,15058,"Fish, ocean perch, Atlantic, cooked, dry heat",0,
173677,15059,"Fish, pout, ocean, raw",0,
173678,15060,"Fish, perch, mixed species, raw",0,
173679,15061,"Fish, perch, mixed species, cooked, dry heat",0,
173680,15062,"Fish, pike, northern, raw",0,
175127,15063,"Fish, pike, northern, cooked, dry heat",0,
175128,15064,"Fish, pike, walleye, raw",0,
175129,15065,"Fish, pollock, Atlantic, raw",0,
175130,15066,"Fish, pollock, Alaska, raw (may contain additives to retain moisture)",0,
173681,15067,"Fish, pollock, Alaska, cooked, dry heat (may contain additives to retain moisture)",0,
173682,15068,"Fish, pompano, florida, raw",0,
173683,15069,"Fish, pompano, florida, cooked, dry heat",0,
173684,15070,"Fish, rockfish, Pacific, mixed species, raw",0,
175131,15071,"Fish, rockfish, Pacific, mixed species, cooked, dry heat",0,
175132,15072,"Fish, roe, mixed species, raw",0,
175133,15073,"Fish, roughy, orange, raw",0,
175134,15074,"Fish, sablefish, raw",0,
173685,15075,"Fish, sablefish, smoked",0,
173686,15076,"Fish, salmon, Atlantic, wild, raw",0,
173687,15077,"Fish, salmon, chinook, smoked",0,
173688,15078,"Fish, salmon, chinook, raw",0,
173689,15079,"Fish, salmon, chum, raw",0,
175135,15080,"Fish, salmon, chum, canned, drained solids with bone",0,
175136,15081,"Fish, salmon, coho, wild, raw",0,
175137,15082,"Fish, salmon, coho, wild, cooked, moist heat",0,
175138,15083,"Fish, salmon, pink, raw",0,
173690,15084,"Fish, salmon, pink, canned, total can contents",0,
173691,15085,"Fish, salmon, sockeye, raw",0,
173692,15086,"Fish, salmon, sockeye, cooked, dry heat",0,
173693,15087,"Fish, salmon, sockeye, canned, drained solids",0,
175139,15088,"Fish, sardine, Atlantic, canned in oil, drained solids with bone",0,
175140,15089,"Fish, sardine, Pacific, canned in tomato sauce, drained solids with bone",0,
175141,15090,"Fish, scup, raw",0,
175142,15091,"Fish, sea bass, mixed species, raw",0,
173694,15092,"Fish, sea bass, mixed species, cooked, dry heat",0,
173695,15093,"Fish, seatrout, mixed species, raw",0,
173696,15094,"Fish, shad, american, raw",0,
173697,15095,"Fish, shark, mixed species, raw",0,
175143,15096,"Fish, shark, mixed species, cooked, batter-dipped and fried",0,
175144,15097,"Fish, sheepshead, raw",0,
175145,15098,"Fish, sheepshead, cooked, dry heat",0,
175146,15099,"Fish, smelt, rainbow, raw",0,
175147,15100,"Fish, smelt, rainbow, cooked, dry heat",0,
173698,15101,"Fish, snapper, mixed species, raw",0,
173699,15102,"Fish, snapper, mixed species, cooked, dry heat",0,
173700,15103,"Fish, spot, raw",0,
173701,15104,"Fish, sturgeon, mixed species, raw",0,
175148,15105,"Fish, sturgeon, mixed species, cooked, dry heat",0,
175149,15106,"Fish, sturgeon, mixed species, smoked",0,
175150,15107,"Fish, sucker, white, raw",0,
175151,15108,"Fish, sunfish, pumpkin seed, raw",0,
173702,15109,"Fish, surimi",0,
173703,15110,"Fish, swordfish, raw",0,
173704,15111,"Fish, swordfish, cooked, dry heat",0,
173705,15112,"Fish, tilefish, raw",0,
175152,15113,"Fish, tilefish, cooked, dry heat",0,
175153,15114,"Fish, trout, mixed species, raw",0,
175154,15115,"Fish, trout, rainbow, wild, raw",0,
175155,15116,"Fish, trout, rainbow, wild, cooked, dry heat",0,
173706,15117,"Fish, tuna, fresh, bluefin, raw",0,
173707,15118,"Fish, tuna, fresh, bluefin, cooked, dry heat",0,
173708,15119,"Fish, tuna, light, canned in oil, drained solids",0,
173709,15121,"Fish, tuna, light, canned in water, drained solids (Includes foods for USDA's Food Distribution Program)",0,
175156,15123,"Fish, tuna, fresh, skipjack, raw",0,
175157,15124,"Fish, tuna, white, canned in oil, drained solids",0,
175158,15126,"Fish, tuna, white, canned in water, drained solids",0,
175159,15127,"Fish, tuna, fresh, yellowfin, raw",0,
175160,15128,"Fish, tuna salad",0,
173710,15129,"Fish, turbot, european, raw",0,
173711,15130,"Fish, whitefish, mixed species, raw",0,
173712,15131,"Fish, whitefish, mixed species, smoked",0,
173713,15132,"Fish, whiting, mixed species, raw",0,
175161,15133,"Fish, whiting, mixed species, cooked, dry heat",0,
175162,15134,"Fish, wolffish, Atlantic, raw",0,
175163,15135,"Fish, yellowtail, mixed species, raw",0,
175164,15136,"Crustaceans, crab, alaska king, raw",0,
174202,15137,"Crustaceans, crab, alaska king, cooked, moist heat",0,
174203,15138,"Crustaceans, crab, alaska king, imitation, made from surimi",0,
174204,15139,"Crustaceans, crab, blue, raw",0,
174205,15140,"Crustaceans, crab, blue, cooked, moist heat",0,
171966,15141,"Crustaceans, crab, blue, canned",0,
171967,15142,"Crustaceans, crab, blue, crab cakes, home recipe",0,
171968,15143,"Crustaceans, crab, dungeness, raw",0,
171969,15144,"Crustaceans, crab, queen, raw",0,
174206,15145,"Crustaceans, crayfish, mixed species, wild, raw",0,
174207,15146,"Crustaceans, crayfish, mixed species, wild, cooked, moist heat",0,
174208,15147,"Crustaceans, lobster, northern, raw",0,
174209,15148,"Crustaceans, lobster, northern, cooked, moist heat",0,
174210,15149,"Crustaceans, shrimp, mixed species, raw (may contain additives to retain moisture)",0,
171970,15150,"Crustaceans, shrimp, mixed species, cooked, breaded and fried",0,
171971,15151,"Crustaceans, shrimp, mixed species, cooked, moist heat (may contain additives to retain moisture)",0,
171972,15152,"Crustaceans, shrimp, mixed species, canned",0,
171973,15153,"Crustaceans, shrimp, mixed species, imitation, made from surimi",0,
174211,15154,"Crustaceans, spiny lobster, mixed species, raw",0,
174212,15155,"Mollusks, abalone, mixed species, raw",0,
174213,15156,"Mollusks, abalone, mixed species, cooked, fried",0,
174214,15157,"Mollusks, clam, mixed species, raw",0,
171974,15158,"Mollusks, clam, mixed species, cooked, breaded and fried",0,
171975,15159,"Mollusks, clam, mixed species, cooked, moist heat",0,
171976,15160,"Mollusks, clam, mixed species, canned, drained solids",0,
171977,15162,"Mollusks, clam, mixed species, canned, liquid",0,
174215,15163,"Mollusks, cuttlefish, mixed species, raw",0,
174216,15164,"Mollusks, mussel, blue, raw",0,
174217,15165,"Mollusks, mussel, blue, cooked, moist heat",0,
174218,15166,"Mollusks, octopus, common, raw",0,
171978,15167,"Mollusks, oyster, eastern, wild, raw",0,
171979,15168,"Mollusks, oyster, eastern, cooked, breaded and fried",0,
171980,15169,"Mollusks, oyster, eastern, wild, cooked, moist heat",0,
171981,15170,"Mollusks, oyster, eastern, canned",0,
174219,15171,"Mollusks, oyster, Pacific, raw",0,
174220,15172,"Mollusks, scallop, mixed species, raw",0,
174221,15173,"Mollusks, scallop, mixed species, cooked, breaded and fried",0,
174222,15174,"Mollusks, scallop, mixed species, imitation, made from surimi",0,
174223,15175,"Mollusks, squid, mixed species, raw",0,
171982,15176,"Mollusks, squid, mixed species, cooked, fried",0,
171983,15177,"Mollusks, whelk, unspecified, raw",0,
171984,15178,"Mollusks, whelk, unspecified, cooked, moist heat",0,
171985,15179,"Fish, salmon, chinook, smoked, (lox), regular",0,
174224,15180,"Fish, salmon, chum, canned, without salt, drained solids with bone",0,
174225,15181,"Fish, salmon, pink, canned, without salt, solids with bone and liquid",0,
174226,15182,"Fish, salmon, sockeye, canned, without salt, drained solids with bone",0,
174227,15183,"Fish, tuna, light, canned in oil, without salt, drained solids",0,
171986,15184,"Fish, tuna, light, canned in water, without salt, drained solids",0,
171987,15185,"Fish, tuna, white, canned in oil, without salt, drained solids",0,
171988,15186,"Fish, tuna, white, canned in water, without salt, drained solids",0,
171989,15187,"Fish, bass, freshwater, mixed species, cooked, dry heat",0,
174228,15188,"Fish, bass, striped, cooked, dry heat",0,
174229,15189,"Fish, bluefish, cooked, dry heat",0,
174230,15190,"Fish, burbot, cooked, dry heat",0,
174231,15191,"Fish, butterfish, cooked, dry heat",0,
171990,15192,"Fish, cod, Pacific, cooked, dry heat (may contain additives to retain moisture)",0,
171991,15193,"Fish, cusk, cooked, dry heat",0,
171992,15194,"Fish, mahimahi, cooked, dry heat",0,
171993,15195,"Fish, drum, freshwater, cooked, dry heat",0,
174232,15196,"Fish, halibut, greenland, cooked, dry heat",0,
174233,15197,"Fish, herring, Pacific, cooked, dry heat",0,
174234,15198,"Fish, ling, cooked, dry heat",0,
174235,15199,"Fish, lingcod, cooked, dry heat",0,
174236,15200,"Fish, mackerel, king, cooked, dry heat",0,
171994,15201,"Fish, mackerel, Pacific and jack, mixed species, cooked, dry heat",0,
171995,15202,"Fish, milkfish, cooked, dry heat",0,
171996,15203,"Fish, monkfish, cooked, dry heat",0,
171997,15204,"Fish, pike, walleye, cooked, dry heat",0,
174237,15205,"Fish, pollock, Atlantic, cooked, dry heat",0,
174238,15206,"Fish, pout, ocean, cooked, dry heat",0,
174239,15207,"Fish, roe, mixed species, cooked, dry heat",0,
174240,15208,"Fish, sablefish, cooked, dry heat",0,
171998,15209,"Fish, salmon, Atlantic, wild, cooked, dry heat",0,
171999,15210,"Fish, salmon, chinook, cooked, dry heat",0,
172000,15211,"Fish, salmon, chum, cooked, dry heat",0,
172001,15212,"Fish, salmon, pink, cooked, dry heat",0,
174241,15213,"Fish, scup, cooked, dry heat",0,
174242,15214,"Fish, seatrout, mixed species, cooked, dry heat",0,
174243,15215,"Fish, shad, american, cooked, dry heat",0,
174244,15216,"Fish, spot, cooked, dry heat",0,
172002,15217,"Fish, sucker, white, cooked, dry heat",0,
172003,15218,"Fish, sunfish, pumpkin seed, cooked, dry heat",0,
172004,15219,"Fish, trout, mixed species, cooked, dry heat",0,
172005,15220,"Fish, tuna, skipjack, fresh, cooked, dry heat",0,
172006,15221,"Fish, tuna, yellowfin, fresh, cooked, dry heat",0,
174245,15222,"Fish, turbot, european, cooked, dry heat",0,
174246,15223,"Fish, whitefish, mixed species, cooked, dry heat",0,
174247,15224,"Fish, wolffish, Atlantic, cooked, dry heat",0,
174248,15225,"Fish, yellowtail, mixed species, cooked, dry heat",0,
172007,15226,"Crustaceans, crab, dungeness, cooked, moist heat",0,
172008,15227,"Crustaceans, crab, queen, cooked, moist heat",0,
172009,15228,"Crustaceans, spiny lobster, mixed species, cooked, moist heat",0,
172010,15229,"Mollusks, cuttlefish, mixed species, cooked, moist heat",0,
174249,15230,"Mollusks, octopus, common, cooked, moist heat",0,
174250,15231,"Mollusks, oyster, Pacific, cooked, moist heat",0,
174251,15232,"Fish, roughy, orange, cooked, dry heat",0,
173714,15233,"Fish, catfish, channel, wild, cooked, dry heat",0,
175165,15234,"Fish, catfish, channel, farmed, raw",0,
175166,15235,"Fish, catfish, channel, farmed, cooked, dry heat",0,
175167,15236,"Fish, salmon, Atlantic, farmed, raw",0,
175168,15237,"Fish, salmon, Atlantic, farmed, cooked, dry heat",0,
173715,15238,"Fish, salmon, coho, farmed, raw",0,
173716,15239,"Fish, salmon, coho, farmed, cooked, dry heat",0,
173717,15240,"Fish, trout, rainbow, farmed, raw",0,
173718,15241,"Fish, trout, rainbow, farmed, cooked, dry heat",0,
175169,15242,"Crustaceans, crayfish, mixed species, farmed, raw",0,
175170,15243,"Crustaceans, crayfish, mixed species, farmed, cooked, moist heat",0,
175171,15244,"Mollusks, oyster, eastern, wild, cooked, dry heat",0,
175172,15245,"Mollusks, oyster, eastern, farmed, raw",0,
175173,15246,"Mollusks, oyster, eastern, farmed, cooked, dry heat",0,
173719,15247,"Fish, salmon, coho, wild, cooked, dry heat",0,
173720,15250,"Mollusks, conch, baked or broiled",0,
173721,15251,"Salmon nuggets, breaded, frozen, heated",0,
173722,15252,"Salmon nuggets, cooked as purchased, unheated",0,
175174,15253,"Salmon, sockeye, canned, total can contents",0,
175175,15260,"Fish, salmon, pink, canned, drained solids",0,
175176,15261,"Fish, tilapia, raw",0,
175177,15262,"Fish, tilapia, cooked, dry heat",0,
173723,15264,"Salmon, sockeye, canned, drained solids, without skin and bones",0,
173724,15265,"Fish, Salmon, pink, canned, drained solids, without skin and bones",0,
173725,15266,"Fish, pollock, Alaska, raw",0,
173726,15267,"Fish, pollock, Alaska, cooked",0,
175178,15269,"Fish, cod, Pacific, cooked",0,
175179,15270,"Crustaceans, shrimp, raw",13,Tail and shell
175180,15271,"Crustaceans, shrimp, cooked",17,Tail and shell
175181,15274,"Fish, trout, brook, raw, New York State",53,"skin, head, viscera, bones"
173727,16001,"Beans, adzuki, mature seeds, raw",0,
173728,16002,"Beans, adzuki, mature seeds, cooked, boiled, without salt",0,
173729,16003,"Beans, adzuki, mature seeds, canned, sweetened",0,
173730,16004,"Yokan, prepared from adzuki beans and sugar",0,
173731,16005,"Beans, baked, home prepared",0,
175182,16006,"Beans, baked, canned, plain or vegetarian",0,
175183,16007,"Beans, baked, canned, with beef",0,
175184,16008,"Beans, baked, canned, with franks",0,
175185,16009,"Beans, baked, canned, with pork",0,
173732,16010,"Beans, baked, canned, with pork and sweet sauce",0,
173733,16011,"Beans, baked, canned, with pork and tomato sauce",0,
173734,16014,"Beans, black, mature seeds, raw",0,
173735,16015,"Beans, black, mature seeds, cooked, boiled, without salt",0,
175186,16016,"Beans, black turtle, mature seeds, raw",0,
175187,16017,"Beans, black turtle, mature seeds, cooked, boiled, without salt",0,
175188,16018,"Beans, black turtle, mature seeds, canned",0,
175189,16019,"Beans, cranberry (roman), mature seeds, raw",0,
173736,16020,"Beans, cranberry (roman), mature seeds, cooked, boiled, without salt",0,
173737,16021,"Beans, cranberry (roman), mature seeds, canned",0,
173738,16022,"Beans, french, mature seeds, raw",0,
173739,16023,"Beans, french, mature seeds, cooked, boiled, without salt",0,
175190,16024,"Beans, great northern, mature seeds, raw (Includes foods for USDA's Food Distribution Program)",0,
175191,16025,"Beans, great northern, mature seeds, cooked, boiled, without salt",0,
175192,16026,"Beans, great northern, mature seeds, canned",0,
175193,16027,"Beans, kidney, all types, mature seeds, raw",0,
173740,16028,"Beans, kidney, all types, mature seeds, cooked, boiled, without salt",0,
173741,16029,"Beans, kidney, all types, mature seeds, canned",0,
173742,16030,"Beans, kidney, california red, mature seeds, raw",0,
173743,16031,"Beans, kidney, california red, mature seeds, cooked, boiled, without salt",0,
173744,16032,"Beans, kidney, red, mature seeds, raw",0,
175194,16033,"Beans, kidney, red, mature seeds, cooked, boiled, without salt",0,
175195,16034,"Beans, kidney, red, mature seeds, canned, solids and liquids",0,
175196,16035,"Beans, kidney, royal red, mature seeds, raw",0,
175197,16036,"Beans, kidney, royal red, mature seeds, cooked, boiled, without salt",0,
173745,16037,"Beans, navy, mature seeds, raw",0,
173746,16038,"Beans, navy, mature seeds, cooked, boiled, without salt",0,
173747,16039,"Beans, navy, mature seeds, canned",0,
173748,16040,"Beans, pink, mature seeds, raw",0,
175198,16041,"Beans, pink, mature seeds, cooked, boiled, without salt",0,
175199,16042,"Beans, pinto, mature seeds, raw (Includes foods for USDA's Food Distribution Program)",0,
175200,16043,"Beans, pinto, mature seeds, cooked, boiled, without salt",0,
175201,16044,"Beans, pinto, mature seeds, canned, solids and liquids",0,
173749,16045,"Beans, small white, mature seeds, raw",0,
173750,16046,"Beans, small white, mature seeds, cooked, boiled, without salt",0,
173751,16047,"Beans, yellow, mature seeds, raw",0,
173752,16048,"Beans, yellow, mature seeds, cooked, boiled, without salt",0,
175202,16049,"Beans, white, mature seeds, raw",0,
175203,16050,"Beans, white, mature seeds, cooked, boiled, without salt",0,
175204,16051,"Beans, white, mature seeds, canned",0,
175205,16052,"Broadbeans (fava beans), mature seeds, raw",0,
173753,16053,"Broadbeans (fava beans), mature seeds, cooked, boiled, without salt",0,
173754,16054,"Broadbeans (fava beans), mature seeds, canned",0,
173755,16055,Carob flour,0,
173756,16056,"Chickpeas (garbanzo beans, bengal gram), mature seeds, raw",0,
173757,16057,"Chickpeas (garbanzo beans, bengal gram), mature seeds, cooked, boiled, without salt",0,
175206,16058,"Chickpeas (garbanzo beans, bengal gram), mature seeds, canned, solids and liquids",0,
175207,16059,"Chili with beans, canned",0,
175208,16060,"Cowpeas, catjang, mature seeds, raw",0,
175209,16061,"Cowpeas, catjang, mature seeds, cooked, boiled, without salt",0,
173758,16062,"Cowpeas, common (blackeyes, crowder, southern), mature seeds, raw",0,
173759,16063,"Cowpeas, common (blackeyes, crowder, southern), mature seeds, cooked, boiled, without salt",0,
173760,16064,"Cowpeas, common (blackeyes, crowder, southern), mature seeds, canned, plain",0,
173761,16065,"Cowpeas, common (blackeyes, crowder, southern), mature seeds, canned with pork",0,
175210,16067,"Hyacinth beans, mature seeds, raw",0,
175211,16068,"Hyacinth beans, mature seeds, cooked, boiled, without salt",0,
172420,16069,"Lentils, raw",0,
172421,16070,"Lentils, mature seeds, cooked, boiled, without salt",0,
174252,16071,"Lima beans, large, mature seeds, raw",0,
174253,16072,"Lima beans, large, mature seeds, cooked, boiled, without salt",0,
174254,16073,"Lima beans, large, mature seeds, canned",0,
174255,16074,"Lima beans, thin seeded (baby), mature seeds, raw",0,
172422,16075,"Lima beans, thin seeded (baby), mature seeds, cooked, boiled, without salt",0,
172423,16076,"Lupins, mature seeds, raw",0,
172424,16077,"Lupins, mature seeds, cooked, boiled, without salt",0,
172425,16078,"Mothbeans, mature seeds, raw",0,
172426,16079,"Mothbeans, mature seeds, cooked, boiled, without salt",0,
174256,16080,"Mung beans, mature seeds, raw",0,
174257,16081,"Mung beans, mature seeds, cooked, boiled, without salt",0,
174258,16082,"Noodles, chinese, cellophane or long rice (mung beans), dehydrated",0,
174259,16083,"Mungo beans, mature seeds, raw",0,
172427,16084,"Mungo beans, mature seeds, cooked, boiled, without salt",0,
172428,16085,"Peas, green, split, mature seeds, raw",0,
172429,16086,"Peas, split, mature seeds, cooked, boiled, without salt",0,
172430,16087,"Peanuts, all types, raw",0,
174260,16088,"Peanuts, all types, cooked, boiled, with salt",0,
174261,16089,"Peanuts, all types, oil-roasted, with salt",0,
174262,16090,"Peanuts, all types, dry-roasted, with salt",0,
174263,16091,"Peanuts, spanish, raw",0,
172431,16092,"Peanuts, spanish, oil-roasted, with salt",0,
172432,16093,"Peanuts, valencia, raw",0,
172433,16094,"Peanuts, valencia, oil-roasted, with salt",0,
172434,16095,"Peanuts, virginia, raw",0,
174264,16096,"Peanuts, virginia, oil-roasted, with salt",0,
174265,16097,"Peanut butter, chunk style, with salt",0,
174266,16098,"Peanut butter, smooth style, with salt (Includes foods for USDA's Food Distribution Program)",0,
174267,16099,"Peanut flour, defatted",0,
172435,16100,"Peanut flour, low fat",0,
172436,16101,"Pigeon peas (red gram), mature seeds, raw",0,
172437,16102,"Pigeon peas (red gram), mature seeds, cooked, boiled, without salt",0,
172438,16103,"Refried beans, canned, traditional style",0,
172439,16104,"Bacon, meatless",0,
174268,16106,Meat extender,0,
174269,16107,"Sausage, meatless",0,
174270,16108,"Soybeans, mature seeds, raw",0,
174271,16109,"Soybeans, mature cooked, boiled, without salt",0,
172440,16110,"Soybeans, mature seeds, roasted, salted",0,
172441,16111,"Soybeans, mature seeds, dry roasted",0,
172442,16112,Miso,0,
172443,16113,Natto,0,
174272,16114,Tempeh,0,
174273,16115,"Soy flour, full-fat, raw",0,
174274,16116,"Soy flour, full-fat, roasted",0,
174275,16117,"Soy flour, defatted",0,
172444,16118,"Soy flour, low-fat",0,
172445,16119,"Soy meal, defatted, raw",0,
172446,16120,"Soymilk, original and vanilla, unfortified",0,
172447,16121,"Soy protein concentrate, produced by alcohol extraction",0,
174276,16122,Soy protein isolate,0,
174277,16123,Soy sauce made from soy and wheat (shoyu),0,
174278,16124,Soy sauce made from soy (tamari),0,
174279,16125,Soy sauce made from hydrolyzed vegetable protein,0,
172448,16126,"Tofu, firm, prepared with calcium sulfate and magnesium chloride (nigari)",0,
172449,16127,"Tofu, soft, prepared with calcium sulfate and magnesium chloride (nigari)",0,
172450,16128,"Tofu, dried-frozen (koyadofu)",0,
172451,16129,"Tofu, fried",0,
172452,16130,Okara,0,
174280,16132,"Tofu, salted and fermented (fuyu)",0,
174281,16133,"Yardlong beans, mature seeds, raw",0,
174282,16134,"Yardlong beans, mature seeds, cooked, boiled, without salt",0,
174283,16135,"Winged beans, mature seeds, raw",0,
172453,16136,"Winged beans, mature seeds, cooked, boiled, without salt",0,
172454,16137,"Hummus, home prepared",0,
172455,16138,"Falafel, home-prepared",0,
172456,16139,"Soymilk, original and vanilla, with added calcium, vitamins A and D",0,
174284,16144,"Lentils, pink or red, raw",0,
174285,16145,"Beans, kidney, red, mature seeds, canned, drained solids",0,
174286,16146,"Beans, pinto, canned, drained solids",0,
174287,16147,"Veggie burgers or soyburgers, unprepared",0,
172457,16149,"Peanut spread, reduced sugar",0,
172458,16150,"Peanut butter, smooth, reduced fat",0,
172459,16155,"Peanut butter, smooth, vitamin and mineral fortified",0,
172460,16156,"Peanut butter, chunky, vitamin and mineral fortified",0,
174288,16157,Chickpea flour (besan),0,
174289,16158,"Hummus, commercial",0,
174290,16159,"Tofu, extra firm, prepared with nigari",0,
174291,16160,"Tofu, hard, prepared with nigari",0,
174292,16161,"MORI-NU, Tofu, silken, soft",0,
172461,16162,"MORI-NU, Tofu, silken, firm",0,
172462,16163,"MORI-NU, Tofu, silken, extra firm",0,
172463,16164,"MORI-NU, Tofu, silken, lite firm",0,
172464,16165,"MORI-NU, Tofu, silken, lite extra firm",0,
174293,16166,"Soymilk, chocolate, unfortified",0,
174294,16167,"Peanut Butter, smooth (Includes foods for USDA's Food Distribution Program)",0,
174295,16168,"Soymilk, chocolate, with added calcium, vitamins A and D",0,
174296,16171,"Refried beans, canned, vegetarian",0,
172465,16172,"Refried beans, canned, fat-free",0,
172466,16173,"Frijoles rojos volteados (Refried beans, red, canned)",0,
172467,16174,"Tempeh, cooked",0,
172468,16210,"Vitasoy USA, Nasoya Lite Firm Tofu",0,
174297,16211,"Vitasoy USA, Organic Nasoya Super Firm Cubed Tofu",0,
173762,16212,"Vitasoy USA, Organic Nasoya Extra Firm Tofu",0,
173763,16213,"Vitasoy USA, Organic Nasoya Firm Tofu",0,
173764,16214,"Vitasoy USA, Organic Nasoya Silken Tofu",0,
175212,16215,"Vitasoy USA, Vitasoy Organic Creamy Original Soymilk",0,
175213,16216,"Vitasoy USA, Vitasoy Organic Classic Original Soymilk",0,
175214,16219,"Vitasoy USA, Vitasoy Light Vanilla Soymilk",0,
175215,16222,"Soymilk (all flavors), unsweetened, with added calcium, vitamins A and D",0,
173765,16223,"Soymilk (All flavors), enhanced",0,
173766,16225,"Soymilk, original and vanilla, light, with added calcium, vitamins A and D",0,
173767,16227,"Soymilk, chocolate and other flavors, light, with added calcium, vitamins A and D",0,
173768,16228,"Soymilk, original and vanilla, light, unsweetened, with added calcium, vitamins A and D",0,
173769,16229,"Soymilk (All flavors), lowfat, with added calcium, vitamins A and D",0,
175216,16230,"Soymilk (all flavors), nonfat, with added calcium, vitamins A and D",0,
175217,16231,"Soymilk, chocolate, nonfat, with added calcium, vitamins A and D",0,
175218,16235,"SILK Plain, soymilk",0,
175219,16236,"SILK Vanilla, soymilk",0,
173770,16237,"SILK Chocolate, soymilk",0,
173771,16238,"SILK Light Plain, soymilk",0,
173772,16239,"SILK Light Vanilla, soymilk",0,
173773,16240,"SILK Light Chocolate, soymilk",0,
175220,16241,"SILK Plus Omega-3 DHA, soymilk",0,
175221,16242,"SILK Plus for Bone Health, soymilk",0,
175222,16243,"SILK Plus Fiber, soymilk",0,
175223,16244,"SILK Unsweetened, soymilk",0,
173774,16245,"SILK Very Vanilla, soymilk",0,
173775,16246,"SILK Nog, soymilk",0,
173776,16247,"SILK Chai, soymilk",0,
173777,16248,"SILK Mocha, soymilk",0,
175224,16249,"SILK Coffee, soymilk",0,
175225,16250,SILK Vanilla soy yogurt (family size),0,
175226,16251,SILK Vanilla soy yogurt (single serving size),0,
175227,16252,SILK Plain soy yogurt,0,
175228,16253,SILK Strawberry soy yogurt,0,
173778,16254,SILK Raspberry soy yogurt,0,
173779,16255,SILK Peach soy yogurt,0,
173780,16256,SILK Black Cherry soy yogurt,0,
173781,16257,SILK Blueberry soy yogurt,0,
175229,16258,SILK Key Lime soy yogurt,0,
175230,16259,SILK Banana-Strawberry soy yogurt,0,
175231,16260,SILK Original Creamer,0,
175232,16261,SILK French Vanilla Creamer,0,
173782,16262,SILK Hazelnut Creamer,0,
173783,16271,"Vitasoy USA Organic Nasoya, Soft Tofu",0,
173784,16272,"Vitasoy USA Nasoya, Lite Silken Tofu",0,
173785,16273,"Vitasoy USA Organic Nasoya, Tofu Plus Extra Firm",0,
175233,16274,"Vitasoy USA Organic Nasoya, Tofu Plus Firm",0,
175234,16275,"Vitasoy USA Organic Nasoya Sprouted, Tofu Plus Super Firm",0,
175235,16276,"Vitasoy USA Azumaya, Extra Firm Tofu",0,
175236,16277,"Vitasoy USA Azumaya, Firm Tofu",0,
173786,16278,"Vitasoy USA Azumaya, Silken Tofu",0,
173787,16279,HOUSE FOODS Premium Soft Tofu,0,
173788,16281,HOUSE FOODS Premium Firm Tofu,0,
173789,16302,"Beans, adzuki, mature seed, cooked, boiled, with salt",0,
175237,16315,"Beans, black, mature seeds, cooked, boiled, with salt",0,
175238,16316,"Beans, black, mature seeds, canned, low sodium",0,
175239,16317,"Beans, black turtle, mature seeds, cooked, boiled, with salt",0,
175240,16320,"Beans, cranberry (roman), mature seeds, cooked, boiled, with salt",0,
175241,16323,"Beans, french, mature seeds, cooked, boiled, with salt",0,
173790,16325,"Beans, great northern, mature seeds, cooked, boiled, with salt",0,
173791,16326,"Beans, great northern, mature seeds, canned, low sodium",0,
173792,16328,"Beans, kidney, all types, mature seeds, cooked, boiled, with salt",0,
173793,16331,"Beans, kidney, california red, mature seeds, cooked, boiled, with salt",0,
175242,16333,"Beans, kidney, red, mature seeds, cooked, boiled, with salt",0,
175243,16335,"Beans, kidney, red, mature seeds, canned, drained solids, rinsed in tap water",0,
175244,16336,"Beans, kidney, royal red, mature seeds, cooked, boiled with salt",0,
175245,16337,"Beans, kidney, red, mature seeds, canned, solids and liquid, low sodium",0,
173794,16338,"Beans, navy, mature seeds, cooked, boiled, with salt",0,
173795,16341,"Beans, pink, mature seeds, cooked, boiled, with salt",0,
173796,16343,"Beans, pinto, mature seeds, cooked, boiled, with salt",0,
173797,16345,"Beans, pinto, mature seeds, canned, drained solids, rinsed in tap water",0,
175246,16346,"Beans, small white, mature seeds, cooked, boiled, with salt",0,
175247,16347,"Beans, pinto, mature seeds, canned, solids and liquids, low sodium",0,
175248,16348,"Beans, yellow, mature seeds, cooked, boiled, with salt",0,
175249,16350,"Beans, white, mature seeds, cooked, boiled, with salt",0,
173798,16353,"Broadbeans (fava beans), mature seeds, cooked, boiled, with salt",0,
173799,16357,"Chickpeas (garbanzo beans, bengal gram), mature seeds, cooked, boiled, with salt",0,
173800,16358,"Chickpeas (garbanzo beans, bengal gram), mature seeds, canned, drained solids",0,
173801,16359,"Chickpeas (garbanzo beans, bengal gram), mature seeds, canned, drained, rinsed in tap water",0,
175250,16360,"Chickpeas (garbanzo beans, bengal gram), mature seeds, canned, solids and liquids, low sodium",0,
175251,16361,"Cowpeas, catjang, mature seeds, cooked, boiled, with salt",0,
175252,16363,"Cowpeas, common (blackeyes, crowder, southern), mature seeds, cooked, boiled, with salt",0,
175253,16368,"Hyacinth beans, mature seeds, cooked, boiled, with salt",0,
175254,16370,"Lentils, mature seeds, cooked, boiled, with salt",0,
173802,16372,"Lima beans, large, mature seeds, cooked, boiled, with salt",0,
173803,16375,"Lima beans, thin seeded (baby), mature seeds, cooked, boiled, with salt",0,
173804,16377,"Lupins, mature seeds, cooked, boiled, with salt",0,
173805,16379,"Mothbeans, mature seeds, cooked, boiled, with salt",0,
175255,16381,"Mung beans, mature seeds, cooked, boiled, with salt",0,
175256,16384,"Mungo beans, mature seeds, cooked, boiled, with salt",0,
175257,16386,"Peas, split, mature seeds, cooked, boiled, with salt",0,
175258,16389,"Peanuts, all types, oil-roasted, without salt",0,
173806,16390,"Peanuts, all types, dry-roasted, without salt",0,
173807,16392,"Peanuts, spanish, oil-roasted, without salt",0,
173808,16394,"Peanuts, valencia, oil-roasted, without salt",0,
173809,16396,"Peanuts, virginia, oil-roasted, without salt",0,
172469,16397,"Peanut butter, chunk style, without salt",0,
172470,16398,"Peanut butter, smooth style, without salt",0,
172471,16399,"Peanut butter with omega-3, creamy",0,
172472,16402,"Pigeon peas (red gram), mature seeds, cooked, boiled, with salt",0,
174298,16403,"Refried beans, canned, traditional, reduced sodium",0,
174299,16409,"Soybeans, mature seeds, cooked, boiled, with salt",0,
174300,16410,"Soybeans, mature seeds, roasted, no salt added",0,
174301,16420,"Soy protein concentrate, produced by acid wash",0,
174302,16422,"Soy protein isolate, potassium type",0,
172473,16424,"Soy sauce made from soy and wheat (shoyu), low sodium",0,
172474,16425,"Soy sauce, reduced sodium, made from hydrolyzed vegetable protein",0,
172475,16426,"Tofu, raw, firm, prepared with calcium sulfate",0,
172476,16427,"Tofu, raw, regular, prepared with calcium sulfate",0,
174303,16428,"Tofu, dried-frozen (koyadofu), prepared with calcium sulfate",0,
174304,16429,"Tofu, fried, prepared with calcium sulfate",0,
174305,16432,"Tofu, salted and fermented (fuyu), prepared with calcium sulfate",0,
174306,16434,"Yardlong beans, mature seeds, cooked, boiled, with salt",0,
172477,16436,"Winged beans, mature seeds, cooked, boiled, with salt",0,
172478,17000,"Veal, Australian, rib, rib roast, separable lean only, raw",36,"Bone and connective tissue 22%, separable fat 14%"
172479,17001,"Lamb, composite of trimmed retail cuts, separable lean and fat, trimmed to 1/4"" fat, choice, raw",23,Bone
172480,17002,"Lamb, composite of trimmed retail cuts, separable lean and fat, trimmed to 1/4"" fat, choice, cooked",25,Bone
174307,17003,"Lamb, composite of trimmed retail cuts, separable lean only, trimmed to 1/4"" fat, choice, raw",42,"Bone 23%, separable fat 19%"
174308,17004,"Lamb, composite of trimmed retail cuts, separable lean only, trimmed to 1/4"" fat, choice, cooked",42,"Bone 25%, separable fat 17%"
174309,17005,"Lamb, composite of trimmed retail cuts, separable fat, trimmed to 1/4"" fat, choice, raw",0,
174310,17006,"Lamb, composite of trimmed retail cuts, separable fat, trimmed to 1/4"" fat, choice, cooked",0,
172481,17007,"Lamb, foreshank, separable lean and fat, trimmed to 1/4"" fat, choice, raw",52,Bone
172482,17008,"Lamb, foreshank, separable lean and fat, trimmed to 1/4"" fat, choice, cooked, braised",56,Bone
172483,17009,"Lamb, foreshank, separable lean only, trimmed to 1/4"" fat, choice, raw",59,"Bone 52%, separable fat 7%"
172484,17010,"Lamb, foreshank, separable lean only, trimmed to 1/4"" fat, choice, cooked, braised",62,"Bone 56%, separable fat 6%"
174311,17011,"Lamb, leg, whole (shank and sirloin), separable lean and fat, trimmed to 1/4"" fat, choice, raw",21,Bone
174312,17012,"Lamb, leg, whole (shank and sirloin), separable lean and fat, trimmed to 1/4"" fat, choice, cooked, roasted",22,Bone
174313,17013,"Lamb, leg, whole (shank and sirloin), separable lean only, trimmed to 1/4"" fat, choice, raw",36,"Bone 21%, separable fat 15%"
174314,17014,"Lamb, leg, whole (shank and sirloin), separable lean only, trimmed to 1/4"" fat, choice, cooked, roasted",35,"Bone 22%, separable fat 13%"
174315,17015,"Lamb, leg, shank half, separable lean and fat, trimmed to 1/4"" fat, choice, raw",20,Bone
172485,17016,"Lamb, leg, shank half, separable lean and fat, trimmed to 1/4"" fat, choice, cooked, roasted",20,Bone
172486,17017,"Lamb, leg, shank half, separable lean only, trimmed to 1/4"" fat, choice, raw",31,"Bone 20%, separable fat 11%"
172487,17018,"Lamb, leg, shank half, separable lean only, trimmed to 1/4"" fat, choice, cooked, roasted",29,"Bone 20%, separable fat 9%"
172488,17019,"Lamb, leg, sirloin half, separable lean and fat, trimmed to 1/4"" fat, choice, raw",23,Bone
174316,17020,"Lamb, leg, sirloin half, separable lean and fat, trimmed to 1/4"" fat, choice, cooked, roasted",23,Bone
174317,17021,"Lamb, leg, sirloin half, separable lean only, trimmed to 1/4"" fat, choice, raw",43,"Bone 23%, separable fat 20%"
174318,17022,"Lamb, leg, sirloin half, separable lean only, trimmed to 1/4"" fat, choice, cooked, roasted",41,"Bone 23%, separable fat 18%"
174319,17023,"Lamb, loin, separable lean and fat, trimmed to 1/4"" fat, choice, raw",21,Bone
172489,17024,"Lamb, loin, separable lean and fat, trimmed to 1/4"" fat, choice, cooked, broiled",23,Bone
172490,17025,"Lamb, loin, separable lean and fat, trimmed to 1/4"" fat, choice, cooked, roasted",22,Bone
172491,17026,"Lamb, loin, separable lean only, trimmed to 1/4"" fat, choice, raw",46,"Bone 21%, separable fat 25%"
172492,17027,"Lamb, loin, separable lean only, trimmed to 1/4"" fat, choice, cooked, broiled",44,"Bone 23%, separable fat 21%"
174320,17028,"Lamb, loin, separable lean only, trimmed to 1/4"" fat, choice, cooked, roasted",44,"Bone 22%, separable fat 22%"
174321,17029,"Lamb, rib, separable lean and fat, trimmed to 1/4"" fat, choice, raw",27,Bone
174322,17030,"Lamb, rib, separable lean and fat, trimmed to 1/4"" fat, choice, cooked, broiled",30,Bone
174323,17031,"Lamb, rib, separable lean and fat, trimmed to 1/4"" fat, choice, cooked, roasted",28,Bone
172493,17032,"Lamb, rib, separable lean only, trimmed to 1/4"" fat, choice, raw",57,"Bone 27%, separable fat 30%"
172494,17033,"Lamb, rib, separable lean only, trimmed to 1/4"" fat, choice, cooked, broiled",55,"Bone 30%, separable fat 25%"
172495,17034,"Lamb, rib, separable lean only, trimmed to 1/4"" fat, choice, cooked, roasted",55,"Bone 28%, separable fat 27%"
172496,17035,"Lamb, shoulder, whole (arm and blade), separable lean and fat, trimmed to 1/4"" fat, choice, raw",21,Bone 21%
172497,17036,"Lamb, shoulder, whole (arm and blade), separable lean and fat, trimmed to 1/4"" fat, choice, cooked, braised",25,Bone
174324,17037,"Lamb, shoulder, whole (arm and blade), separable lean and fat, trimmed to 1/4"" fat, choice, cooked, broiled",24,Bone
174325,17038,"Lamb, shoulder, whole (arm and blade), separable lean and fat, trimmed to 1/4"" fat, choice, cooked, roasted",22,Bone
174326,17039,"Lamb, shoulder, whole (arm and blade), separable lean only, trimmed to 1/4"" fat, choice, raw",39,"Bone 21%, separable fat 18%"
174327,17040,"Lamb, shoulder, whole (arm and blade), separable lean only, trimmed to 1/4"" fat, choice, cooked, braised",40,"Bone 25%, separable fat 15%"
172498,17041,"Lamb, shoulder, whole (arm and blade), separable lean only, trimmed to 1/4"" fat, choice, cooked, broiled",38,"Bone 24%, separable fat 14%"
172499,17042,"Lamb, shoulder, whole (arm and blade), separable lean only, trimmed to 1/4"" fat, choice, cooked, roasted",37,"Bone 22%, separable fat 15%"
172500,17043,"Lamb, shoulder, arm, separable lean and fat, trimmed to 1/4"" fat, choice, raw",17,Bone
172501,17044,"Lamb, shoulder, arm, separable lean and fat, trimmed to 1/4"" fat, choice, cooked, braised",20,Bone
174328,17045,"Lamb, shoulder, arm, separable lean and fat, trimmed to 1/4"" fat, choice, cooked, broiled",19,Bone
174329,17046,"Lamb, shoulder, arm, separable lean and fat, trimmed to 1/4"" fat, choice, cooked, roasted",17,Bone
174330,17047,"Lamb, shoulder, arm, separable lean only, trimmed to 1/4"" fat, choice, raw",37,"Bone 17%, separable fat 20%"
174331,17048,"Lamb, shoulder, arm, separable lean only, trimmed to 1/4"" fat, choice, cooked, braised",38,"Bone 20%, separable fat 18%"
172502,17049,"Lamb, shoulder, arm, separable lean only, trimmed to 1/4"" fat, choice, cooked, broiled",36,"Bone 19%, separable fat 17%"
172503,17050,"Lamb, shoulder, arm, separable lean only, trimmed to 1/4"" fat, choice, cooked, roasted",35,"Bone 17%, separable fat 18%"
172504,17051,"Lamb, shoulder, blade, separable lean and fat, trimmed to 1/4"" fat, choice, raw",24,Bone
172505,17052,"Lamb, shoulder, blade, separable lean and fat, trimmed to 1/4"" fat, choice, cooked, braised",28,Bone
174332,17053,"Lamb, shoulder, blade, separable lean and fat, trimmed to 1/4"" fat, choice, cooked, broiled",27,Bone
174333,17054,"Lamb, shoulder, blade, separable lean and fat, trimmed to 1/4"" fat, choice, cooked, roasted",25,Bone
174334,17055,"Lamb, shoulder, blade, separable lean only, trimmed to 1/4"" fat, choice, raw",40,"Bone 24%, separable fat 16%"
174335,17056,"Lamb, shoulder, blade, separable lean only, trimmed to 1/4"" fat, choice, cooked, braised",42,"Bone 28%, separable fat 14%"
172506,17057,"Lamb, shoulder, blade, separable lean only, trimmed to 1/4"" fat, choice, cooked, broiled",40,"Bone 27%, separable fat 13%"
172507,17058,"Lamb, shoulder, blade, separable lean only, trimmed to 1/4"" fat, choice, cooked, roasted",39,"Bone 25%, separable fat 14%"
172508,17059,"Lamb, cubed for stew or kabob (leg and shoulder), separable lean only, trimmed to 1/4"" fat, raw",0,
172509,17060,"Lamb, cubed for stew or kabob (leg and shoulder), separable lean only, trimmed to 1/4"" fat, cooked, braised",0,
172510,17061,"Lamb, cubed for stew or kabob (leg and shoulder), separable lean only, trimmed to 1/4"" fat, cooked, broiled",0,
174336,17062,"Lamb, New Zealand, imported, frozen, composite of trimmed retail cuts, separable lean and fat, raw",30,Bone
174337,17063,"Lamb, New Zealand, imported, frozen, composite of trimmed retail cuts, separable lean and fat, cooked",31,Bone
174338,17064,"Lamb, New Zealand, imported, frozen, composite of trimmed retail cuts, separable lean only, raw",50,"Bone 30%, separable fat 20%"
174339,17065,"Lamb, New Zealand, imported, frozen, composite of trimmed retail cuts, separable lean only, cooked",49,"Bone 31%, separable fat 18%"
172511,17066,"Lamb, New Zealand, imported, frozen, composite of trimmed retail cuts, separable fat, raw",0,
172512,17067,"Lamb, New Zealand, imported, frozen, composite of trimmed retail cuts, separable fat, cooked",0,
172513,17068,"Lamb, New Zealand, imported, fore-shank, separable lean and fat, raw",36,Bone and connective tissue 36%
172514,17069,"Lamb, New Zealand, imported, fore-shank, separable lean and fat, cooked, braised",41,Bone and connective tissue 41%
174340,17070,"Lamb, New Zealand, imported, fore-shank, separable lean only, raw",43,"Bone and connective tissue 36%, separable fat 7%"
174341,17071,"Lamb, New Zealand, imported, fore-shank, separable lean only, cooked, braised",48,"Bone 41%, separable fat 7%"
174342,17072,"Lamb, New Zealand, imported, leg chop/steak, bone-in, separable lean and fat, raw",15,Bone and connective tissue 15%
174343,17073,"Lamb, New Zealand, imported, frozen, leg, whole (shank and sirloin), separable lean and fat, cooked, roasted",24,Bone
172515,17074,"Lamb, New Zealand, imported, leg chop/steak, bone-in, separable lean only, raw",27,"Bone and connective tissue 15%, separable fat 12%"
172516,17075,"Lamb, New Zealand, imported, frozen, leg, whole (shank and sirloin), separable lean only, cooked, roasted",36,"Bone 24%, separable fat 12%"
172517,17076,"Lamb, New Zealand, imported, loin chop, separable lean and fat, raw",20,Bone and connective tissue 20%
175259,17077,"Lamb, New Zealand, imported, frozen, loin, separable lean and fat, cooked, broiled",27,Bone
173810,17078,"Lamb, New Zealand, imported, loin chop, separable lean only, raw",43,"Bone and connective tissue 20%, separable fat 23%"
173811,17079,"Lamb, New Zealand, imported, frozen, loin, separable lean only, cooked, broiled",49,"Bone 27%, separable fat 22%"
173812,17080,"Lamb, New Zealand, imported, rack - partly frenched, separable lean and fat, raw",24,Bone and connective tissue 24%
173813,17081,"Lamb, New Zealand, imported, rack - partly frenched, separable lean and fat, cooked, fast roasted",23,Bone and connective tissue 23%
175260,17082,"Lamb, New Zealand, imported, rack - partly frenched, separable lean only, raw",35,"Bone and connective tissue 24%, separable fat 11%"
175261,17083,"Lamb, New Zealand, imported, rack - partly frenched, separable lean only, cooked, fast roasted",34,"Bone and connective tissue 23%, separable fat 11%"
175262,17084,"Lamb, New Zealand, imported, square-cut shoulder, separable lean and fat, raw",25,Bone and connective tissue 25%
175263,17085,"Lamb, New Zealand, imported, frozen, shoulder, whole (arm and blade), separable lean and fat, cooked, braised",29,Bone
175264,17086,"Lamb, New Zealand, imported, square-cut shoulder, separable lean only, raw",42,"Bone and connective tissue 25%, separable fat 17%"
173814,17087,"Lamb, New Zealand, imported, frozen, shoulder, whole (arm and blade), separable lean only, cooked, braised",46,"Bone 29%, separable fat 17%"
173815,17088,"Veal, composite of trimmed retail cuts, separable lean and fat, raw",31,Bone
173816,17089,"Veal, composite of trimmed retail cuts, separable lean and fat, cooked",28,Bone
173817,17090,"Veal, composite of trimmed retail cuts, separable lean only, raw",35,"Bone 31%, separable fat 4%"
175265,17091,"Veal, composite of trimmed retail cuts, separable lean only, cooked",34,"Bone 28%, separable fat 6%"
175266,17092,"Veal, composite of trimmed retail cuts, separable fat, raw",0,
175267,17093,"Veal, composite of trimmed retail cuts, separable fat, cooked",0,
175268,17094,"Veal, leg (top round), separable lean and fat, raw",0,
173818,17095,"Veal, leg (top round), separable lean and fat, cooked, braised",0,
173819,17096,"Veal, leg (top round), separable lean and fat, cooked, pan-fried, breaded",0,
173820,17097,"Veal, leg (top round), separable lean and fat, cooked, pan-fried, not breaded",0,
173821,17098,"Veal, leg (top round), separable lean and fat, cooked, roasted",0,
175269,17099,"Veal, leg (top round), separable lean only, raw",2,Separable fat
175270,17100,"Veal, leg (top round), separable lean only, cooked, braised",2,Separable fat
175271,17101,"Veal, leg (top round), separable lean only, cooked, pan-fried, breaded",0,
175272,17102,"Veal, leg (top round), separable lean only, cooked, pan-fried, not breaded",5,Separable fat
173822,17103,"Veal, leg (top round), separable lean only, cooked, roasted",2,Separable fat
173823,17104,"Veal, loin, separable lean and fat, raw",29,Bone and connective tissue 29%
173824,17105,"Veal, loin, separable lean and fat, cooked, braised",36,Bone
173825,17106,"Veal, loin, separable lean and fat, cooked, roasted",36,Bone
173826,17107,"Veal, loin, separable lean only, raw",40,"Bone 30%, separable fat 10%"
175273,17108,"Veal, loin, separable lean only, cooked, braised",45,"Bone 36%, separable fat 9%"
175274,17109,"Veal, loin, separable lean only, cooked, roasted",42,"Bone 36%, separable fat 6%"
175275,17110,"Veal, rib, separable lean and fat, raw",35,Bone
175276,17111,"Veal, rib, separable lean and fat, cooked, braised",37,Bone
173827,17112,"Veal, rib, separable lean and fat, cooked, roasted",33,Bone
173828,17113,"Veal, rib, separable lean only, raw",40,"Bone 35%, separable fat 5%"
173829,17114,"Veal, rib, separable lean only, cooked, braised",42,"Bone 37%, separable fat 5%"
173830,17115,"Veal, rib, separable lean only, cooked, roasted",40,"Bone 33%, separable fat 7%"
175277,17116,"Veal, shoulder, whole (arm and blade), separable lean and fat, raw",28,Bone
175278,17117,"Veal, shoulder, whole (arm and blade), separable lean and fat, cooked, braised",31,Bone
175279,17118,"Veal, shoulder, whole (arm and blade), separable lean and fat, cooked, roasted",28,Bone
175280,17119,"Veal, shoulder, whole (arm and blade), separable lean only, raw",31,"Bone 28%, separable fat 3%"
173831,17120,"Veal, shoulder, whole (arm and blade), separable lean only, cooked, braised",35,"Bone 31%, separable fat 4%"
173832,17121,"Veal, shoulder, whole (arm and blade), separable lean only, cooked, roasted",30,"Bone 28%, separable fat 2%"
173833,17122,"Veal, shoulder, arm, separable lean and fat, raw",21,Bone
173834,17123,"Veal, shoulder, arm, separable lean and fat, cooked, braised",23,Bone
175281,17124,"Veal, shoulder, arm, separable lean and fat, cooked, roasted",21,Bone
175282,17125,"Veal, shoulder, arm, separable lean only, raw",25,"Bone 21%, separable fat 4%"
175283,17126,"Veal, shoulder, arm, separable lean only, cooked, braised",29,"Bone 23%, separable fat 6%"
175284,17127,"Veal, shoulder, arm, separable lean only, cooked, roasted",24,"Bone 21%, separable fat 3%"
173835,17128,"Veal, shoulder, blade chop, separable lean and fat, raw",22,Bone and connective tissue 22%
173836,17129,"Veal, shoulder, blade, separable lean and fat, cooked, braised",35,Bone
173837,17130,"Veal, shoulder, blade, separable lean and fat, cooked, roasted",32,Bone
173838,17131,"Veal, shoulder, blade chop, separable lean only, raw",30,"Bone and connective tissue 22%, separable fat 8%"
173839,17132,"Veal, shoulder, blade, separable lean only, cooked, braised",39,"Bone 35%, separable fat 4%"
175285,17133,"Veal, shoulder, blade, separable lean only, cooked, roasted",34,"Bone 32%, separable fat 2%"
175286,17134,"Veal, sirloin, separable lean and fat, raw",25,Bone
175287,17135,"Veal, sirloin, separable lean and fat, cooked, braised",26,Bone
175288,17136,"Veal, sirloin, separable lean and fat, cooked, roasted",25,Bone
173840,17137,"Veal, sirloin, separable lean only, raw",31,"Bone 25%, separable fat 6%"
173841,17138,"Veal, sirloin, separable lean only, cooked, braised",34,"Bone 26%, separable fat 8%"
173842,17139,"Veal, sirloin, separable lean only, cooked, roasted",30,"Bone 25%, separable fat 5%"
173843,17140,"Veal, cubed for stew (leg and shoulder), separable lean only, raw",0,
175289,17141,"Veal, cubed for stew (leg and shoulder), separable lean only, cooked, braised",0,
175290,17142,"Veal, ground, raw",0,
175291,17143,"Veal, ground, cooked, broiled",0,
175292,17144,"Game meat, antelope, raw",0,
173844,17145,"Game meat, antelope, cooked, roasted",0,
173845,17146,"Game meat, bear, raw",0,
173846,17147,"Game meat, bear, cooked, simmered",0,
173847,17148,"Bison, ground, grass-fed, cooked",0,
175293,17149,"Bison, ground, grass-fed, raw",0,
175294,17150,"Game meat, beaver, raw",0,
175295,17151,"Game meat, beaver, cooked, roasted",0,
175296,17152,"Game meat, beefalo, composite of cuts, raw",0,
173848,17153,"Game meat, beefalo, composite of cuts, cooked, roasted",0,
173849,17154,"Veal, Australian, separable fat, raw",0,
173850,17155,"Veal, Australian, rib, rib roast, separable lean and fat, raw",22,Bone and connective tissue 22%
173851,17156,"Game meat, bison, separable lean only, raw",0,
173852,17157,"Game meat, bison, separable lean only, cooked, roasted",0,
175297,17158,"Game meat, boar, wild, raw",0,
175298,17159,"Game meat, boar, wild, cooked, roasted",0,
175299,17160,"Game meat, buffalo, water, raw",0,
175300,17161,"Game meat, buffalo, water, cooked, roasted",0,
173853,17162,"Game meat, caribou, raw",0,
173854,17163,"Game meat, caribou, cooked, roasted",0,
173855,17164,"Game meat, deer, raw",0,
175085,17165,"Game meat, deer, cooked, roasted",0,
175301,17166,"Game meat, elk, raw",0,
175302,17167,"Game meat, elk, cooked, roasted",0,
175303,17168,"Game meat, goat, raw",0,
175304,17169,"Game meat, goat, cooked, roasted",0,
175086,17170,"Game meat, horse, raw",0,
175087,17171,"Game meat, horse, cooked, roasted",0,
174344,17172,"Game meat, moose, raw",0,
174345,17173,"Game meat, moose, cooked, roasted",0,
172518,17174,"Game meat, muskrat, raw",0,
172519,17175,"Game meat, muskrat, cooked, roasted",0,
172520,17176,"Game meat, opossum, cooked, roasted",0,
172521,17177,"Game meat, rabbit, domesticated, composite of cuts, raw",0,
172522,17178,"Game meat, rabbit, domesticated, composite of cuts, cooked, roasted",0,
174346,17179,"Game meat, rabbit, domesticated, composite of cuts, cooked, stewed",0,
174347,17180,"Game meat, rabbit, wild, raw",0,
174348,17181,"Game meat, rabbit, wild, cooked, stewed",0,
174349,17182,"Game meat, raccoon, cooked, roasted",0,
172523,17183,"Game meat, squirrel, raw",0,
172524,17184,"Game meat, squirrel, cooked, roasted",0,
172525,17185,"Lamb, variety meats and by-products, brain, raw",2,Blood clots and membranes
172526,17186,"Lamb, variety meats and by-products, brain, cooked, braised",0,
174350,17187,"Lamb, variety meats and by-products, brain, cooked, pan-fried",0,
174351,17188,"Veal, variety meats and by-products, brain, raw",3,Blood clots and membranes
174352,17189,"Veal, variety meats and by-products, brain, cooked, braised",0,
174353,17190,"Veal, variety meats and by-products, brain, cooked, pan-fried",0,
172527,17191,"Lamb, variety meats and by-products, heart, raw",22,Fat and valves
172528,17192,"Lamb, variety meats and by-products, heart, cooked, braised",0,
172529,17193,"Veal, variety meats and by-products, heart, raw",26,Fat and valves
172530,17194,"Veal, variety meats and by-products, heart, cooked, braised",0,
174354,17195,"Lamb, variety meats and by-products, kidneys, raw",3,"Connective tissue, fat, and veins"
174355,17196,"Lamb, variety meats and by-products, kidneys, cooked, braised",0,
174356,17197,"Veal, variety meats and by-products, kidneys, raw",12,"Connective tissue, fat, and veins"
174357,17198,"Veal, variety meats and by-products, kidneys, cooked, braised",0,
172531,17199,"Lamb, variety meats and by-products, liver, raw",0,
172532,17200,"Lamb, variety meats and by-products, liver, cooked, braised",0,
172533,17201,"Lamb, variety meats and by-products, liver, cooked, pan-fried",0,
172534,17202,"Veal, variety meats and by-products, liver, raw",0,
172535,17203,"Veal, variety meats and by-products, liver, cooked, braised",0,
174358,17204,"Veal, variety meats and by-products, liver, cooked, pan-fried",0,
174359,17205,"Lamb, variety meats and by-products, lungs, raw",24,Blood clots and membranes
174360,17206,"Lamb, variety meats and by-products, lungs, cooked, braised",0,
174361,17207,"Veal, variety meats and by-products, lungs, raw",24,Blood clots and membranes
172536,17208,"Veal, variety meats and by-products, lungs, cooked, braised",0,
172537,17209,"Lamb, variety meats and by-products, mechanically separated, raw",0,
172538,17210,"Lamb, variety meats and by-products, pancreas, raw",0,
172539,17211,"Lamb, variety meats and by-products, pancreas, cooked, braised",0,
174362,17212,"Veal, variety meats and by-products, pancreas, raw",0,
174363,17213,"Veal, variety meats and by-products, pancreas, cooked, braised",0,
174364,17214,"Lamb, variety meats and by-products, spleen, raw",0,
174365,17215,"Lamb, variety meats and by-products, spleen, cooked, braised",0,
172540,17216,"Veal, variety meats and by-products, spleen, raw",0,
172541,17217,"Veal, variety meats and by-products, spleen, cooked, braised",0,
172542,17218,"Veal, variety meats and by-products, thymus, raw",0,
172543,17219,"Veal, variety meats and by-products, thymus, cooked, braised",4,Membranes 3.69%
174366,17220,"Lamb, variety meats and by-products, tongue, raw",16,Connective tissue and cartilage
174367,17221,"Lamb, variety meats and by-products, tongue, cooked, braised",0,
174368,17222,"Veal, variety meats and by-products, tongue, raw",16,Connective tissue and cartilage
174369,17223,"Veal, variety meats and by-products, tongue, cooked, braised",0,
174370,17224,"Lamb, ground, raw",0,
172544,17225,"Lamb, ground, cooked, broiled",0,
172545,17226,"Lamb, composite of trimmed retail cuts, separable lean and fat, trimmed to 1/8"" fat, choice, raw",24,Bone
172546,17227,"Lamb, composite of trimmed retail cuts, separable lean and fat, trimmed to 1/8"" fat, choice, cooked",24,Bone
172547,17228,"Lamb, foreshank, separable lean and fat, trimmed to 1/8"" fat, choice, raw",52,Bone
174371,17229,"Lamb, foreshank, separable lean and fat, trimmed to 1/8"" fat, cooked, braised",56,Bone
174372,17230,"Lamb, leg, whole (shank and sirloin), separable lean and fat, trimmed to 1/8"" fat, choice, raw",22,Bone
174373,17231,"Lamb, leg, whole (shank and sirloin), separable lean and fat, trimmed to 1/8"" fat, choice, cooked, roasted",23,Bone
174374,17232,"Lamb, leg, shank half, separable lean and fat, trimmed to 1/8"" fat, choice, raw",20,Bone
172548,17233,"Lamb, leg, shank half, separable lean and fat, trimmed to 1/8"" fat, choice, cooked, roasted",20,Bone
172549,17234,"Lamb, leg, sirloin half, separable lean and fat, trimmed to 1/8"" fat, choice, raw",24,Bone
172550,17235,"Lamb, leg, sirloin half, separable lean and fat, trimmed to 1/8"" fat, choice, cooked, roasted",23,Bone
172551,17236,"Lamb, loin, separable lean and fat, trimmed to 1/8"" fat, choice, raw",22,Bone
174375,17237,"Lamb, loin, separable lean and fat, trimmed to 1/8"" fat, choice, cooked, broiled",24,Bone
174376,17238,"Lamb, loin, separable lean and fat, trimmed to 1/8"" fat, choice, cooked, roasted",23,Bone
174377,17239,"Lamb, rib, separable lean and fat, trimmed to 1/8"" fat, choice, raw",29,Bone
174378,17240,"Lamb, rib, separable lean and fat, trimmed to 1/8"" fat, choice, cooked, broiled",32,Bone
172552,17241,"Lamb, rib, separable lean and fat, trimmed to 1/8"" fat, choice, cooked, roasted",30,Bone
172553,17242,"Lamb, shoulder, whole (arm and blade), separable lean and fat, trimmed to 1/8"" fat, choice, raw",22,Bone
172554,17243,"Lamb, shoulder, whole (arm and blade), separable lean and fat, trimmed to 1/8"" fat, choice, cooked, braised",27,Bone
172555,17244,"Lamb, shoulder, whole (arm and blade), separable lean and fat, trimmed to 1/8"" fat, choice, cooked, broiled",26,Bone
174379,17245,"Lamb, shoulder, whole (arm and blade), separable lean and fat, trimmed to 1/8"" fat, choice, cooked, roasted",24,Bone
174380,17246,"Lamb, shoulder, arm, separable lean and fat, trimmed to 1/8"" fat, choice, raw",18,Bone
174381,17247,"Lamb, shoulder, arm, separable lean and fat, trimmed to 1/8"" fat, choice, cooked, braised",21,Bone
174382,17248,"Lamb, shoulder, arm, separable lean and fat, trimmed to 1/8"" fat, cooked, broiled",20,Bone
174383,17249,"Lamb, shoulder, arm, separable lean and fat, trimmed to 1/8"" fat, choice, roasted",18,Bone
172556,17250,"Lamb, shoulder, blade, separable lean and fat, trimmed to 1/8"" fat, choice, raw",25,Bone
172557,17251,"Lamb, shoulder, blade, separable lean and fat, trimmed to 1/8"" fat, choice, cooked, braised",29,Bone
172558,17252,"Lamb, shoulder, blade, separable lean and fat, trimmed to 1/8"" fat, choice, cooked, broiled",28,Bone
172559,17253,"Lamb, shoulder, blade, separable lean and fat, trimmed to 1/8"" fat, choice, cooked, roasted",26,Bone
174384,17254,"Lamb, New Zealand, imported, frozen, composite of trimmed retail cuts, separable lean and fat, trimmed to 1/8"" fat, raw",27,Bone
174385,17255,"Lamb, New Zealand, imported, frozen, composite of trimmed retail cuts, separable lean and fat, trimmed to 1/8"" fat, cooked",27,Bone
174386,17256,"Lamb, New Zealand, imported, frozen, foreshank, separable lean and fat, trimmed to 1/8"" fat, raw",45,Bone
174387,17257,"Lamb, New Zealand, imported, frozen, foreshank, separable lean and fat, trimmed to 1/8"" fat, cooked, braised",50,Bone
172560,17258,"Lamb, New Zealand, imported, frozen, leg, whole (shank and sirloin), separable lean and fat, trimmed to 1/8"" fat, raw",24,Bone
172561,17259,"Lamb, New Zealand, imported, frozen, leg, whole (shank and sirloin), separable lean and fat, trimmed to 1/8"" fat, cooked, roasted",25,Bone
172562,17260,"Lamb, New Zealand, imported, frozen, loin, separable lean and fat, trimmed to 1/8"" fat, raw",26,Bone
172563,17261,"Lamb, New Zealand, imported, frozen, loin, separable lean and fat, trimmed to 1/8"" fat, cooked, broiled",28,Bone
174388,17262,"Lamb, new zealand, imported, frozen, rib, separable lean and fat, trimmed to 1/8"" fat, raw",33,Bone
174389,17263,"Lamb, New Zealand, imported, frozen, rib, separable lean and fat, trimmed to 1/8"" fat, cooked, roasted",34,Bone
174390,17264,"Lamb, New Zealand, imported, frozen, shoulder, whole (arm and blade), separable lean and fat, trimmed to 1/8"" fat, raw",26,Bone
174391,17265,"Lamb, New Zealand, imported, frozen, shoulder, whole (arm and blade), separable lean and fat, trimmed to 1/8"" fat, cooked, braised",20,Bone
172564,17267,"Game meat, bison, top sirloin, separable lean only, trimmed to 0"" fat, raw",0,
172565,17268,"Game meat, bison, ribeye, separable lean only, trimmed to 0"" fat, raw",0,
172566,17269,"Game meat, bison, shoulder clod, separable lean only, trimmed to 0"" fat, raw",0,
172567,17270,"Veal, breast, separable fat, cooked",0,
174392,17271,"Veal, breast, whole, boneless, separable lean and fat, raw",0,
174393,17272,"Veal, breast, whole, boneless, separable lean and fat, cooked, braised",7,Connective tissue
174394,17273,"Veal, breast, plate half, boneless, separable lean and fat, cooked, braised",11,Connective tissue
174395,17274,"Veal, breast, point half, boneless, separable lean and fat, cooked, braised",4,Connective tissue
174396,17275,"Veal, breast, whole, boneless, separable lean only, cooked, braised",22,"Connective tissue 7%, separable fat 15%"
172568,17276,"Veal, shank (fore and hind), separable lean and fat, raw",29,Bone
172569,17277,"Veal, shank (fore and hind), separable lean and fat, cooked, braised",39,Bone
172570,17278,"Veal, shank (fore and hind), separable lean only, raw",30,"Bone 29%, separable fat 1%"
172571,17279,"Veal, shank (fore and hind), separable lean only, cooked, braised",30,"Bone 29%, separable fat 1%"
174397,17280,"Lamb, Australian, imported, fresh, composite of trimmed retail cuts, separable lean and fat, trimmed to 1/8"" fat, raw",20,Bone
174398,17281,"Lamb, Australian, imported, fresh, composite of trimmed retail cuts, separable lean and fat, trimmed to 1/8"" fat, cooked",22,Bone
174399,17282,"Lamb, Australian, imported, fresh, composite of trimmed retail cuts, separable lean only, trimmed to 1/8"" fat, raw",34,"Bone 20%, separable fat 14%"
174400,17283,"Lamb, Australian, imported, fresh, composite of trimmed retail cuts, separable lean only, trimmed to 1/8"" fat, cooked",32,"Bone 22%, separable fat 10%"
172572,17284,"Lamb, Australian, imported, fresh, separable fat, raw",0,
172573,17285,"Lamb, Australian, imported, fresh, separable fat, cooked",0,
172574,17286,"Lamb, Australian, imported, fresh, foreshank, separable lean and fat, trimmed to 1/8"" fat, raw",42,Bone
172575,17287,"Lamb, Australian, imported, fresh, foreshank, separable lean and fat, trimmed to 1/8"" fat, cooked, braised",45,Bone
174401,17288,"Lamb, Australian, imported, fresh, foreshank, separable lean only, trimmed to 1/8"" fat, raw",50,"Bone 42%, separable fat 8%"
174402,17289,"Lamb, Australian, imported, fresh, foreshank, separable lean only, trimmed to 1/8"" fat, cooked, braised",53,"Bone 45%, separable fat 8%"
174403,17290,"Lamb, Australian, imported, fresh, leg, whole (shank and sirloin), separable lean and fat, trimmed to 1/8"" fat, raw",14,Bone
174404,17291,"Lamb, Australian, imported, fresh, leg, whole (shank and sirloin), separable lean and fat, trimmed to 1/8"" fat, cooked, roasted",16,Bone
172576,17292,"Lamb, Australian, imported, fresh, leg, whole (shank and sirloin), separable lean only, trimmed to 1/8"" fat, raw",28,"Bone 14%, separable fat 14%"
172577,17293,"Lamb, Australian, imported, fresh, leg, whole (shank and sirloin), separable lean only, trimmed to 1/8"" fat, cooked, roasted",26,"Bone 16%, separable fat 10%"
172578,17294,"Lamb, Australian, imported, fresh, leg, shank half, separable lean and fat, trimmed to 1/8"" fat, raw",17,Bone
172579,17295,"Lamb, Australian, imported, fresh, leg, shank half, separable lean and fat, trimmed to 1/8"" fat, cooked, roasted",20,Bone
172580,17296,"Lamb, Australian, imported, fresh, leg, shank half, separable lean only, trimmed to 1/8"" fat, raw",28,"Bone 17%, separable fat 11%"
174405,17297,"Lamb, Australian, imported, fresh, leg, shank half, separable lean only, trimmed to 1/8"" fat, cooked, roasted",29,"Bone 20%, separable fat 9%"
174406,17298,"Lamb, Australian, imported, fresh, leg, sirloin half, boneless, separable lean and fat, trimmed to 1/8"" fat, raw",2,Connective tissue
174407,17299,"Lamb, Australian, imported, fresh, leg, sirloin half, boneless, separable lean and fat, trimmed to 1/8"" fat, cooked, roasted",2,Connective tissue
174408,17300,"Lamb, Australian, imported, fresh, leg, sirloin half, boneless, separable lean only, trimmed to 1/8"" fat, raw",24,"Connective tissue 2%, separable fat 22%"
172581,17301,"Lamb, Australian, imported, fresh, leg, sirloin half, boneless, separable lean only, trimmed to 1/8"" fat, cooked, roasted",17,"Connective tissue 2%, separable fat 15%"
172582,17302,"Lamb, Australian, imported, fresh, leg, sirloin chops, boneless, separable lean and fat, trimmed to 1/8"" fat, raw",2,Connective tissue
172583,17303,"Lamb, Australian, imported, fresh, leg, sirloin chops, boneless, separable lean and fat, trimmed to 1/8"" fat, cooked, broiled",1,Connective tissue
172584,17304,"Lamb, Australian, imported, fresh, leg, sirloin chops, boneless, separable lean only, trimmed to 1/8"" fat, raw",17,"Connective tissue 2%, separable fat 15%"
174409,17305,"Lamb, Australian, imported, fresh, leg, sirloin chops, boneless, separable lean only, trimmed to 1/8"" fat, cooked, broiled",11,"Connective tissue 1%, separable fat 10%"
174410,17306,"Lamb, Australian, imported, fresh, leg, center slice, bone-in, separable lean and fat, trimmed to 1/8"" fat, raw",6,Bone
174411,17307,"Lamb, Australian, imported, fresh, leg, center slice, bone-in, separable lean and fat, trimmed to 1/8"" fat, cooked, broiled",7,Bone
174412,17308,"Lamb, Australian, imported, fresh, leg, center slice, bone-in, separable lean only, trimmed to 1/8"" fat, raw",16,"Bone 6%, separable fat 10%"
172585,17309,"Lamb, Australian, imported, fresh, leg, center slice, bone-in, separable lean only, trimmed to 1/8"" fat, cooked, broiled",14,"Bone 7%, separable fat 7%"
172586,17310,"Lamb, Australian, imported, fresh, loin, separable lean and fat, trimmed to 1/8"" fat, raw",28,Bone
172587,17311,"Lamb, Australian, imported, fresh, loin, separable lean and fat, trimmed to 1/8"" fat, cooked, broiled",26,Bone
172588,17312,"Lamb, Australian, imported, fresh, loin, separable lean only, trimmed to 1/8"" fat, raw",36,"Bone 28%, separable fat 8%"
174413,17313,"Lamb, Australian, imported, fresh, loin, separable lean only, trimmed to 1/8"" fat, cooked, broiled",31,"Bone 26%, separable fat 5%"
174414,17314,"Lamb, Australian, imported, fresh, rib chop/rack roast, frenched, bone-in, separable lean and fat, trimmed to 1/8"" fat, raw",25,Bone and connective tissue 25%
174415,17315,"Lamb, Australian, imported, fresh, rib chop, frenched, bone-in, separable lean and fat, trimmed to 1/8"" fat, cooked, grilled",29,Bone and connective tissue 29%
174416,17316,"Lamb, Australian, imported, fresh, rib chop/rack roast, frenched, bone-in, separable lean only, trimmed to 1/8"" fat, raw",45,"Bone and connective tissue 25%, separable fat 20%"
172589,17317,"Lamb, Australian, imported, fresh, rib chop, frenched, bone-in, separable lean only, trimmed to 1/8"" fat, cooked, grilled",45,"Bone and connective tissue 29%, separable fat 16%"
172590,17318,"Lamb, Australian, imported, fresh, shoulder, whole (arm and blade), separable lean and fat, trimmed to 1/8"" fat, raw",22,Bone
172591,17319,"Lamb, Australian, imported, fresh, shoulder, whole (arm and blade), separable lean and fat, trimmed to 1/8"" fat, cooked",22,Bone
172592,17320,"Lamb, Australian, imported, fresh, shoulder, whole (arm and blade), separable lean only,   trimmed to 1/8"" fat, raw",38,"Bone 22%, separable fat 16%"
172593,17321,"Lamb, Australian, imported, fresh, shoulder, whole (arm and blade), separable lean only, trimmed to 1/8"" fat, cooked",34,"Bone 22%, separable fat 12%"
174417,17322,"Lamb, Australian, imported, fresh, shoulder, arm, separable lean and fat, trimmed to 1/8"" fat, raw",9,Bone
174418,17323,"Lamb, Australian, imported, fresh, shoulder, arm, separable lean and fat, trimmed to 1/8"" fat, cooked, braised",13,Bone
174419,17324,"Lamb, Australian, imported, fresh, shoulder, arm, separable lean only, trimmed to 1/8"" fat, raw",28,"Bone 9%, separable fat 19%"
174420,17325,"Lamb, Australian, imported, fresh, shoulder, arm, separable lean only,   trimmed to 1/8"" fat, cooked, braised",29,"Bone 13%, separable fat 16%"
172594,17326,"Lamb, Australian, imported, fresh, shoulder, blade, separable lean and fat, trimmed to 1/8"" fat, raw",28,Bone
172595,17327,"Lamb, Australian, imported, fresh, shoulder, blade, separable lean and fat, trimmed to 1/8"" fat, cooked, broiled",25,Bone
172596,17328,"Lamb, Australian, imported, fresh, shoulder, blade, separable lean only, trimmed to 1/8"" fat, raw",43,"Bone 28%, separable fat 15%"
172597,17329,"Lamb, Australian, imported, fresh, shoulder ,blade, separable lean only, trimmed to 1/8"" fat, cooked, broiled",36,"Bone 25%, separable fat 11%"
174421,17330,"Game meat , bison, ground, raw",0,
174422,17331,"Game meat, bison, ground, cooked, pan-broiled",0,
174423,17332,"Game meat , bison, top sirloin, separable lean only, 1"" steak, cooked, broiled",8,"Connective tissue, 4%, separable fat, 4%"
174424,17333,"Game meat, bison, chuck, shoulder clod, separable lean only, cooked, braised",11,"Connective tissue, 8%, separable fat, 3%"
172598,17334,"Game meat, bison, chuck, shoulder clod, separable lean only, raw",12,"Connective tissue, 8%, separable fat, 4%"
172599,17335,"Game meat, bison, ribeye, separable lean only, 1"" steak, cooked, broiled",14,"Connective tissue, 9%, separable fat, 5%"
172600,17336,"Game meat, bison, top round, separable lean only, 1"" steak, cooked, broiled",4,"Connective tissue, 3.5%, separable fat, 0.72%"
172601,17337,"Game meat, bison, top round, separable lean only, 1"" steak, raw",5,"Connective tissue, 3%, separable fat, 2%"
174425,17338,"Game meat, elk, ground, raw",0,
174426,17339,"Game meat, elk, ground, cooked, pan-broiled",0,
174427,17340,"Game meat, elk, loin, separable lean only, cooked, broiled",6,"Connective tissue, 2%, separable fat, 4%"
174428,17341,"Game meat, elk, round, separable lean only, cooked, broiled",5,"Connective tissue, 4%, separable fat, 1%"
174429,17342,"Game meat, elk, tenderloin, separable lean only, cooked, broiled",4,"Connective tissue, 3%, separable fat, 1%"
172602,17343,"Game meat, deer, ground, raw",0,
172603,17344,"Game meat, deer, ground, cooked, pan-broiled",0,
172604,17345,"Game meat, deer, loin, separable lean only, 1"" steak, cooked, broiled",0,
172605,17346,"Game meat, deer, shoulder clod, separable lean only, cooked, braised",0,
174430,17347,"Game meat, deer, tenderloin, separable lean only, cooked, broiled",0,
174431,17348,"Game meat, deer, top round, separable lean only, 1"" steak, cooked, broiled",0,
174432,17349,"Veal, Australian, shank, fore, bone-in, separable lean only, raw",42,"Bone and connective tissue 39%, separable fat 3%"
174433,17350,"Veal, Australian, shank, fore, bone-in, separable lean and fat, raw",39,Bone and connective tissue 39%
172606,17351,"Veal, Australian, shank, hind, bone-in, separable lean only, raw",35,"Bone and connective tissue 31%, separable fat 4%"
172607,17352,"Veal, Australian, shank, hind, bone-in, separable lean and fat, raw",31,Bone and connective tissue 31%
172608,17353,"Lamb, Australian, ground,  85% lean / 15% fat, raw",0,
172609,17354,"Lamb, New Zealand, imported, Intermuscular fat, cooked",0,
174434,17355,"Lamb, New Zealand, imported, Intermuscular fat, raw",0,
174435,17356,"Lamb, New Zealand, imported, subcutaneous fat, raw",0,
174436,17357,"Lamb, New Zealand, imported, brains, cooked, soaked and fried",0,
174437,17358,"Lamb, New Zealand, imported, brains, raw",2,Connective tissue 2%
172610,17359,"Lamb, New Zealand, imported, breast, separable lean only, cooked, braised",65,Bone and connective tissue 28% Separable fat 37%
172611,17360,"Lamb, New Zealand, imported, breast, separable lean only, raw",65,Bone and connective tissue 26% Separable fat 39%
172612,17361,"Lamb, New Zealand, imported, chump, boneless, separable lean only, cooked, fast roasted",21,Separable fat 21%
172613,17362,"Lamb, New Zealand, imported, subcutaneous fat, cooked",0,
174438,17363,"Lamb, New Zealand, imported, chump, boneless, separable lean only, raw",23,Connective tissue 1% Separable fat 22%
174439,17364,"Lamb, New Zealand, imported, kidney, cooked, soaked and fried",5,Connective tissue 5%
174440,17365,"Lamb, New Zealand, imported, flap, boneless, separable lean only, cooked, braised",35,Connective tissue 1% Separable fat 34%
174441,17366,"Lamb, New Zealand, imported, flap, boneless, separable lean only, raw",32,Separable fat 32%
174442,17367,"Lamb, New Zealand, imported, kidney, raw",4,Connectiv tissue 4%
172614,17368,"Lamb, New Zealand, imported, liver, cooked, soaked and fried",1,Connective tissue 1%
172615,17369,"Lamb, New Zealand, imported, liver, raw",0,
172616,17370,"Lamb, New Zealand, imported, ground lamb, cooked, braised",,
172617,17371,"Lamb, New Zealand, imported, ground lamb, raw",,
174443,17372,"Lamb, New Zealand, imported, heart, cooked, soaked and simmered",28,Connective tissue 11% Separable fat 17%
174444,17373,"Lamb, New Zealand, imported, heart, raw",24,Connective tissue 10% Separable fat 14%
174445,17374,"Lamb, New Zealand, imported, sweetbread, cooked, soaked and simmered",3,Separable fat 3%
174446,17375,"Lamb, New Zealand, imported, sweetbread, raw",3,Separable fat 3%
172618,17376,"Lamb, New Zealand, imported, testes, cooked, soaked and fried",25,Connective tissue 25%
172619,17377,"Lamb, New Zealand, imported, testes, raw",17,Connective tissue 17%
172620,17378,"Lamb, New Zealand, imported, tongue - swiss cut, cooked, soaked and simmered",18,Connective tissue 12% Separable fat 6%
172621,17379,"Lamb, New Zealand, imported, tongue - swiss cut, raw",26,Connective tissue 18% Separable fat 8%
174447,17380,"Lamb, New Zealand, imported, tunnel-boned leg, chump off, shank off, separable lean only, cooked, slow roasted",10,Separable fat 10%
174448,17381,"Lamb, New Zealand, imported, tunnel-boned leg, chump off, shank off, separable lean only, raw",15,Separable fat 15%
174449,17382,"Lamb, New Zealand, imported, square-cut shoulder chops, separable lean only, cooked, braised",39,Bone and connective tissue 26% Separable fat 13%
174450,17383,"Lamb, New Zealand, imported, square-cut shoulder chops, separable lean only, raw",40,Bone and connective tissue 23% Separable fat 17%
172622,17384,"Lamb, New Zealand, imported, tenderloin, separable lean only, cooked, fast fried",0,
172623,17385,"Lamb, New Zealand, imported, tenderloin, separable lean only, raw",1,Separable fat 1%
172624,17386,"Lamb, New Zealand, imported, loin saddle, separable lean only, cooked, fast roasted",42,Bone and connective tissue 25% Separable fat 17%
172625,17387,"Lamb, New Zealand, imported, loin saddle, separable lean only, raw",43,Bone and connective tissue 24% Separable fat 19%
174451,17388,"Lamb, New Zealand, imported, loin, boneless, separable lean only, cooked, fast roasted",0,
174452,17389,"Lamb, New Zealand, imported, loin, boneless, separable lean only, raw",0,
174453,17390,"Lamb, New Zealand, imported, hind-shank, separable lean only, cooked, braised",41,Bone and connective tissue 34% Separable fat 7%
174454,17391,"Lamb, New Zealand, imported, hind-shank, separable lean only, raw",37,Bone and connective tissue 28% Separable fat 9%
174455,17392,"Lamb, New Zealand, imported, neck chops, separable lean only, raw",42,Bone and connective tissue 32% Separable fat 10%
172626,17393,"Lamb, New Zealand, imported, neck chops, separable lean only, cooked, braised",42,Bone and connective tissue 34% Separable fat 8%
172627,17394,"Lamb, New Zealand, imported, netted shoulder, rolled, boneless, separable lean only, cooked, slow roasted",23,Connective tissue 3% Separable fat 20%
172628,17395,"Lamb, New Zealand, imported, netted shoulder, rolled, boneless, separable lean only, raw",23,Connective tissue 3% Separable fat 20%
172629,17396,"Lamb, New Zealand, imported, rack - fully frenched, separable lean only, cooked, fast roasted",29,Bone and connective tissue 25% Separable fat 4%
174456,17397,"Lamb, New Zealand, imported, rack - fully frenched, separable lean only, raw",30,Bone and connective tissue 27% Separable fat 3%
174457,17398,"Lamb, New Zealand, imported, loin chop, separable lean only, cooked, fast fried",44,Bone and connective tissue 22% Separable fat 22%
174458,17399,"Lamb, New Zealand, imported, square-cut shoulder, separable lean only, cooked, slow roasted",45,Bone and connective tissue 27% Separable fat 18%
174459,17400,"Lamb, New Zealand, imported, leg chop/steak, bone-in, separable lean only, cooked, fast fried",21,Bone and connective tissue 12% Separable fat 9%
172630,17401,"Lamb, New Zealand, imported, flap, boneless, separable lean and fat, cooked, braised",1,Connective tissue 1%
172631,17402,"Lamb, New Zealand, imported, flap, boneless, separable lean and fat, raw",0,
172632,17403,"Lamb, New Zealand, imported, hind-shank, separable lean and fat, cooked, braised",34,Bone and connective tissue 34%
172633,17404,"Lamb, New Zealand, imported, hind-shank, separable lean and fat, raw",29,Bone and connective tissue 29%
174460,17405,"Lamb, New Zealand, imported, leg chop/steak, bone-in, separable lean and fat, cooked, fast fried",12,Bone and connective tissue 12%
174461,17406,"Lamb, New Zealand, imported, loin chop, separable lean and fat, cooked, fast fried",22,Bone and connective tissue 22%
174462,17407,"Lamb, New Zealand, imported, loin saddle, separable lean and fat, cooked, fast roasted",25,Bone and connective tissue 25%
174463,17408,"Lamb, New Zealand, imported, loin saddle, separable lean and fat, raw",24,Bone and connective tissue 24%
172634,17409,"Lamb, New Zealand, imported, loin, boneless, separable lean and fat, cooked, fast roasted",0,
172635,17410,"Lamb, New Zealand, imported, loin, boneless, separable lean and fat, raw",0,
172636,17411,"Lamb, New Zealand, imported, neck chops, separable lean and fat, cooked, braised",34,Bone and connective tissue 34%
172637,17412,"Lamb, New Zealand, imported, neck chops, separable lean and fat, raw",32,Bone and connective tissue 32%
172638,17413,"Lamb, New Zealand, imported, netted shoulder, rolled, boneless, separable lean and fat, cooked, slow roasted",2,Connective tissue 2%
174464,17414,"Lamb, New Zealand, imported, netted shoulder, rolled, boneless, separable lean and fat, raw",2,Connective tissue 2%
174874,17415,"Lamb, New Zealand, imported, square-cut shoulder chops, separable lean and fat, cooked, braised",26,Bone and connective tissue26
174875,17416,"Lamb, New Zealand, imported, square-cut shoulder chops, separable lean and fat, raw",23,Bone and connective tissue 23%
174876,17417,"Lamb, New Zealand, imported, square-cut shoulder, separable lean and fat, cooked, slow roasted",27,Bone and connective tissue 27%
172639,17418,"Lamb, New Zealand, imported, tenderloin, separable lean and fat, cooked, fast fried",0,
172640,17419,"Lamb, New Zealand, imported, rack - fully frenched, separable lean and fat, cooked, fast roasted",25,Bone and connective tissue 25%
172641,17420,"Lamb, New Zealand, imported, rack - fully frenched, separable lean and fat, raw",26,Bone and connective tissue 26%
172642,17421,"Lamb, New Zealand, imported, tunnel-boned leg, chump off, shank off, separable lean and fat, cooked, slow roasted",0,
174877,17422,"Lamb, New Zealand, imported, tunnel-boned leg, chump off, shank off, separable lean and fat, raw",0,
174878,17423,"Lamb, New Zealand, imported, tenderloin, separable lean and fat, raw",0,
174879,17424,"Veal, ground, cooked, pan-fried",,
174880,17425,"Veal, leg, top round, cap off, cutlet, boneless, cooked, grilled",0,
172643,17426,"Veal, leg, top round, cap off, cutlet, boneless, raw",0,
172644,17427,"Veal, loin, chop, separable lean only, cooked, grilled",38,"Bone and connective tissue 30%, separable fat 8%"
172645,17428,"Veal, shank, separable lean only, raw",51,"Bone and connective tissue 48%, separable fat 3%"
172646,17429,"Veal, foreshank, osso buco, separable lean only, cooked, braised",51,"Bone and connective tissue 47%, separable fat 4%"
174881,17430,"Veal, shoulder, blade chop, separable lean only, cooked, grilled",33,"Bone and connective tissue 25%, separable fat 8%"
174882,17431,"Veal, external fat only, raw",,
174883,17432,"Veal, external fat only, cooked",,
174884,17433,"Veal, seam fat only, raw",,
172647,17434,"Veal, seam fat only, cooked",,
172648,17435,"Veal, shank, separable lean and fat, raw",49,Bone and connective tissue 49%
172649,17436,"Veal, foreshank, osso buco, separable lean and fat, cooked, braised",47,Bone and connective tissue 47%
172650,17437,"Veal, loin, chop, separable lean and fat, cooked, grilled",30,Bone and connective tissue 30%
172651,17438,"Veal, shoulder, blade chop, separable lean and fat, cooked, grilled",25,Bone and connective tissue 25%
174885,17439,"Lamb, Australian, imported, fresh, leg, bottom, boneless, separable lean only, trimmed to 1/8"" fat, cooked, roasted",14,"Connective tissue 7%, Separable fat 7%"
174886,17440,"Lamb, Australian, imported, fresh, leg, hindshank, heel on, bone-in, separable lean only, trimmed to 1/8"" fat, cooked, braised",54,"Separable fat 4%, Bone and connective tissue 50%"
174887,17441,"Lamb, Australian, imported, fresh, leg, hindshank, heel on, bone-in, separable lean only, trimmed to 1/8"" fat, raw",52,"Bone and connective tissue 40%, Separable fat 12%"
174888,17442,"Lamb, Australian, imported, fresh, tenderloin, boneless, separable lean only, trimmed to 1/8"" fat, cooked, roasted",1,Separable fat 1%
172652,17443,"Lamb, Australian, imported, fresh, tenderloin, boneless, separable lean only, trimmed to 1/8"" fat, raw",3,"Connective tissue 1%, Separable fat 2%"
172653,17444,"Lamb, Australian, imported, fresh, leg, bottom, boneless, separable lean only, trimmed to 1/8"" fat, raw",19,"Connective tissue 5%, Separable fat 14%"
172654,17445,"Lamb, Australian, imported, fresh, leg, trotter off, bone-in, separable lean only, trimmed to 1/8"" fat, cooked, roasted",35,"Bone and connective tissue 29%, Separable fat 6%"
172655,17446,"Lamb, Australian, imported, fresh, leg, trotter off, bone-in, separable lean only, trimmed to 1/8"" fat, raw",31,"Bone and connective tissue 21%, Separable fat 10%"
174889,17447,"Lamb, Australian, imported, fresh, rack, roast, frenched, denuded, bone-in, separable lean only, trimmed to 0"" fat, cooked, roasted",39,"Bone and connective tissue 28%, Separable fat 11%"
174890,17448,"Lamb, Australian, imported, fresh, rack, roast, frenched, bone-in, separable lean only, trimmed to 1/8"" fat, cooked, roasted",47,"Bone and connective tissue 37%, Separable fat 10%"
174891,17449,"Lamb, Australian, imported, fresh, external fat, cooked",0,
174892,17450,"Lamb, Australian, imported, fresh, external fat, raw",0,
172656,17451,"Lamb, Australian, imported, fresh, seam fat, cooked",0,
172657,17452,"Lamb, Australian, imported, fresh, seam fat, raw",0,
172658,17453,"Lamb, Australian, imported, fresh, leg, bottom, boneless, separable lean and fat, trimmed to 1/8"" fat, cooked, roasted",7,Connective tissue 7%
172659,17454,"Lamb, Australian, imported, fresh, leg, bottom, boneless, separable lean and fat, trimmed to 1/8"" fat, raw",5,Connective tissue 5%
174893,17455,"Lamb, Australian, imported, fresh, leg, hindshank, heel on, bone-in, separable lean and fat, trimmed to 1/8"" fat, cooked, braised",50,Bone and connective tissue 50%
174894,17456,"Lamb, Australian, imported, fresh, leg, hindshank, heel on, bone-in, separable lean and fat, trimmed to 1/8"" fat, raw",40,Bone and connective tissue 40%
174895,17457,"Lamb, Australian, imported, fresh, leg, trotter off, bone-in, separable lean and fat, trimmed to 1/8"" fat, cooked, roasted",29,Bone and connective tissue 29%
174896,17458,"Lamb, Australian, imported, fresh, leg, trotter off, bone-in, separable lean and fat, trimmed to 1/8"" fat, raw",21,Bone and connective tissue 21%
174897,17459,"Lamb, Australian, imported, fresh, tenderloin, boneless, separable lean and fat, trimmed to 1/8"" fat, cooked, roasted",0,
172660,17460,"Lamb, Australian, imported, fresh, tenderloin, boneless, separable lean and fat, trimmed to 1/8"" fat, raw",1,Connective tissue 1%
172661,17461,"Lamb, Australian, imported, fresh, rib chop, frenched, denuded, bone-in, separable lean only, trimmed to 0"" fat, cooked, grilled",44,"Bone and connective tissue 36%, Separable fat 8%"
172662,17462,"Lamb, Australian, imported, fresh, rack, roast, frenched, denuded, bone-in, separable lean and fat, trimmed to 0"" fat, cooked, roasted",28,Bone and connective tissue 28%
172663,17463,"Lamb, Australian, imported, fresh, rack, roast, frenched, bone-in, separable lean and fat, trimmed to 1/8"" fat, cooked, roasted",37,Bone and connective tissue 37%
174898,17464,"Lamb, Australian, imported, fresh, rib chop, frenched, denuded, bone-in, separable lean and fat, trimmed to 0"" fat, cooked, grilled",36,Bone and connective tissue 36%
174899,18001,"Bagels, plain, enriched, with calcium propionate (includes onion, poppy, sesame)",0,
174900,18002,"Bagels, plain, enriched, with calcium propionate (includes onion, poppy, sesame), toasted",0,
174901,18003,"Bagels, egg",0,
172664,18005,"Bagels, cinnamon-raisin",0,
172665,18006,"Bagels, cinnamon-raisin, toasted",0,
172666,18007,"Bagels, oat bran",0,
172667,18009,"Biscuits, plain or buttermilk, frozen, baked",0,
174902,18010,"Biscuits, plain or buttermilk, dry mix",0,
174903,18011,"Biscuits, plain or buttermilk, dry mix, prepared",0,
174904,18012,"Biscuits, plain or buttermilk, refrigerated dough, lower fat",0,
174905,18013,"Biscuits, plain or buttermilk, refrigerated dough, lower fat, baked",0,
172668,18014,"Biscuits, plain or buttermilk, refrigerated dough, higher fat",0,
172669,18015,"Biscuits, plain or buttermilk, refrigerated dough, higher fat, baked",0,
172670,18016,"Biscuits, plain or buttermilk, prepared from recipe",0,
172671,18017,"Biscuits, mixed grain, refrigerated dough",0,
174906,18019,"Bread, banana, prepared from recipe, made with margarine",0,
174907,18021,"Bread, boston brown, canned",0,
174908,18022,"Bread, cornbread, dry mix, enriched (includes corn muffin mix)",0,
174909,18023,"Bread, cornbread, dry mix, prepared with 2% milk, 80% margarine, and eggs",0,
174910,18024,"Bread, cornbread, prepared from recipe, made with low fat (2%) milk",0,
172672,18025,"Bread, cracked-wheat",0,
172673,18027,"Bread, egg",0,
172674,18028,"Bread, egg, toasted",0,
172675,18029,"Bread, french or vienna (includes sourdough)",0,
174911,18030,"Bread, french or vienna, toasted (includes sourdough)",0,
174912,18032,"Bread, irish soda, prepared from recipe",0,
174913,18033,"Bread, Italian",0,
174914,18036,"Bread, multi-grain, toasted (includes whole-grain)",0,
172676,18037,"Bread, oat bran",0,
172677,18038,"Bread, oat bran, toasted",0,
172678,18039,"Bread, oatmeal",0,
172679,18040,"Bread, oatmeal, toasted",0,
174915,18041,"Bread, pita, white, enriched",0,
174916,18042,"Bread, pita, whole-wheat",0,
174917,18043,"Bread, protein (includes gluten)",0,
174918,18044,"Bread, pumpernickel",0,
172680,18047,"Bread, raisin, enriched",0,
172681,18048,"Bread, raisin, enriched, toasted",0,
172682,18049,"Bread, reduced-calorie, oat bran",0,
172683,18050,"Bread, reduced-calorie, oat bran, toasted",0,
174919,18051,"Bread, reduced-calorie, oatmeal",0,
174920,18053,"Bread, reduced-calorie, rye",0,
174921,18055,"Bread, reduced-calorie, wheat",0,
174922,18057,"Bread, reduced-calorie, white",0,
174923,18059,"Bread, rice bran",0,
172684,18060,"Bread, rye",0,
172685,18061,"Bread, rye, toasted",0,
172686,18064,"Bread, wheat",0,
172687,18065,"Bread, wheat, toasted",0,
174924,18069,"Bread, white, commercially prepared (includes soft bread crumbs)",0,
174925,18070,"Bread, white, commercially prepared, toasted",0,
174926,18071,"Bread, white, prepared from recipe, made with nonfat dry milk",0,
174927,18073,"Bread, white, prepared from recipe, made with low fat (2%) milk",0,
172688,18075,"Bread, whole-wheat, commercially prepared",0,
172689,18076,"Bread, whole-wheat, commercially prepared, toasted",0,
172690,18077,"Bread, whole-wheat, prepared from recipe",0,
172691,18078,"Bread, whole-wheat, prepared from recipe, toasted",0,
174928,18079,"Bread, crumbs, dry, grated, plain",0,
174929,18080,"Bread, sticks, plain",0,
174930,18081,"Bread, stuffing, dry mix",0,
174931,18082,"Bread, stuffing, dry mix, prepared",0,
172692,18084,"Bread, stuffing, cornbread, dry mix",0,
172693,18085,"Bread, stuffing, cornbread, dry mix, prepared",0,
172694,18086,"Cake, angelfood, commercially prepared",0,
172695,18088,"Cake, angelfood, dry mix, prepared",0,
172696,18090,"Cake, boston cream pie, commercially prepared",0,
174932,18092,"Cake, pudding-type, carrot, dry mix",0,
174933,18095,"Cake, cherry fudge with chocolate frosting",0,
174934,18096,"Cake, chocolate, commercially prepared with chocolate frosting, in-store bakery",0,
174935,18097,"Cake, pudding-type, chocolate, dry mix",0,
172697,18101,"Cake, chocolate, prepared from recipe without frosting",0,
172698,18102,"Cake, white, prepared from recipe with coconut frosting",0,
172699,18103,"Cake, coffeecake, cheese",0,
172700,18104,"Cake, coffeecake, cinnamon with crumb topping, commercially prepared, enriched",0,
174936,18105,"Cake, coffeecake, creme-filled with chocolate frosting",0,
174937,18106,"Cake, coffeecake, fruit",0,
174938,18108,"Cake, coffeecake, cinnamon with crumb topping, dry mix, prepared",0,
174939,18110,"Cake, fruitcake, commercially prepared",0,
172701,18114,"Cake, gingerbread, dry mix",0,
172702,18116,"Cake, gingerbread, prepared from recipe",0,
172703,18119,"Cake, pineapple upside-down, prepared from recipe",0,
172704,18120,"Cake, pound, commercially prepared, butter (includes fresh and frozen)",0,
174940,18121,"Cake, pound, commercially prepared, other than all butter, enriched",0,
174941,18126,"Cake, shortcake, biscuit-type, prepared from recipe",0,
174942,18127,"Cake, snack cakes, creme-filled, chocolate with frosting",0,
174943,18128,"Cake, snack cakes, creme-filled, sponge",0,
172705,18131,"Cake, white, dry mix, special dietary (includes lemon-flavored)",0,
172706,18133,"Cake, sponge, commercially prepared",0,
172707,18134,"Cake, sponge, prepared from recipe",0,
172708,18135,"Cake, pudding-type, white, enriched, dry mix",0,
172709,18139,"Cake, white, prepared from recipe without frosting",0,
174944,18140,"Cake, yellow, commercially prepared, with chocolate frosting, in-store bakery",0,
174945,18141,"Cake, yellow, commercially prepared, with vanilla frosting",0,
174946,18142,"Cake, pudding-type, yellow, dry mix",0,
174947,18144,"Cake, yellow, enriched, dry mix",0,
172710,18146,"Cake, yellow, prepared from recipe without frosting",0,
172711,18147,"Cake, cheesecake, commercially prepared",0,
172712,18148,"Cake, cheesecake, prepared from mix, no-bake type",0,
172713,18151,"Cookies, brownies, commercially prepared",0,
174948,18152,"Cookies, brownies, dry mix, regular",0,
174949,18154,"Cookies, brownies, prepared from recipe",0,
174950,18155,"Cookies, butter, commercially prepared, enriched",0,
174951,18156,"Cookies, fudge, cake-type (includes trolley cakes)",0,
172714,18157,"Cookies, chocolate wafers",0,
172715,18158,"Cookies, chocolate chip, commercially prepared, regular, lower fat",0,
172716,18159,"Cookies, chocolate chip, commercially prepared, regular, higher fat, enriched",0,
172717,18160,"Cookies, chocolate chip, commercially prepared, soft-type",0,
174952,18161,"Cookies, chocolate chip, dry mix",0,
174953,18163,"Cookies, chocolate chip, refrigerated dough",0,
174954,18164,"Cookies, chocolate chip, refrigerated dough, baked",0,
174955,18165,"Cookies, chocolate chip, prepared from recipe, made with margarine",0,
172718,18166,"Cookies, chocolate sandwich, with creme filling, regular",0,
172719,18167,"Cookies, chocolate sandwich, with creme filling, regular, chocolate-coated",0,
172720,18168,"Cookies, chocolate sandwich, with extra creme filling",0,
172721,18170,"Cookies, fig bars",0,
172722,18171,"Cookies, fortune",0,
174956,18172,"Cookies, gingersnaps",0,
174957,18173,"Cookies, graham crackers, plain or honey (includes cinnamon)",0,
174958,18174,"Cookies, graham crackers, chocolate-coated",0,
174959,18175,"Cookies, ladyfingers, with lemon juice and rind",0,
172723,18176,"Cookies, marshmallow, chocolate-coated (includes marshmallow pies)",0,
172724,18177,"Cookies, molasses",0,
172725,18178,"Cookies, oatmeal, commercially prepared, regular",0,
172726,18179,"Cookies, oatmeal, commercially prepared, soft-type",0,
174960,18180,"Cookies, oatmeal, dry mix",0,
174961,18182,"Cookies, oatmeal, refrigerated dough",0,
174962,18183,"Cookies, oatmeal, refrigerated dough, baked",0,
174963,18184,"Cookies, oatmeal, with raisins",0,
172727,18185,"Cookies, peanut butter, commercially prepared, regular",0,
172728,18186,"Cookies, peanut butter, commercially prepared, soft-type",0,
172729,18187,"Cookies, peanut butter, refrigerated dough",0,
172730,18188,"Cookies, peanut butter, refrigerated dough, baked",0,
174964,18189,"Cookies, peanut butter, prepared from recipe",0,
174965,18190,"Cookies, peanut butter sandwich, regular",0,
174966,18191,"Cookies, raisin, soft-type",0,
174967,18192,"Cookies, shortbread, commercially prepared, plain",0,
174968,18193,"Cookies, shortbread, commercially prepared, pecan",0,
172731,18196,"Cookies, brownies, dry mix, sugar free",0,
172732,18198,"Cookies, chocolate chip, commercially prepared, special dietary",0,
172733,18199,"Cookies, chocolate sandwich, with creme filling, special dietary",0,
172734,18200,"Cookies, oatmeal, commercially prepared, special dietary",0,
174969,18201,"Cookies, peanut butter sandwich, special dietary",0,
174970,18202,"Cookies, sugar wafer, with creme filling, sugar free",0,
174971,18204,"Cookies, sugar, commercially prepared, regular (includes vanilla)",0,
174972,18205,"Cookies, sugar, refrigerated dough",0,
172735,18206,"Cookies, sugar, refrigerated dough, baked",0,
172736,18209,"Cookies, sugar wafers with creme filling, regular",0,
172737,18210,"Cookies, vanilla sandwich with creme filling",0,
172738,18211,"Puff pastry, frozen, ready-to-bake, baked",0,
174973,18212,"Cookies, vanilla wafers, lower fat",0,
174974,18213,"Cookies, vanilla wafers, higher fat",0,
174975,18214,"Crackers, cheese, regular",0,
174976,18215,"Crackers, cheese, sandwich-type with peanut butter filling",0,
172739,18216,"Crackers, crispbread, rye",0,
172740,18217,"Crackers, matzo, plain",0,
172741,18218,"Crackers, matzo, egg",0,
172742,18219,"Crackers, matzo, whole-wheat",0,
174977,18220,"Crackers, melba toast, plain",0,
174978,18221,"Crackers, melba toast, rye (includes pumpernickel)",0,
174979,18222,"Crackers, melba toast, wheat",0,
174980,18223,"Crackers, milk",0,
174981,18224,"Crackers, rusk toast",0,
172743,18225,"Crackers, rye, sandwich-type with cheese filling",0,
172744,18226,"Crackers, rye, wafers, plain",0,
172745,18227,"Crackers, rye, wafers, seasoned",0,
172746,18228,"Crackers, saltines (includes oyster, soda, soup)",0,
174982,18229,"Crackers, standard snack-type, regular",0,
174983,18230,"Crackers, standard snack-type, sandwich, with cheese filling",0,
174984,18231,"Crackers, standard snack-type, sandwich, with peanut butter filling",0,
174985,18232,"Crackers, wheat, regular",0,
172747,18233,"Crackers, wheat, sandwich, with cheese filling",0,
172748,18234,"Crackers, wheat, sandwich, with peanut butter filling",0,
172749,18235,"Crackers, whole-wheat",0,
172750,18236,"Cracker, meal",0,
174986,18237,"Cream puff shell, prepared from recipe",0,
174987,18239,"Croissants, butter",0,
174988,18240,"Croissants, apple",0,
174989,18241,"Croissants, cheese",0,
172751,18242,"Croutons, plain",0,
172752,18243,"Croutons, seasoned",0,
172753,18244,"Danish pastry, cinnamon, enriched",0,
172754,18245,"Danish pastry, cheese",0,
172755,18246,"Danish pastry, fruit, enriched (includes apple, cinnamon, raisin, lemon, raspberry, strawberry)",0,
174990,18248,"Doughnuts, cake-type, plain (includes unsugared, old-fashioned)",0,
174991,18249,"Doughnuts, cake-type, plain, chocolate-coated or frosted",0,
174992,18250,"Doughnuts, cake-type, plain, sugared or glazed",0,
174993,18251,"Doughnuts, cake-type, chocolate, sugared or glazed",0,
172756,18253,"Doughnuts, french crullers, glazed",0,
172757,18254,"Doughnuts, yeast-leavened, with creme filling",0,
172758,18255,"Doughnuts, yeast-leavened, glazed, enriched (includes honey buns)",0,
172759,18256,"Doughnuts, yeast-leavened, with jelly filling",0,
174994,18258,"Muffins, English, plain, enriched, with ca prop (includes sourdough)",0,
174995,18259,"Muffins, English, plain, toasted, enriched, with calcium propionate (includes sourdough)",0,
174996,18260,"Muffins, English, mixed-grain (includes granola)",0,
174997,18262,"Muffins, English, raisin-cinnamon (includes apple-cinnamon)",0,
172760,18263,"Muffins, English, raisin-cinnamon, toasted (includes apple-cinnamon)",0,
172761,18264,"Muffins, English, wheat",0,
172762,18266,"Muffins, English, whole-wheat",0,
172763,18268,"French toast, frozen, ready-to-heat",0,
174998,18269,"French toast, prepared from recipe, made with low fat (2%) milk",0,
174999,18270,"Hush puppies, prepared from recipe",0,
175000,18271,"Ice cream cones, cake or wafer-type",0,
175001,18272,"Ice cream cones, sugar, rolled-type",0,
172764,18273,"Muffins, plain, prepared from recipe, made with low fat (2%) milk",0,
172765,18274,"Muffins, blueberry, commercially prepared (Includes mini-muffins)",0,
172766,18275,"Muffins, blueberry, dry mix",0,
172767,18277,"Muffins, blueberry, toaster-type",0,
172768,18278,"Muffins, blueberry, prepared from recipe, made with low fat (2%) milk",0,
175002,18279,"Muffins, corn, commercially prepared",0,
175003,18280,"Muffins, corn, dry mix, prepared",0,
175004,18281,"Muffins, corn, toaster-type",0,
175005,18282,"Muffins, corn, prepared from recipe, made with low fat (2%) milk",0,
172769,18283,"Muffins, oat bran",0,
172770,18284,"Muffins, wheat bran, dry mix",0,
172771,18288,"Pancakes plain, frozen, ready-to-heat (includes buttermilk)",0,
172772,18289,"Pancakes, plain, dry mix, complete (includes buttermilk)",0,
175006,18290,"Pancakes, plain, dry mix, complete, prepared",0,
175007,18291,"Pancakes, plain, dry mix, incomplete (includes buttermilk)",0,
175008,18292,"Pancakes, plain, dry mix, incomplete, prepared",0,
175009,18293,"Pancakes, plain, prepared from recipe",0,
172773,18294,"Pancakes, blueberry, prepared from recipe",0,
172774,18295,"Pancakes, buckwheat, dry mix, incomplete",0,
172775,18297,"Pancakes, special dietary, dry mix",0,
172776,18299,"Pancakes, whole-wheat, dry mix, incomplete",0,
175010,18300,"Pancakes, whole-wheat, dry mix, incomplete, prepared",0,
175011,18301,"Pie, apple, commercially prepared, enriched flour",0,
175012,18302,"Pie, apple, prepared from recipe",0,
175013,18303,"Pie, banana cream, prepared from mix, no-bake type",0,
172777,18304,"Pie, banana cream, prepared from recipe",0,
172778,18305,"Pie, blueberry, commercially prepared",0,
172779,18306,"Pie, blueberry, prepared from recipe",0,
172780,18308,"Pie, cherry, commercially prepared",0,
172781,18309,"Pie, cherry, prepared from recipe",0,
175014,18310,"Pie, chocolate creme, commercially prepared",0,
175015,18312,"Pie, chocolate mousse, prepared from mix, no-bake type",0,
175016,18313,"Pie, coconut creme, commercially prepared",0,
175017,18314,"Pie, coconut cream, prepared from mix, no-bake type",0,
172782,18316,"Pie, coconut custard, commercially prepared",0,
172783,18317,"Pie, egg custard, commercially prepared",0,
172784,18319,"Pie, fried pies, fruit",0,
172785,18320,"Pie, lemon meringue, commercially prepared",0,
175018,18321,"Pie, lemon meringue, prepared from recipe",0,
175019,18322,"Pie, mince, prepared from recipe",0,
175020,18323,"Pie, peach",0,
175021,18324,"Pie, pecan, commercially prepared",0,
172786,18325,"Pie, pecan, prepared from recipe",0,
172787,18326,"Pie, pumpkin, commercially prepared",0,
172788,18327,"Pie, pumpkin, prepared from recipe",0,
172789,18328,"Pie, vanilla cream, prepared from recipe",0,
175022,18332,"Pie crust, standard-type, dry mix",0,
175023,18333,"Pie crust, standard-type, dry mix, prepared, baked",0,
175024,18334,"Pie crust, standard-type, frozen, ready-to-bake, enriched",0,
175025,18335,"Pie crust, standard-type, frozen, ready-to-bake, enriched, baked",0,
175026,18336,"Pie crust, standard-type, prepared from recipe, baked",0,
172790,18337,"Puff pastry, frozen, ready-to-bake",0,
172791,18338,Phyllo dough,0,
172792,18339,"Popovers, dry mix, enriched",0,
172793,18342,"Rolls, dinner, plain, commercially prepared (includes brown-and-serve)",0,
175027,18344,"Rolls, dinner, egg",0,
175028,18345,"Rolls, dinner, oat bran",0,
175029,18346,"Rolls, dinner, rye",0,
175030,18347,"Rolls, dinner, wheat",0,
172794,18348,"Rolls, dinner, whole-wheat",0,
172795,18349,"Rolls, french",0,
172796,18350,"Rolls, hamburger or hotdog, plain",0,
172797,18351,"Rolls, hamburger or hotdog, mixed-grain",0,
175031,18353,"Rolls, hard (includes kaiser)",0,
175032,18354,"Strudel, apple",0,
175033,18355,"Sweet rolls, cheese",0,
175034,18356,"Sweet rolls, cinnamon, commercially prepared with raisins",0,
172798,18357,"Sweet rolls, cinnamon, refrigerated dough with frosting",0,
172799,18358,"Sweet rolls, cinnamon, refrigerated dough with frosting, baked",0,
172800,18360,"Taco shells, baked",0,
172801,18361,"Toaster pastries, brown-sugar-cinnamon",0,
175035,18362,"Toaster pastries, fruit (includes apple, blueberry, cherry, strawberry)",0,
175036,18363,"Tortillas, ready-to-bake or -fry, corn",0,
175037,18364,"Tortillas, ready-to-bake or -fry, flour, refrigerated",0,
175038,18365,"Waffles, plain, frozen, ready-to-heat",0,
175039,18367,"Waffles, plain, prepared from recipe",0,
172802,18368,Wonton wrappers (includes egg roll wrappers),0,
172803,18369,"Leavening agents, baking powder, double-acting, sodium aluminum sulfate",0,
172804,18370,"Leavening agents, baking powder, double-acting, straight phosphate",0,
172805,18371,"Leavening agents, baking powder, low-sodium",0,
175040,18372,"Leavening agents, baking soda",0,
175041,18373,"Leavening agents, cream of tartar",0,
175042,18374,"Leavening agents, yeast, baker's, compressed",0,
175043,18375,"Leavening agents, yeast, baker's, active dry",0,
172806,18376,"Bread, crumbs, dry, grated, seasoned",0,
172807,18377,"Cookies, oatmeal, prepared from recipe, without raisins",0,
172808,18378,"Cookies, chocolate chip, prepared from recipe, made with butter",0,
172809,18383,"Bread, protein, (includes gluten), toasted",0,
175044,18384,"Bread, rice bran, toasted",0,
175045,18386,"Muffins, blueberry, toaster-type, toasted",0,
175046,18388,"Muffins, wheat bran, toaster-type with raisins, toasted",0,
175047,18390,"Pancakes, buttermilk, prepared from recipe",0,
172810,18396,"Rolls, dinner, plain, prepared from recipe, made with low fat (2%) milk",0,
172811,18399,"Pie crust, cookie-type, prepared from recipe, graham cracker, chilled",0,
172812,18400,"Crackers, matzo, egg and onion",0,
172813,18401,"Pie crust, cookie-type, prepared from recipe, vanilla wafer, chilled",0,
172814,18402,"Pie crust, standard-type, prepared from recipe, unbaked",0,
175048,18403,"Waffles, plain, frozen, ready -to-heat, toasted",0,
175049,18406,"Bagels, plain, enriched, without calcium propionate (includes onion, poppy, sesame)",0,
175050,18407,"Bagels, plain, unenriched, with calcium propionate (includes onion, poppy, sesame)",0,
175051,18408,"Bagels, plain, unenriched, without calcium propionate(includes onion, poppy, sesame)",0,
172815,18412,"Bread, cornbread, dry mix, unenriched (includes corn muffin mix)",0,
172816,18413,"Bread, pita, white, unenriched",0,
172817,18414,"Bread, raisin, unenriched",0,
172818,18416,"Bread, white, commercially prepared, low sodium, no salt",0,
175052,18417,"Cake, coffeecake, cinnamon with crumb topping, commercially prepared, unenriched",0,
175053,18418,"Cake, pound, commercially prepared, other than all butter, unenriched",0,
175054,18419,"Cake, pudding-type, white, unenriched, dry mix",0,
175055,18420,"Cake, yellow, unenriched, dry mix",0,
172819,18421,"Cookies, butter, commercially prepared, unenriched",0,
172820,18422,"Cookies, chocolate chip, commercially prepared, regular, higher fat, unenriched",0,
172821,18423,"Cookies, ladyfingers, without lemon juice and rind",0,
172822,18424,"Crackers, melba toast, plain, without salt",0,
175056,18425,"Crackers, saltines, low salt (includes oyster, soda, soup)",0,
175057,18426,"Crackers, saltines, unsalted tops (includes oyster, soda, soup)",0,
175058,18427,"Crackers, standard snack-type, regular, low salt",0,
175059,18428,"Crackers, wheat, low salt",0,
172823,18429,"Crackers, whole-wheat, low salt",0,
172824,18430,"Danish pastry, cinnamon, unenriched",0,
172825,18431,"Danish pastry, fruit, unenriched (includes apple, cinnamon, raisin, strawberry)",0,
172826,18432,"Bread, white, commercially prepared, toasted, low sodium no salt",0,
172827,18433,"Danish pastry, lemon, unenriched",0,
175060,18434,"Crackers, cheese, low sodium",0,
175061,18435,"Danish pastry, raspberry, unenriched",0,
175062,18436,"Doughnuts, yeast-leavened, glazed, unenriched (includes honey buns)",0,
175063,18437,"English muffins, plain, enriched, without calcium propionate(includes sourdough)",0,
172828,18438,"English muffins, plain, unenriched, with calcium propionate (includes sourdough)",0,
173238,18439,"English muffins, plain, unenriched, without calcium propionate (includes sourdough)",0,
173239,18443,"Pie, apple, commercially prepared, unenriched flour",0,
173240,18444,"Pie, fried pies, cherry",0,
175064,18445,"Pie, fried pies, lemon",0,
175065,18446,"Pie crust, standard-type, frozen, ready-to-bake, unenriched",0,
175066,18447,"Popovers, dry mix, unenriched",0,
175067,18448,"Taco shells, baked, without added salt",0,
173241,18449,"Tortillas, ready-to-bake or -fry, corn, without added salt",0,
173242,18450,"Tortillas, ready-to-bake or -fry, flour, without added calcium",0,
173243,18451,"Cake, pound, commercially prepared, fat-free",0,
173244,18453,"Cake, yellow, light, dry mix",0,
175068,18457,"Crackers, saltines, fat-free, low-sodium",0,
175069,18459,"Tart, breakfast, low fat",0,
175070,18513,"Archway Home Style Cookies, Sugar Free Oatmeal",0,
175071,18522,"Archway Home Style Cookies, Chocolate Chip Ice Box",0,
173245,18524,"Archway Home Style Cookies, Coconut Macaroon",0,
173246,18527,"Archway Home Style Cookies, Date Filled Oatmeal",0,
173247,18528,"Archway Home Style Cookies, Dutch Cocoa",0,
173248,18529,"Archway Home Style Cookies, Frosty Lemon",0,
173249,18532,"Archway Home Style Cookies, Iced Molasses",0,
175072,18533,"Archway Home Style Cookies, Iced Oatmeal",0,
175073,18535,"Archway Home Style Cookies, Molasses",0,
175074,18537,"Archway Home Style Cookies, Oatmeal",0,
175075,18538,"Archway Home Style Cookies, Oatmeal Raisin",0,
173250,18539,"Archway Home Style Cookies, Old Fashioned Molasses",0,
173251,18540,"Archway Home Style Cookies, Old Fashioned Windmill Cookies",0,
173252,18541,"Archway Home Style Cookies, Peanut Butter",0,
173253,18544,"Archway Home Style Cookies, Raspberry Filled",0,
175076,18547,"Archway Home Style Cookies, Strawberry Filled",0,
175077,18562,"Archway Home Style Cookies, Reduced Fat Ginger Snaps",0,
175078,18566,"Artificial Blueberry Muffin Mix, dry",0,
175079,18567,"Kraft, Stove Top Stuffing Mix Chicken Flavor",0,
173254,18603,"George Weston Bakeries, Brownberry Sage and Onion Stuffing Mix, dry",0,
173255,18608,"Keebler, Keebler Chocolate Graham SELECTS",0,
173256,18610,"Continental Mills, Krusteaz Almond Poppyseed Muffin Mix, Artificially Flavored, dry",0,
173257,18612,"Mckee Baking, Little Debbie Nutty Bars, Wafers with Peanut Butter, Chocolate Covered",0,
175080,18614,"Martha White Foods, Martha White's Chewy Fudge Brownie Mix, dry",0,
175081,18615,"Martha White Foods, Martha White's Buttermilk Biscuit Mix, dry",0,
175082,18616,"Mission Foods, Mission Flour Tortillas, Soft Taco, 8 inch",0,
175083,18617,"Nabisco, Nabisco Grahams Crackers",0,
175084,18619,"Nabisco, Nabisco Oreo Crunchies, Cookie Crumb Topping",0,
173258,18621,"Nabisco, Nabisco Ritz Crackers",0,
173259,18629,"Pillsbury, Buttermilk Biscuits, Artificial Flavor, refrigerated dough",0,
173260,18630,"Pillsbury, Chocolate Chip Cookies, refrigerated dough",0,
173261,18631,"Pillsbury, Crusty French Loaf, refrigerated dough",0,
167921,18633,"Pillsbury Grands, Buttermilk Biscuits, refrigerated dough",0,
167512,18634,"Pillsbury Golden Layer Buttermilk Biscuits, Artificial Flavor, refrigerated dough",0,
167513,18635,"Pillsbury, Cinnamon Rolls with Icing, refrigerated dough",0,
167514,18637,"Kraft Foods, Shake N Bake Original Recipe, Coating for Pork, dry",0,
167515,18639,"George Weston Bakeries, Thomas English Muffins",0,
167922,18640,"Heinz, Weight Watcher, Chocolate Eclair, frozen",0,
167923,18641,"Interstate Brands Corp, Wonder Hamburger Rolls",0,
167924,18651,"Nabisco, Nabisco Snackwell's Fat Free Devil's Food Cookie Cakes",0,
167925,18927,"Crackers, cheese, sandwich-type with cheese filling",0,
167516,18932,"Waffles, buttermilk, frozen, ready-to-heat",0,
167517,18933,"Waffle, buttermilk, frozen, ready-to-heat, toasted",0,
167518,18934,"Waffle, buttermilk, frozen, ready-to-heat, microwaved",0,
167519,18935,"Waffle, plain, frozen, ready-to-heat, microwave",0,
167926,18936,"Pancakes, plain, frozen, ready-to-heat, microwave (includes buttermilk)",0,
167927,18938,"Toaster Pastries, fruit, frosted (include apples, blueberry, cherry, strawberry)",0,
167928,18939,"Toaster pastries, fruit, toasted (include apple, blueberry, cherry, strawberry)",0,
167929,18940,"Muffin, blueberry, commercially prepared, low-fat",0,
167520,18942,"Pie Crust, Cookie-type, Graham Cracker, Ready Crust",0,
167521,18943,"Pie Crust, Cookie-type, Chocolate, Ready Crust",0,
167522,18944,"Pie, Dutch Apple, Commercially Prepared",0,
167523,18945,"Pie crust, deep dish, frozen, unbaked, made with enriched flour",0,
167930,18946,"Pie crust, refrigerated, regular, baked",0,
167931,18947,"Pie crust, deep dish, frozen, baked, made with enriched flour",0,
167932,18948,"Pie crust, refrigerated, regular, unbaked",0,
167933,18949,"Crackers, whole-wheat, reduced fat",0,
167934,18950,"Crackers, wheat, reduced fat",0,
167524,18951,"Waffles, chocolate chip, frozen, ready-to-heat",0,
167525,18952,"Tostada shells, corn",0,
167526,18953,"Bread, salvadoran sweet cheese (quesadilla salvadorena)",0,
167527,18954,"Bread, pound cake type, pan de torta salvadoran",0,
167935,18955,"Bread, pan dulce, sweet yeast bread",0,
167936,18956,"Keikitos (muffins), Latino bakery item",0,
167937,18957,"Cake, pound, Bimbo Bakeries USA, Panque Casero, home baked style",0,
167938,18958,"Pan Dulce, La Ricura, Salpora de Arroz con Azucar, cookie-like, contains wheat flour and rice flour",0,
167528,18959,"Pastry, Pastelitos de Guava (guava pastries)",0,
167529,18960,"Crackers, snack, Goya Crackers",0,
167530,18961,"Crackers, cream, Gamesa Sabrosas",0,
167531,18962,"Crackers, cream, La Moderna Rikis Cream Crackers",0,
167939,18963,"Garlic bread, frozen",0,
167940,18964,"Cinnamon buns, frosted (includes honey buns)",0,
167941,18965,"Crackers, cheese, reduced fat",0,
167942,18966,"Crackers, saltines, whole wheat (includes multi-grain)",0,
167532,18967,"Bread, white wheat",0,
167533,18968,"Bagels, wheat",0,
167534,18969,"Cream puff, eclair, custard or cream filled, iced",0,
167535,18970,"Tortillas, ready-to-bake or -fry, flour, shelf stable",0,
167943,18971,"Bread, potato",0,
167944,18972,"Bread, cheese",0,
167945,18973,"Focaccia, Italian flatbread, plain",0,
167946,19000,"SCHIFF,TIGER'S MILK BAR",0,
167947,19001,"Candies, TOBLERONE, milk chocolate with honey and almond nougat",0,
167536,19002,"Snacks, beef jerky, chopped and formed",0,
167537,19003,"Snacks, corn-based, extruded, chips, plain",0,
167538,19004,"Snacks, corn-based, extruded, chips, barbecue-flavor",0,
167539,19005,"Snacks, corn-based, extruded, cones, plain",0,
167948,19007,"Snacks, corn-based, extruded, onion-flavor",0,
167949,19008,"Snacks, corn-based, extruded, puffs or twists, cheese-flavor",0,
167950,19009,"Snacks, KRAFT, CORNNUTS, plain",0,
167951,19010,"Snacks, crisped rice bar, chocolate chip",0,
167540,19013,"Snacks, fruit leather, pieces",0,
167541,19014,"Snacks, fruit leather, rolls",0,
167542,19015,"Snacks, granola bars, hard, plain",0,
167543,19016,"Snacks, granola bars, hard, almond",0,
167952,19017,"Snacks, granola bars, hard, chocolate chip",0,
167953,19018,Fruit syrup,0,
167954,19020,"Snacks, granola bars, soft, uncoated, plain",0,
167955,19021,"Snacks, granola bars, soft, uncoated, peanut butter",0,
167544,19022,"Snacks, granola bars, soft, uncoated, raisin",0,
167545,19024,"Snacks, granola bars, soft, coated, milk chocolate coating, chocolate chip",0,
167546,19025,"Candies, honey-combed, with peanut butter",0,
167547,19026,"Snacks, granola bars, soft, coated, milk chocolate coating, peanut butter",0,
167548,19027,"Snacks, granola bars, soft, uncoated, peanut butter and chocolate chip",0,
167956,19029,"Topping, SMUCKER'S MAGIC SHELL",0,
167957,19030,"Syrup, fruit flavored",0,
167958,19031,"Snacks, oriental mix, rice-based",0,
167959,19034,"Snacks, popcorn, air-popped",0,
167549,19035,"Snacks, popcorn, oil-popped, microwave, regular flavor, no trans fat",0,
167550,19036,"Snacks, popcorn, cakes",0,
167551,19038,"Snacks, popcorn, caramel-coated, with peanuts",0,
167552,19039,"Snacks, popcorn, caramel-coated, without peanuts",0,
167960,19040,"Snacks, popcorn, cheese-flavor",0,
167961,19041,"Snacks, pork skins, plain",0,
167962,19042,"Snacks, potato chips, barbecue-flavor",0,
167963,19043,"Snacks, potato chips, sour-cream-and-onion-flavor",0,
167553,19045,"Snacks, potato chips, made from dried potatoes, reduced fat",0,
167554,19046,"Snacks, potato chips, made from dried potatoes, sour-cream and onion-flavor",0,
167555,19047,"Snacks, pretzels, hard, plain, salted",0,
167556,19048,"Snacks, pretzels, hard, confectioner's coating, chocolate-flavor",0,
167964,19049,"Snacks, M&M MARS, COMBOS Snacks Cheddar Cheese Pretzel",0,
167965,19050,"Snacks, pretzels, hard, whole-wheat including both salted and unsalted",0,
167966,19051,"Snacks, rice cracker brown rice, plain",0,
167967,19052,"Snacks, rice cakes, brown rice, buckwheat",0,
167557,19053,"Snacks, rice cakes, brown rice, sesame seed",0,
167558,19056,"Snacks, tortilla chips, plain, white corn, salted",0,
167559,19057,"Snacks, tortilla chips, nacho cheese",0,
167560,19058,"Snacks, tortilla chips, ranch-flavor",0,
167561,19059,"Snacks, trail mix, regular",0,
167968,19061,"Snacks, trail mix, tropical",0,
167969,19062,"Snacks, trail mix, regular, with chocolate chips, salted nuts and seeds",0,
167970,19063,"Snacks, tortilla chips, taco-flavor",0,
167971,19064,"Candies, TOOTSIE ROLL, chocolate-flavor roll",0,
167562,19065,"Candies, ALMOND JOY Candy Bar",0,
167563,19067,"Candies, TWIZZLERS CHERRY BITES",0,
167564,19068,"Candies, NESTLE, BIT-O'-HONEY Candy Chews",0,
167565,19069,"Candies, NESTLE, BUTTERFINGER Bar",0,
167972,19070,"Candies, butterscotch",0,
167973,19071,"Candies, carob, unsweetened",0,
167974,19074,"Candies, caramels",0,
167975,19075,"Candies, CARAMELLO Candy Bar",0,
167566,19076,"Candies, caramels, chocolate-flavor roll",0,
167567,19077,"Baking chocolate, unsweetened, liquid",0,
167568,19078,"Baking chocolate, unsweetened, squares",0,
167569,19079,"Candies, confectioner's coating, yogurt",0,
167976,19080,"Candies, semisweet chocolate",0,
167977,19081,"Candies, sweet chocolate",0,
167978,19083,"Candies, sweet chocolate coated fondant",0,
167979,19084,"Candies, HERSHEY'S GOLDEN ALMOND SOLITAIRES",0,
167980,19085,"Candies, confectioner's coating, butterscotch",0,
167570,19086,"Candies, confectioner's coating, peanut butter",0,
167571,19087,"Candies, white chocolate",0,
167572,19088,"Ice creams, vanilla, light",0,
167573,19089,"Ice creams, vanilla, rich",0,
167981,19090,"Ice creams, french vanilla, soft-serve",0,
167982,19091,"Candies, YORK Peppermint Pattie",0,
167983,19092,"Candies, TWIZZLERS NIBS CHERRY BITS",0,
167984,19093,"Candies, SYMPHONY Milk Chocolate Bar",0,
167574,19094,"Desserts, flan, caramel custard, prepared-from-recipe",0,
167575,19095,"Ice creams, vanilla",0,
167576,19096,"Ice creams, vanilla, light, soft-serve",0,
167577,19097,"Sherbet, orange",0,
167985,19098,"Candies, 5TH AVENUE Candy Bar",0,
167986,19099,"Candies, fondant, prepared-from-recipe",0,
167987,19100,"Candies, fudge, chocolate, prepared-from-recipe",0,
167988,19101,"Candies, fudge, chocolate, with nuts, prepared-from-recipe",0,
167578,19102,"Candies, fudge, peanut butter, prepared-from-recipe",0,
167579,19103,"Candies, fudge, vanilla, prepared-from-recipe",0,
167580,19104,"Candies, fudge, vanilla with nuts",0,
167581,19105,"Candies, NESTLE, GOOBERS Chocolate Covered Peanuts",0,
167989,19106,"Candies, gumdrops, starch jelly pieces",0,
167990,19107,"Candies, hard",0,
167991,19108,"Candies, jellybeans",0,
167992,19109,"Candies, KIT KAT Wafer Bar",0,
167993,19110,"Candies, KRACKEL Chocolate Bar",0,
167582,19111,"Candies, NESTLE, BABY RUTH Bar",0,
167583,19112,"Candies, TWIZZLERS Strawberry Twists Candy",0,
167584,19113,"Syrups, table blends, pancake, with butter",0,
167585,19114,"Ice creams, chocolate, light",0,
167994,19115,"Candies, MARS SNACKFOOD US, MARS Almond Bar",0,
167995,19116,"Candies, marshmallows",0,
167996,19117,"Candies, halavah, plain",0,
167997,19118,"Candies, NESTLE, OH HENRY! Bar",0,
167586,19119,"Candies, NESTLE, CHUNKY Bar",0,
167587,19120,"Candies, milk chocolate",0,
167588,19121,"Puddings, banana, dry mix, instant, prepared with 2% milk",0,
167589,19122,"Puddings, banana, dry mix, regular, prepared with 2% milk",0,
167998,19123,"Puddings, chocolate, dry mix, instant, prepared with 2% milk",0,
167999,19124,"Baking chocolate, mexican, squares",0,
168000,19125,Chocolate-flavored hazelnut spread,0,
168001,19126,"Candies, milk chocolate coated peanuts",0,
169576,19127,"Candies, milk chocolate coated raisins",0,
169577,19128,"Syrups, table blends, pancake, reduced-calorie",0,
169578,19129,"Syrups, table blends, pancake",0,
169579,19130,"Candies, HERSHEY'S POT OF GOLD Almond Bar",0,
168754,19132,"Candies, milk chocolate, with almonds",0,
168755,19134,"Candies, milk chocolate, with rice cereal",0,
168756,19135,"Candies, MARS SNACKFOOD US, MILKY WAY Bar",0,
168757,19136,"Candies, HERSHEY'S SKOR Toffee Bar",0,
168758,19137,"Toppings, strawberry",0,
169580,19138,"Candies, truffles, prepared-from-recipe",0,
169581,19139,"Baking chocolate, MARS SNACKFOOD US, M&M's Semisweet Chocolate Mini Baking Bits",0,
169582,19140,"Candies, MARS SNACKFOOD US, M&M's Peanut Chocolate Candies",0,
169583,19141,"Candies, MARS SNACKFOOD US, M&M's Milk Chocolate Candies",0,
168759,19142,"Candies, MOUNDS Candy Bar",0,
168760,19143,"Candies, MR. GOODBAR Chocolate Bar",0,
168761,19144,"Candies, NESTLE, 100 GRAND Bar",0,
168762,19145,"Candies, NESTLE, CRUNCH Bar and Dessert Topping",0,
169584,19146,"Baking chocolate, MARS SNACKFOOD US, M&M's Milk Chocolate Mini Baking Bits",0,
169585,19147,"Candies, peanut bar",0,
169586,19148,"Candies, peanut brittle, prepared-from-recipe",0,
169587,19149,"Candies, NESTLE, RAISINETS Chocolate Covered Raisins",0,
168763,19150,"Candies, REESE'S Peanut Butter Cups",0,
168764,19151,"Candies, REESE'S PIECES Candy",0,
168765,19152,"Candies, ROLO Caramels in Milk Chocolate",0,
168766,19153,"Candies, NESTLE, AFTER EIGHT Mints",0,
169588,19154,"Candies, sesame crunch",0,
169589,19155,"Candies, MARS SNACKFOOD US, SNICKERS Bar",0,
169590,19156,"Candies, MARS SNACKFOOD US, STARBURST Fruit Chews, Original fruits",0,
169591,19157,"Candies, MARS SNACKFOOD US, M&M's MINIs Milk Chocolate Candies",0,
168767,19159,"Candies, MARS SNACKFOOD US, 3 MUSKETEERS Bar",0,
168768,19160,"Candies, MARS SNACKFOOD US, TWIX Caramel Cookie Bars",0,
168769,19161,"Candies, MARS SNACKFOOD US, TWIX Peanut Butter Cookie Bars",0,
168770,19162,"Candies, WHATCHAMACALLIT Candy Bar",0,
168771,19163,Chewing gum,0,
169592,19164,"Candies, SPECIAL DARK Chocolate Bar",0,
169593,19165,"Cocoa, dry powder, unsweetened",0,
169594,19166,"Cocoa, dry powder, unsweetened, processed with alkali",0,
169595,19168,"Desserts, egg custard, baked, prepared-from-recipe",0,
168772,19169,"Egg custards, dry mix",0,
168773,19170,"Egg custards, dry mix, prepared with whole milk",0,
168774,19171,"Cocoa, dry powder, unsweetened, HERSHEY'S European Style Cocoa",0,
168775,19172,"Gelatin desserts, dry mix",0,
169596,19173,"Gelatin desserts, dry mix, prepared with water",0,
169597,19175,"Gelatin desserts, dry mix, reduced calorie, with aspartame",0,
169598,19176,"Gelatin desserts, dry mix, reduced calorie, with aspartame, prepared with water",0,
169599,19177,"Gelatins, dry powder, unsweetened",0,
168776,19181,"Candies, YORK BITES",0,
168777,19182,"Desserts, mousse, chocolate, prepared-from-recipe",0,
168778,19183,"Puddings, chocolate, ready-to-eat",0,
168779,19184,"Puddings, chocolate, dry mix, instant",0,
169600,19185,"Puddings, chocolate, dry mix, instant, prepared with whole milk",0,
169601,19186,"Desserts, apple crisp, prepared-from-recipe",0,
169602,19187,"Flan, caramel custard, dry mix",0,
169603,19188,"Puddings, chocolate, dry mix, regular",0,
169604,19189,"Puddings, chocolate, dry mix, regular, prepared with whole milk",0,
168780,19190,"Puddings, chocolate, dry mix, regular, prepared with 2% milk",0,
168781,19191,"Puddings, coconut cream, dry mix, instant, prepared with 2% milk",0,
168782,19193,"Puddings, rice, ready-to-eat",0,
168783,19194,"Puddings, rice, dry mix",0,
169605,19195,"Puddings, rice, dry mix, prepared with whole milk",0,
169606,19198,"Puddings, tapioca, dry mix",0,
169607,19199,"Puddings, tapioca, dry mix, prepared with whole milk",0,
169608,19201,"Puddings, vanilla, ready-to-eat",0,
168784,19202,"Puddings, vanilla, dry mix, instant",0,
168785,19203,"Puddings, vanilla, dry mix, instant, prepared with whole milk",0,
168786,19204,"Puddings, lemon, dry mix, instant, prepared with 2% milk",0,
168787,19205,"Egg custards, dry mix, prepared with 2% milk",0,
169609,19206,"Puddings, vanilla, dry mix, regular",0,
169610,19207,"Puddings, vanilla, dry mix, regular, prepared with whole milk",0,
169611,19208,"Puddings, rice, dry mix, prepared with 2% milk",0,
169612,19209,"Puddings, tapioca, dry mix, prepared with 2% milk",0,
168788,19212,"Puddings, vanilla, dry mix, regular, prepared with 2% milk",0,
168789,19213,"Rennin, chocolate, dry mix, prepared with 2% milk",0,
168790,19214,"Rennin, vanilla, dry mix, prepared with 2% milk",0,
168791,19216,"Candies, praline, prepared-from-recipe",0,
169613,19217,"Frozen novelties, ice type, fruit, no sugar added",0,
169614,19218,"Puddings, tapioca, ready-to-eat",0,
169615,19219,"Puddings, coconut cream, dry mix, regular, prepared with 2% milk",0,
169616,19220,"Desserts, rennin, chocolate, dry mix",0,
169617,19221,"Rennin, chocolate, dry mix, prepared with whole milk",0,
168792,19222,"Desserts, rennin, vanilla, dry mix",0,
168793,19223,"Rennin, vanilla, dry mix, prepared with whole milk",0,
168794,19225,"Desserts, rennin, tablets, unsweetened",0,
168795,19226,"Frostings, chocolate, creamy, ready-to-eat",0,
169618,19227,"Frostings, coconut-nut, ready-to-eat",0,
169619,19228,"Frostings, cream cheese-flavor, ready-to-eat",0,
169620,19230,"Frostings, vanilla, creamy, ready-to-eat",0,
169621,19231,"Flan, caramel custard, dry mix, prepared with 2% milk",0,
168796,19232,"Flan, caramel custard, dry mix, prepared with whole milk",0,
168797,19233,"Puddings, vanilla, ready-to-eat, fat free",0,
168798,19234,"Puddings, tapioca, ready-to-eat, fat free",0,
168799,19235,"Puddings, chocolate, ready-to-eat, fat free",0,
169622,19236,"Candies, HERSHEY'S MILK CHOCOLATE WITH ALMOND BITES",0,
169623,19238,"Candies, REESE'S BITES",0,
169624,19239,"Candies, REESE'S NUTRAGEOUS Candy Bar",0,
169625,19240,"Frostings, chocolate, creamy, dry mix",0,
168800,19241,"Frostings, chocolate, creamy, dry mix, prepared with butter",0,
168801,19243,"Candies, HEATH BITES",0,
168802,19244,"Frostings, vanilla, creamy, dry mix",0,
168803,19246,"Frostings, white, fluffy, dry mix",0,
169626,19247,"Frostings, white, fluffy, dry mix, prepared with water",0,
169627,19248,"Candies, HERSHEY'S, ALMOND JOY BITES",0,
169628,19249,"Candies, HERSHEY, REESESTICKS crispy wafers, peanut butter, milk chocolate",0,
169629,19250,"Candies, HERSHEY, KIT KAT BIG KAT Bar",0,
169630,19252,"Candies, REESE'S, FAST BREAK, milk chocolate peanut butter and soft nougats",0,
168804,19254,"Candies, MARS SNACKFOOD US, DOVE Milk Chocolate",0,
168805,19255,"Candies, MARS SNACKFOOD US, DOVE Dark Chocolate",0,
168806,19256,"Candies, MARS SNACKFOOD US, MILKY WAY Caramels, milk chocolate covered",0,
168807,19258,"Candies, MARS SNACKFOOD US, MILKY WAY Caramels. dark chocolate covered",0,
169631,19260,"Ice creams, vanilla, light, no sugar added",0,
169632,19263,"Frozen novelties, fruit and juice bars",0,
169633,19265,"Ice creams, chocolate, light, no sugar added",0,
169634,19268,"Candies, dark chocolate coated coffee beans",0,
168808,19269,"Snacks, GENERAL MILLS, BETTY CROCKER Fruit Roll Ups, berry flavored, with vitamin C",0,
168809,19270,"Ice creams, chocolate",0,
168810,19271,"Ice creams, strawberry",0,
168811,19272,"Snacks, FARLEY CANDY, FARLEY Fruit Snacks, with vitamins A, C, and E",0,
169635,19273,"Snacks, SUNKIST, SUNKIST Fruit Roll, strawberry, with vitamins A, C, and E",0,
169636,19274,"Snacks, fruit leather, pieces, with vitamin C",0,
169637,19279,"Candies, milk chocolate coated coffee beans",0,
169638,19280,"Frozen novelties, ice type, lime",0,
168812,19281,"Frozen novelties, ice type, italian, restaurant-prepared",0,
168813,19283,"Frozen novelties, ice type, pop",0,
168814,19292,"Candies, MARS SNACKFOOD US, M&M's Crispy Chocolate Candies",0,
168815,19293,"Frozen yogurts, vanilla, soft-serve",0,
168816,19294,"Fruit butters, apple",0,
169639,19295,"Candies, MARS SNACKFOOD US, SNICKERS MUNCH bar",0,
169640,19296,Honey,0,
169641,19297,Jams and preserves,0,
169642,19300,Jellies,0,
168817,19301,"Candies, fudge, chocolate marshmallow, with nuts, prepared-by-recipe",0,
168818,19302,"Candies, MARS SNACKFOOD US, SNICKERS Almond bar",0,
168819,19303,"Marmalade, orange",0,
168820,19304,Molasses,0,
169643,19306,"Candies, MARS SNACKFOOD US, POP'ABLES SNICKERS Brand Bite Size Candies",0,
169644,19307,"Candies, MARS SNACKFOOD US, POP'ABLES MILKY WAY Brand Bite Size Candies",0,
169645,19308,"Candies, MARS SNACKFOOD US, POP'ABLES 3 MUSKETEERS Brand Bite Size Candies",0,
169646,19309,"Candies, MARS SNACKFOOD US, STARBURST Fruit Chews, Fruit and Creme",0,
168821,19310,"Pectin, unsweetened, dry mix",0,
168822,19312,"Pie fillings, apple, canned",0,
168823,19313,"Candies, MARS SNACKFOOD US, STARBURST Fruit Chews, Tropical fruits",0,
168824,19314,"Pie fillings, canned, cherry",0,
169647,19315,"Candies, MARS SNACKFOOD US, STARBURST Sour Fruit Chews",0,
169648,19318,"Puddings, banana, dry mix, instant",0,
169649,19319,"Puddings, banana, dry mix, instant, prepared with whole milk",0,
169650,19320,"Puddings, banana, dry mix, regular",0,
168825,19321,"Puddings, banana, dry mix, regular, prepared with whole milk",0,
168826,19322,"Puddings, coconut cream, dry mix, instant",0,
168827,19323,"Puddings, coconut cream, dry mix, instant, prepared with whole milk",0,
168828,19324,"Puddings, coconut cream, dry mix, regular",0,
168829,19325,"Puddings, coconut cream, dry mix, regular, prepared with whole milk",0,
169651,19326,"Candies, MARS SNACKFOOD US, COCOAVIA Chocolate Bar",0,
169652,19327,"Candies, MARS SNACKFOOD US, COCOAVIA Blueberry and Almond Chocolate Bar",0,
169653,19328,"Candies, MARS SNACKFOOD US, COCOAVIA Crispy Chocolate Bar",0,
169654,19330,"Puddings, lemon, dry mix, instant",0,
168830,19331,"Puddings, lemon, dry mix, instant, prepared with whole milk",0,
168831,19332,"Puddings, lemon, dry mix, regular",0,
168832,19333,"Pudding, lemon, dry mix, regular, prepared with sugar, egg yolk and water",0,
168833,19334,"Sugars, brown",0,
169655,19335,"Sugars, granulated",0,
169656,19336,"Sugars, powdered",0,
169657,19337,"Sweeteners, tabletop, aspartame, EQUAL, packets",0,
169658,19340,"Sugars, maple",0,
168834,19345,"Syrups, chocolate, HERSHEY'S Genuine Chocolate Flavored Lite Syrup",0,
168835,19348,"Syrups, chocolate, fudge-type",0,
168836,19349,"Syrups, corn, dark",0,
168837,19350,"Syrups, corn, light",0,
169659,19351,"Syrups, corn, high-fructose",0,
169660,19352,"Syrups, malt",0,
169661,19353,"Syrups, maple",0,
169662,19355,"Syrups, sorghum",0,
169663,19359,"Candies, MARS SNACKFOOD US, SNICKERS CRUNCHER",0,
168838,19360,"Syrups, table blends, pancake, with 2% maple",0,
168839,19362,"Syrups, table blends, corn, refiner, and sugar",0,
168840,19363,"Candies, MARS SNACKFOOD US, SKITTLES Wild Berry Bite Size Candies",0,
168841,19364,"Toppings, butterscotch or caramel",0,
169664,19365,"Toppings, marshmallow cream",0,
169665,19366,"Toppings, pineapple",0,
169666,19367,"Toppings, nuts in syrup",0,
169667,19368,"Candies, MARS SNACKFOOD US, SKITTLES Tropical Bite Size Candies",0,
168842,19369,"Candies, MARS SNACKFOOD US, SKITTLES Sours Original",0,
168843,19370,"Candies, MARS SNACKFOOD US, SKITTLES Original Bite Size Candies",0,
168844,19371,"Frostings, vanilla, creamy, dry mix, prepared with margarine",0,
168845,19372,"Frostings, chocolate, creamy, dry mix, prepared with margarine",0,
169668,19375,"Frostings, glaze, prepared-from-recipe",0,
169669,19379,"Candies, fudge, chocolate marshmallow, prepared-from-recipe",0,
169670,19382,"Candies, taffy, prepared-from-recipe",0,
169671,19383,"Candies, toffee, prepared-from-recipe",0,
168846,19384,"Candies, divinity, prepared-from-recipe",0,
168847,19387,"Frozen novelties, ice type, pineapple-coconut",0,
168848,19393,"Frozen yogurts, chocolate, soft-serve",0,
168849,19400,"Snacks, banana chips",0,
169672,19401,"Snacks, cornnuts, barbecue-flavor",0,
169673,19403,"Snacks, crisped rice bar, almond",0,
169674,19404,"Snacks, granola bars, soft, uncoated, chocolate chip",0,
169675,19405,"Snacks, granola bars, soft, uncoated, chocolate chip, graham and marshmallow",0,
169676,19406,"Snacks, granola bars, soft, uncoated, nut and raisin",0,
168850,19407,"Snacks, beef sticks, smoked",0,
168851,19408,"Snacks, pork skins, barbecue-flavor",0,
168852,19409,"Frostings, glaze, chocolate, prepared-from-recipe, with butter, NFSMI Recipe No. C-32",0,
168853,19410,"Snack, potato chips, made from dried potatoes, plain",0,
169677,19411,"Snacks, potato chips, plain, salted",0,
169678,19412,"Snacks, potato chips, made from dried potatoes, cheese-flavor",0,
169679,19413,"Snacks, rice cakes, brown rice, corn",0,
169680,19414,"Snacks, rice cakes, brown rice, multigrain",0,
168854,19415,"Snacks, potato sticks",0,
168855,19416,"Snacks, rice cakes, brown rice, rye",0,
168856,19418,"Snacks, sesame sticks, wheat-based, salted",0,
168857,19419,"Snacks, corn cakes",0,
169681,19420,"Snacks, granola bars, hard, peanut butter",0,
169682,19421,"Snacks, potato chips, cheese-flavor",0,
169683,19422,"Snacks, potato chips, reduced fat",0,
169684,19423,"Snacks, potato chips, fat-free, made with olestra",0,
168858,19424,"Snacks, tortilla chips, nacho-flavor, reduced fat",0,
168859,19433,"Tortilla chips, low fat, baked without fat",0,
168860,19434,"Cheese puffs and twists, corn based, baked, low fat",0,
168861,19435,"Snacks, granola bar, fruit-filled, nonfat",0,
169685,19436,"Popcorn, sugar syrup/caramel, fat-free",0,
169686,19437,"Snacks, potato chips, fat free, salted",0,
169687,19438,"Snacks, KELLOGG, KELLOGG'S RICE KRISPIES TREATS Squares",0,
169688,19439,"Snacks, KELLOGG, KELLOGG'S Low Fat Granola Bar, Crunchy Almond/Brown Sugar",0,
169689,19440,"Snacks, M&M MARS, KUDOS Whole Grain Bar, chocolate chip",0,
168862,19441,"Snacks, KELLOGG, KELLOGG'S, NUTRI-GRAIN Cereal Bars, fruit",0,
168863,19444,"Snacks, tortilla chips, low fat, made with olestra, nacho cheese",0,
168864,19445,"Snacks, potato chips, made from dried potatoes, fat-free, made with olestra",0,
168865,19524,"Snacks, taro chips",0,
169690,19701,"Candies, semisweet chocolate, made with butter",0,
169691,19702,"Gelatin desserts, dry mix, with added ascorbic acid, sodium-citrate and salt",0,
169692,19703,"Gelatin desserts, dry mix, reduced calorie, with aspartame, added phosphorus, potassium, sodium, vitamin C",0,
169693,19704,"Gelatin desserts, dry mix, reduced calorie, with aspartame, no added sodium",0,
168866,19705,"Puddings, banana, dry mix, instant, with added oil",0,
170241,19706,"Puddings, banana, dry mix, regular, with added oil",0,
170242,19708,"Puddings, lemon, dry mix, regular, with added oil, potassium, sodium",0,
170243,19709,"Puddings, tapioca, dry mix, with no added salt",0,
170644,19710,"Puddings, vanilla, dry mix, regular, with added oil",0,
170645,19719,"Jams and preserves, apricot",0,
170646,19720,"Syrups, table blends, pancake, with 2% maple, with added potassium",0,
170647,19800,"Snacks, corn cakes, very low sodium",0,
170244,19802,"Snacks, corn-based, extruded, puffs or twists, cheese-flavor, unenriched",0,
170245,19804,"Snacks, corn-based, extruded, chips, barbecue-flavor, made with enriched masa flour",0,
170246,19806,"Snacks, popcorn, air-popped (Unsalted)",0,
170247,19807,"Snacks, popcorn, oil-popped, white popcorn, salt added",0,
170248,19809,"Snacks, potato chips, plain, made with partially hydrogenated soybean oil, salted",0,
170648,19810,"Snacks, potato chips, plain, made with partially hydrogenated soybean oil, unsalted",0,
170649,19811,"Snacks, potato chips, plain, unsalted",0,
170650,19812,"Snacks, pretzels, hard, plain, made with unenriched flour, salted",0,
170651,19813,"Snacks, pretzels, hard, plain, made with unenriched flour, unsalted",0,
170249,19814,"Snacks, pretzels, hard, plain, made with enriched flour, unsalted",0,
170250,19816,"Snacks, rice cakes, brown rice, plain, unsalted",0,
170251,19817,"Snacks, rice cakes, brown rice, buckwheat, unsalted",0,
170252,19818,"Snacks, rice cakes, brown rice, multigrain, unsalted",0,
170652,19819,"Snacks, rice cakes, brown rice, sesame seed, unsalted",0,
170653,19820,"Snacks, sesame sticks, wheat-based, unsalted",0,
170654,19821,"Snacks, trail mix, regular, unsalted",0,
170655,19822,"Snacks, trail mix, regular, with chocolate chips, unsalted nuts and seeds",0,
170253,19823,"Potato chips, without salt, reduced fat",0,
170254,19833,"Snacks, tortilla chips, low fat, unsalted",0,
170255,19856,"Frozen novelties, juice type, POPSICLE SCRIBBLERS",0,
170256,19857,"Snacks, tortilla chips, nacho-flavor, made with enriched masa flour",0,
170656,19858,"Candies, sugar-coated almonds",0,
170657,19860,"Cocoa, dry powder, hi-fat or breakfast, processed with alkali",0,
170658,19866,"Candies, soft fruit and nut squares",0,
170659,19867,"Ice creams, vanilla, fat free",0,
170257,19868,"Sweeteners, tabletop, sucralose, SPLENDA packets",0,
170258,19871,"Frozen novelties, No Sugar Added, FUDGSICLE pops",0,
170259,19873,"Frozen novelties, ice type, sugar free, orange, cherry, and grape POPSICLE pops",0,
170260,19874,"Frozen novelties, KLONDIKE, SLIM-A-BEAR Fudge Bar, 98% fat free, no sugar added",0,
170261,19875,"Ice creams, BREYERS, All Natural Light Vanilla",0,
170660,19876,"Ice creams, BREYERS, All Natural Light French Vanilla",0,
170661,19877,"Ice creams, BREYERS, 98% Fat Free Vanilla",0,
170662,19878,"Ice creams, BREYERS, All Natural Light Vanilla Chocolate Strawberry",0,
170663,19879,"Ice creams, BREYERS, All Natural Light Mint Chocolate Chip",0,
170262,19880,"Ice creams, BREYERS, No Sugar Added, Butter Pecan",0,
170263,19881,"Ice creams, BREYERS, No Sugar Added, French Vanilla",0,
170264,19882,"Ice creams, BREYERS, No Sugar Added, Vanilla",0,
170265,19883,"Ice creams, BREYERS, No Sugar Added, Vanilla Fudge Twirl",0,
170664,19884,"Ice creams, BREYERS, No Sugar Added, Vanilla Chocolate Strawberry",0,
170665,19886,"Frozen novelties, KLONDIKE, SLIM-A-BEAR Chocolate Cone",0,
170666,19887,"Frozen novelties, KLONDIKE, SLIM-A-BEAR Vanilla Sandwich",0,
170667,19890,"Frozen novelties, KLONDIKE, SLIM-A-BEAR, No Sugar Added, Stickless Bar",0,
170266,19891,"Frozen novelties, No Sugar Added CREAMSICLE Pops",0,
170267,19892,"Frozen novelties, Sugar Free, CREAMSICLE Pops",0,
170268,19893,"Ice creams, BREYERS, All Natural Light French Chocolate",0,
170269,19894,"Ice creams, BREYERS, 98% Fat Free Chocolate",0,
170668,19895,"Ice creams, BREYERS, No Sugar Added, Chocolate Caramel",0,
170669,19896,"Candies, REESE's Fast Break, milk chocolate, peanut butter, soft nougats, candy bar",0,
170670,19897,"Candies, MARS SNACKFOOD US, COCOAVIA Chocolate Covered Almonds",0,
170671,19898,"Ice creams, regular, low carbohydrate, vanilla",0,
170270,19899,"Ice creams, regular, low carbohydrate, chocolate",0,
170271,19902,"Chocolate, dark, 45- 59% cacao solids",0,
170272,19903,"Chocolate, dark, 60-69% cacao solids",0,
170273,19904,"Chocolate, dark, 70-85% cacao solids",0,
170274,19905,"Candies, chocolate, dark, NFS (45-59% cacao solids 90%; 60-69% cacao solids 5%; 70-85% cacao solids 5%)",0,
170672,19906,"Sweeteners, for baking, brown, contains sugar and sucralose",0,
170673,19907,"Sweeteners, for baking, contains sugar and sucralose",0,
170674,19908,"Sugar, turbinado",0,
170675,19909,"Sweeteners, sugar substitute, granulated, brown",0,
170275,19910,"Candies, crispy bar with peanut butter filling",0,
170276,19911,"Syrup, maple, Canadian",0,
170277,19912,"Sweetener, syrup, agave",0,
170278,19913,"Candies, NESTLE, BUTTERFINGER Crisp",0,
170676,19914,"Candies, M&M MARS 3 MUSKETEERS Truffle Crisp",0,
170677,19916,"Syrups, chocolate, HERSHEY'S Sugar free, Genuine Chocolate Flavored, Lite Syrup",0,
170678,19917,"Candies, M&M MARS Pretzel Chocolate Candies",0,
170679,19918,"Sweetener, herbal extract powder from Stevia leaf",0,
170279,19919,"Candies, fruit snacks, with high vitamin C",0,
170280,19920,"Jams, preserves, marmalades, sweetened with fruit juice",0,
170281,19921,"Candies, Tamarind",0,
170282,19922,"Candies, coconut bar, not chocolate covered",0,
170680,19923,"Candies, HERSHEYS, PAYDAY Bar",0,
170681,19924,"Syrup, NESTLE, chocolate",0,
170682,20001,"Amaranth grain, uncooked",0,
170683,20002,"Amaranth grain, cooked",0,
170684,20003,Arrowroot flour,0,
170283,20004,"Barley, hulled",0,
170284,20005,"Barley, pearled, raw",0,
170285,20006,"Barley, pearled, cooked",0,
170286,20008,Buckwheat,0,
170685,20009,"Buckwheat groats, roasted, dry",0,
170686,20010,"Buckwheat groats, roasted, cooked",0,
170687,20011,"Buckwheat flour, whole-groat",0,
170688,20012,"Bulgur, dry",0,
170287,20013,"Bulgur, cooked",0,
170288,20014,"Corn grain, yellow",0,
170289,20015,"Corn bran, crude",0,
170290,20016,"Corn flour, whole-grain, yellow",0,
169694,20017,"Corn flour, masa, enriched, white",0,
169695,20018,"Corn flour, yellow, degermed, unenriched",0,
169696,20019,"Corn flour, masa, unenriched, white",0,
169697,20020,"Cornmeal, whole-grain, yellow",0,
168867,20022,"Cornmeal, degermed, enriched, yellow",0,
168868,20023,"Cornmeal, yellow, self-rising, bolted, plain, enriched",0,
168869,20024,"Cornmeal, yellow, self-rising, bolted, with wheat flour added, enriched",0,
168870,20025,"Cornmeal, yellow, self-rising, degermed, enriched",0,
169698,20027,Cornstarch,0,
169699,20028,"Couscous, dry",0,
169700,20029,"Couscous, cooked",0,
169701,20030,"Hominy, canned, white",0,
169702,20031,"Millet, raw",0,
168871,20032,"Millet, cooked",0,
168872,20033,"Oat bran, raw",0,
168873,20034,"Oat bran, cooked",0,
168874,20035,"Quinoa, uncooked",0,
169703,20036,"Rice, brown, long-grain, raw (Includes foods for USDA's Food Distribution Program)",0,
169704,20037,"Rice, brown, long-grain, cooked (Includes foods for USDA's Food Distribution Program)",0,
169705,20038,Oats (Includes foods for USDA's Food Distribution Program),0,
169706,20040,"Rice, brown, medium-grain, raw (Includes foods for USDA's Food Distribution Program)",0,
168875,20041,"Rice, brown, medium-grain, cooked (Includes foods for USDA's Food Distribution Program)",0,
168876,20042,"Rice, brown, parboiled, dry, UNCLE BEN'S",0,
168877,20044,"Rice, white, long-grain, regular, raw, enriched",0,
168878,20045,"Rice, white, long-grain, regular, enriched, cooked",0,
169707,20046,"Rice, white, long-grain, parboiled, enriched, dry",0,
169708,20047,"Rice, white, long-grain, parboiled, enriched, cooked",0,
169709,20048,"Rice, white, long-grain, precooked or instant, enriched, dry",0,
169710,20049,"Rice, white, long-grain, precooked or instant, enriched, prepared",0,
168879,20050,"Rice, white, medium-grain, raw, enriched",0,
168880,20051,"Rice, white, medium-grain, enriched, cooked",0,
168881,20052,"Rice, white, short-grain, enriched, uncooked",0,
168882,20053,"Rice, white, short-grain, enriched, cooked",0,
168883,20054,"Rice, white, glutinous, unenriched, uncooked",0,
169711,20055,"Rice, white, glutinous, unenriched, cooked",0,
169712,20058,"Rice, white, steamed, Chinese restaurant",0,
169713,20060,"Rice bran, crude",0,
169714,20061,"Rice flour, white, unenriched",0,
168884,20062,Rye grain,0,
168885,20063,"Rye flour, dark",0,
168886,20064,"Rye flour, medium",0,
168887,20065,"Rye flour, light",0,
169715,20066,"Semolina, enriched",0,
169716,20067,Sorghum grain,0,
169717,20068,"Tapioca, pearl, dry",0,
169718,20069,Triticale,0,
168888,20070,"Triticale flour, whole-grain",0,
168889,20071,"Wheat, hard red spring",0,
168890,20072,"Wheat, hard red winter",0,
168891,20073,"Wheat, soft red winter",0,
169719,20074,"Wheat, hard white",0,
169720,20075,"Wheat, soft white",0,
169721,20076,"Wheat, durum",0,
169722,20077,"Wheat bran, crude",0,
168892,20078,"Wheat germ, crude",0,
168893,20080,"Wheat flour, whole-grain (Includes foods for USDA's Food Distribution Program)",0,
168894,20081,"Wheat flour, white, all-purpose, enriched, bleached",0,
168895,20082,"Wheat flour, white, all-purpose, self-rising, enriched",0,
168896,20083,"Wheat flour, white, bread, enriched",0,
169723,20084,"Wheat flour, white, cake, enriched",0,
169724,20086,"Wheat flour, white, tortilla mix, enriched",0,
169725,20087,"Wheat, sprouted",0,
169726,20088,"Wild rice, raw",0,
168897,20089,"Wild rice, cooked",0,
168898,20090,"Rice flour, brown",0,
168899,20091,"Pasta, gluten-free, corn, dry",0,
168900,20092,"Pasta, gluten-free, corn, cooked",0,
169727,20093,"Pasta, fresh-refrigerated, plain, as purchased",0,
169728,20094,"Pasta, fresh-refrigerated, plain, cooked",0,
169729,20095,"Pasta, fresh-refrigerated, spinach, as purchased",0,
169730,20096,"Pasta, fresh-refrigerated, spinach, cooked",0,
168901,20097,"Pasta, homemade, made with egg, cooked",0,
168902,20098,"Pasta, homemade, made without egg, cooked",0,
168903,20105,"Macaroni, vegetable, enriched, dry",0,
168904,20106,"Macaroni, vegetable, enriched, cooked",0,
169731,20109,"Noodles, egg, dry, enriched",0,
169732,20110,"Noodles, egg, enriched, cooked",0,
169733,20111,"Noodles, egg, spinach, enriched, dry",0,
169734,20112,"Noodles, egg, spinach, enriched, cooked",0,
168905,20113,"Noodles, chinese, chow mein",0,
168906,20114,"Noodles, japanese, soba, dry",0,
168907,20115,"Noodles, japanese, soba, cooked",0,
168908,20116,"Noodles, japanese, somen, dry",0,
168909,20117,"Noodles, japanese, somen, cooked",0,
169735,20118,"Noodles, flat, crunchy, Chinese restaurant",0,
169736,20120,"Pasta, dry, enriched",0,
169737,20121,"Pasta, cooked, enriched, without added salt",0,
169738,20124,"Pasta, whole-wheat, dry (Includes foods for USDA's Food Distribution Program)",0,
168910,20125,"Pasta, whole-wheat, cooked (Includes foods for USDA's Food Distribution Program)",0,
168911,20126,"Spaghetti, spinach, dry",0,
168912,20127,"Spaghetti, spinach, cooked",0,
168913,20129,"Wheat flours, bread, unenriched",0,
169739,20130,Barley flour or meal,0,
169740,20131,Barley malt flour,0,
169741,20132,"Oat flour, partially debranned",0,
169742,20133,"Rice noodles, dry",0,
168914,20134,"Rice noodles, cooked",0,
168915,20135,"Pasta, whole grain, 51% whole wheat, remaining unenriched semolina, dry",0,
168916,20136,"Pasta, whole grain, 51% whole wheat, remaining unenriched semolina, cooked",0,
168917,20137,"Quinoa, cooked",0,
169743,20138,"Wheat, KAMUT khorasan, uncooked",0,
169744,20139,"Wheat, KAMUT khorasan, cooked",0,
169745,20140,"Spelt, uncooked",0,
169746,20141,"Spelt, cooked",0,
169747,20142,"Teff, uncooked",0,
168918,20143,"Teff, cooked",0,
168919,20310,"Noodles, egg, cooked, enriched, with added salt",0,
168920,20314,"Corn grain, white",0,
168921,20315,"Corn flour, whole-grain, blue (harina de maiz morado)",0,
169748,20316,"Corn flour, whole-grain, white",0,
169749,20317,"Corn flour, yellow, masa, enriched",0,
169750,20320,"Cornmeal, whole-grain, white",0,
169751,20321,"Pasta, cooked, enriched, with added salt",0,
168922,20322,"Cornmeal, degermed, enriched, white",0,
168923,20323,"Cornmeal, white, self-rising, bolted, plain, enriched",0,
168924,20324,"Cornmeal, white, self-rising, bolted, with wheat flour added, enriched",0,
168925,20325,"Cornmeal, white, self-rising, degermed, enriched",0,
169752,20330,"Hominy, canned, yellow",0,
169753,20345,"Rice, white, long-grain, regular, cooked, enriched, with salt",0,
169754,20381,"Wheat flour, white, all-purpose, enriched, calcium-fortified",0,
169755,20409,"Noodles, egg, dry, unenriched",0,
168926,20410,"Noodles, egg, unenriched, cooked, without added salt",0,
168927,20420,"Pasta, dry, unenriched",0,
168928,20421,"Pasta, cooked, unenriched, without added salt",0,
168929,20422,"Cornmeal, degermed, unenriched, yellow",0,
169756,20444,"Rice, white, long-grain, regular, raw, unenriched",0,
169757,20445,"Rice, white, long-grain, regular, unenriched, cooked without salt",0,
169758,20446,"Rice, white, long-grain, parboiled, unenriched, dry",0,
169759,20447,"Rice, white, long-grain, parboiled, unenriched, cooked",0,
169760,20450,"Rice, white, medium-grain, raw, unenriched",0,
168930,20451,"Rice, white, medium-grain, cooked, unenriched",0,
168931,20452,"Rice, white, short-grain, raw, unenriched",0,
168932,20453,"Rice, white, short-grain, cooked, unenriched",0,
168933,20466,"Semolina, unenriched",0,
169761,20481,"Wheat flour, white, all-purpose, unenriched",0,
169762,20510,"Noodles, egg, cooked, unenriched, with added salt",0,
172014,20521,"Pasta, cooked, unenriched, with added salt",0,
172015,20522,"Cornmeal, degermed, unenriched, white",0,
168934,20523,"Spaghetti, protein-fortified, cooked, enriched (n x 6.25)",0,
168935,20545,"Rice, white, long-grain, regular, cooked, unenriched, with salt",0,
168936,20581,"Wheat flour, white, all-purpose, enriched, unbleached",0,
168937,20622,"Spaghetti, protein-fortified, dry, enriched (n x 6.25)",0,
172016,20623,"Wheat flour, white (industrial), 9% protein, bleached, enriched",0,
172017,20624,"Wheat flour, white (industrial), 9% protein, bleached, unenriched",0,
172018,20628,"Wheat flour, white (industrial), 10% protein, bleached, enriched",0,
172019,20629,"Wheat flour, white (industrial), 10% protein, bleached, unenriched",0,
168938,20630,"Wheat flour, white (industrial), 10% protein, unbleached, enriched",0,
168939,20634,"Wheat flour, white (industrial), 11.5% protein, bleached, enriched",0,
168940,20635,"Wheat flour, white (industrial), 11.5% protein, bleached, unenriched",0,
168941,20636,"Wheat flour, white (industrial), 11.5% protein, unbleached, enriched",0,
168942,20640,"Wheat flour, white (industrial), 13% protein, bleached, enriched",0,
172020,20641,"Wheat flour, white (industrial), 13% protein, bleached, unenriched",0,
172021,20645,"Wheat flour, white (industrial), 15% protein, bleached, enriched",0,
172022,20646,"Wheat flour, white (industrial), 15% protein, bleached, unenriched",0,
172023,20647,Millet flour,0,
168943,20648,"Sorghum flour, whole-grain",0,
168944,20649,"Wheat flour, whole-grain, soft wheat",0,
173262,20650,"Sorghum flour, refined, unenriched",0,
173263,20651,"Rice, brown, parboiled, cooked, UNCLE BENS",0,
172024,20652,"Pasta, whole grain, 51% whole wheat, remaining enriched semolina, cooked (Includes foods for USDA's Food Distribution Program)",0,
172025,20653,"Pasta, whole grain, 51% whole wheat, remaining enriched semolina, dry (Includes foods for USDA's Food Distribution Program)",0,
172026,20654,"Pasta, gluten-free, brown rice flour, cooked, TINKYADA",0,
172027,20655,"Pasta, gluten-free, corn flour and quinoa flour, cooked, ANCIENT HARVEST",0,
173264,20656,"Pasta, gluten-free, rice flour and rice bran extract, cooked, DE BOLES",0,
173265,20657,"Pasta, gluten-free, corn and rice flour, cooked",0,
173266,21003,"Fast foods, biscuit, with egg and bacon",0,
173267,21004,"Fast foods, biscuit, with egg and ham",0,
172028,21005,"Fast Foods, biscuit, with egg and sausage",0,
172029,21007,"Fast foods, biscuit, with egg, cheese, and bacon",0,
172030,21008,"Fast foods, biscuit, with ham",0,
172031,21009,"Fast foods, biscuit, with sausage",0,
173268,21010,"Fast foods, biscuit, with crispy chicken fillet",0,
173269,21012,"Fast foods, croissant, with egg, cheese, and bacon",0,
173270,21013,"Fast foods, croissant, with egg, cheese, and ham",0,
173271,21014,"Fast foods, croissant, with egg, cheese, and sausage",0,
173272,21018,"Fast foods, egg, scrambled",0,
172032,21020,"Fast foods, english muffin, with cheese and sausage",0,
172033,21021,"Fast foods, english muffin, with egg, cheese, and canadian bacon",0,
172034,21022,"Fast foods, english muffin, with egg, cheese, and sausage",0,
172035,21024,"Fast foods, french toast sticks",0,
173273,21026,"Fast foods, potatoes, hash browns, round pieces or patty",0,
173274,21028,"Fast foods, vanilla, light, soft-serve ice cream, with cone",0,
173275,21032,"Fast foods, sundae, caramel",0,
173276,21033,"Fast foods, sundae, hot fudge",0,
172036,21034,"Fast foods, sundae, strawberry",0,
172037,21059,"Fast foods, shrimp, breaded and fried",0,
172038,21060,"Fast foods, burrito, with beans",0,
172039,21061,"Fast foods, burrito, with beans and cheese",0,
173277,21063,"Fast foods, burrito, with beans and beef",0,
173278,21064,"Fast foods, burrito, with beans, cheese, and beef",0,
170291,21078,"Fast foods, nachos, with cheese",0,
170292,21080,"Fast foods, nachos, with cheese, beans, ground beef, and tomatoes",0,
170689,21082,"Fast foods, taco with beef, cheese and lettuce, hard shell",0,
170690,21089,"Fast foods, cheeseburger; single, regular patty; plain",0,
170691,21090,"Fast foods, cheeseburger; single, regular patty, with condiments",0,
170692,21091,"Fast foods, cheeseburger; single, regular patty, with condiments and vegetables",0,
170293,21094,"Fast foods, cheeseburger, double, regular patty and bun, with condiments",0,
170294,21096,"Fast foods, cheeseburger; single, large patty; plain",0,
170295,21102,"Fast foods, chicken fillet sandwich, plain with pickles",0,
170296,21105,"Fast foods, fish sandwich, with tartar sauce",0,
170297,21106,"Fast foods, fish sandwich, with tartar sauce and cheese",0,
170693,21107,"Fast foods, hamburger; single, regular patty; plain",0,
170694,21108,"Fast foods, hamburger; single, regular patty; with condiments",0,
170695,21121,"Fast foods, roast beef sandwich, plain",0,
170696,21124,"Fast foods, submarine sandwich, cold cut on white bread with lettuce and tomato",0,
170298,21125,"Fast foods, submarine sandwich, roast beef on white bread with lettuce and tomato",0,
170299,21126,"Fast foods, submarine sandwich, tuna on white bread with lettuce and tomato",0,
170300,21127,"Fast foods, coleslaw",0,
170301,21129,"Fast foods, hush puppies",0,
170697,21130,"Fast foods, onion rings, breaded and fried",0,
170698,21138,"Fast foods, potato, french fried in vegetable oil",0,
170699,21139,"Fast foods, potato, mashed",0,
170700,21141,"BURGER KING, Vanilla Shake",0,
170302,21142,"Fast food, biscuit",0,
170303,21143,"CHICK-FIL-A, Chick-n-Strips",0,
170304,21144,"CHICK-FIL-A, hash browns",0,
170305,21145,"School Lunch, pizza, BIG DADDY'S LS 16"" 51% Whole Grain Rolled Edge Cheese Pizza, frozen",0,
170701,21146,"School Lunch, pizza, BIG DADDY'S LS 16"" 51% Whole Grain Rolled Edge Turkey Pepperoni Pizza, frozen",0,
170702,21147,"School Lunch, pizza, TONY'S SMARTPIZZA Whole Grain 4x6 Cheese Pizza 50/50 Cheese, frozen",0,
170703,21148,"School Lunch, pizza, TONY'S SMARTPIZZA Whole Grain 4x6 Pepperoni Pizza 50/50 Cheese, frozen",0,
170704,21149,"School Lunch, pizza, TONY'S Breakfast Pizza Sausage, frozen",0,
170705,21150,"SUBWAY, sweet onion chicken teriyaki sub on white bread with lettuce, tomato and sweet onion sauce",0,
170306,21151,"Fast foods, submarine sandwich, sweet onion chicken teriyaki on white bread with lettuce, tomato and sweet onion sauce",0,
170307,21152,"SUBWAY, SUBWAY CLUB sub on white bread with lettuce and tomato",0,
170308,21153,"Fast foods, submarine sandwich, turkey, roast beef and ham on white bread with lettuce and tomato",0,
170309,21154,"Fast foods, submarine sandwich, oven roasted chicken on white bread with lettuce and tomato",0,
170706,21155,"Fast foods, submarine sandwich, turkey breast on white bread with lettuce and tomato",0,
170707,21156,"Fast foods, submarine sandwich, ham on white bread with lettuce and tomato",0,
170708,21157,"SUBWAY, meatball marinara sub on white bread (no toppings)",0,
170709,21158,"Fast foods, submarine sandwich, meatball marinara on white bread",0,
170310,21159,"SUBWAY, steak & cheese sub on white bread with American cheese, lettuce and tomato",0,
170311,21160,"Fast foods, submarine sandwich, steak and cheese on white bread with cheese, lettuce and tomato",0,
170312,21161,"SUBWAY, B.L.T. sub on white bread with bacon, lettuce and tomato",0,
170313,21162,"Fast foods, submarine sandwich, bacon, lettuce, and tomato on white bread",0,
170710,21202,"Fast foods, hamburger, large, single patty, with condiments",0,
170711,21207,"SUBWAY, turkey breast sub on white bread with lettuce and tomato",0,
170712,21209,"SUBWAY, black forest ham sub on white bread with lettuce and tomato",0,
170713,21210,"SUBWAY, roast beef sub on white bread with lettuce and tomato",0,
170314,21211,"SUBWAY, oven roasted chicken sub on white bread with lettuce and tomato",0,
170315,21213,"SUBWAY, cold cut sub on white bread with lettuce and tomato",0,
170316,21214,"SUBWAY, tuna sub on white bread with lettuce and tomato",0,
170317,21224,"Pizza, cheese topping, regular crust, frozen, cooked",0,
170714,21225,"Pizza, cheese topping, rising crust, frozen, cooked",0,
170715,21226,"Pizza, meat and vegetable topping, regular crust, frozen, cooked",0,
170716,21227,"Pizza, meat and vegetable topping, rising crust, frozen, cooked",0,
170717,21228,"McDONALD'S, Hamburger",0,
170718,21229,"Fast foods, chicken, breaded and fried, boneless pieces, plain",0,
170318,21230,"Fast Foods, crispy chicken filet sandwich, with lettuce and mayonnaise",0,
170319,21232,"McDONALD'S, FILET-O-FISH",0,
170320,21233,"McDONALD'S, Cheeseburger",0,
170321,21234,"McDONALD'S, QUARTER POUNDER",0,
170719,21235,"McDONALD'S, QUARTER POUNDER with Cheese",0,
170720,21237,"McDONALD'S, BIG MAC",0,
170721,21238,"McDONALD'S, french fries",0,
170722,21239,"WENDY'S, CLASSIC SINGLE Hamburger, no cheese",0,
170322,21240,"WENDY'S, CLASSIC SINGLE Hamburger, with cheese",0,
170323,21241,"WENDY'S, Jr. Hamburger, without cheese",0,
170324,21242,"WENDY'S, Jr. Hamburger, with cheese",0,
170325,21243,"WENDY'S, CLASSIC DOUBLE, with cheese",0,
170723,21244,"WENDY'S, Homestyle Chicken Fillet Sandwich",0,
170724,21245,"WENDY'S, Ultimate Chicken Grill Sandwich",0,
170725,21246,"WENDY'S, Chicken Nuggets",0,
170726,21247,"WENDY'S, french fries",0,
170326,21248,"WENDY'S, Frosty Dairy Dessert",0,
170327,21249,"BURGER KING, french fries",0,
170328,21250,"BURGER KING, Hamburger",0,
170329,21251,"BURGER KING, Cheeseburger",0,
170727,21252,"BURGER KING, WHOPPER, no cheese",0,
170728,21253,"BURGER KING, WHOPPER, with cheese",0,
170729,21254,"BURGER KING, DOUBLE WHOPPER, no cheese",0,
170730,21255,"BURGER KING, DOUBLE WHOPPER, with cheese",0,
170731,21256,"BURGER KING, Chicken Strips",0,
170330,21258,"BURGER KING, Premium Fish Sandwich",0,
170331,21259,"BURGER KING, Original Chicken Sandwich",0,
170332,21260,"TACO BELL, Original Taco with beef, cheese and lettuce",0,
170333,21261,"TACO BELL, Soft Taco with beef, cheese and lettuce",0,
170732,21262,"TACO BELL, Soft Taco with chicken, cheese and lettuce",0,
170733,21263,"TACO BELL, Soft Taco with steak",0,
170734,21264,"TACO BELL, Bean Burrito",0,
170735,21265,"TACO BELL, BURRITO SUPREME with beef",0,
170334,21266,"TACO BELL, BURRITO SUPREME with chicken",0,
170335,21267,"TACO BELL, BURRITO SUPREME with steak",0,
170336,21268,"TACO BELL, Nachos",0,
170337,21269,"TACO BELL, Nachos Supreme",0,
170736,21270,"TACO BELL, Taco Salad",0,
172040,21271,"PIZZA HUT 12"" Cheese Pizza, Hand-Tossed Crust",0,
172041,21272,"PIZZA HUT 12"" Cheese Pizza, Pan Crust",0,
172042,21273,"PIZZA HUT 12"" Cheese Pizza, THIN 'N CRISPY Crust",0,
173279,21274,"PIZZA HUT 12"" Pepperoni Pizza, Hand-Tossed Crust",0,
173280,21275,"PIZZA HUT 12"" Pepperoni Pizza, Pan Crust",0,
173281,21276,"PIZZA HUT 12"" Super Supreme Pizza, Hand-Tossed Crust",0,
173282,21277,"DOMINO'S 14"" Cheese Pizza, Classic Hand-Tossed Crust",0,
173283,21278,"DOMINO'S 14"" Cheese Pizza, Ultimate Deep Dish Crust",0,
172043,21279,"DOMINO'S 14"" Cheese Pizza, Crunchy Thin Crust",0,
172044,21280,"DOMINO'S 14"" Pepperoni Pizza, Classic Hand-Tossed Crust",0,
172045,21281,"DOMINO'S 14"" Pepperoni Pizza, Ultimate Deep Dish Crust",0,
172046,21282,"DOMINO'S 14"" EXTRAVAGANZZA FEAST Pizza, Classic Hand-Tossed Crust",0,
173284,21283,"PAPA JOHN'S 14"" Cheese Pizza, Original Crust",0,
173285,21284,"PAPA JOHN'S 14"" Pepperoni Pizza, Original Crust",0,
173286,21285,"PAPA JOHN'S 14"" The Works Pizza, Original Crust",0,
173287,21286,"PAPA JOHN'S 14"" Cheese Pizza, Thin Crust",0,
172047,21287,"LITTLE CAESARS 14"" Original Round Cheese Pizza, Regular Crust",0,
172048,21288,"LITTLE CAESARS 14"" Original Round Pepperoni Pizza, Regular Crust",0,
172049,21289,"LITTLE CAESARS 14"" Original Round Meat and Vegetable Pizza, Regular Crust",0,
172050,21290,"LITTLE CAESARS 14"" Cheese Pizza, Large Deep Dish Crust",0,
173288,21291,"LITTLE CAESARS 14"" Pepperoni Pizza, Large Deep Dish Crust",0,
173289,21292,"LITTLE CAESARS 14"" Cheese Pizza, Thin Crust",0,
173290,21293,"PIZZA HUT 14"" Cheese Pizza, Hand-Tossed Crust",0,
173291,21294,"PIZZA HUT 14"" Cheese Pizza, Pan Crust",0,
172051,21295,"PIZZA HUT 14"" Cheese Pizza, THIN 'N CRISPY Crust",0,
172052,21296,"PIZZA HUT 14"" Pepperoni Pizza, Hand-Tossed Crust",0,
172053,21297,"PIZZA HUT 14"" Pepperoni Pizza, Pan Crust",0,
172054,21298,"PIZZA HUT 14"" Super Supreme Pizza, Hand-Tossed Crust",0,
173292,21299,"Fast Food, Pizza Chain, 14"" pizza, cheese topping, regular crust",0,
173293,21300,"Fast Food, Pizza Chain, 14"" pizza, cheese topping, thick crust",0,
173294,21301,"Fast Food, Pizza Chain, 14"" pizza, cheese topping, thin crust",0,
173295,21302,"Fast Food, Pizza Chain, 14"" pizza, pepperoni topping, regular crust",0,
173296,21303,"Fast Food, Pizza Chain, 14"" pizza, pepperoni topping, thick crust",0,
172055,21304,"Fast Food, Pizza Chain, 14"" pizza, meat and vegetable topping, regular crust",0,
172056,21305,"Fast foods, griddle cake sandwich, egg, cheese, and sausage",0,
172057,21306,"Fast foods, griddle cake sandwich, sausage",0,
172058,21307,"Fast foods, griddle cake sandwich, egg, cheese, and bacon",0,
173297,21309,"McDONALD'S, Chicken McNUGGETS",0,
173298,21319,"McDONALD'S, Hash Brown",0,
173299,21321,"McDONALD'S, Hotcakes (plain)",0,
173300,21327,"McDONALD'S, Bacon, Egg & Cheese McGRIDDLES",0,
172059,21328,"McDONALD'S, Sausage McGRIDDLES",0,
172060,21329,"McDONALD'S, Sausage, Egg & Cheese McGRIDDLES",0,
172061,21333,"McDONALD'S, Vanilla Reduced Fat Ice Cream Cone",0,
172062,21334,"McDONALD'S, Strawberry Sundae",0,
173301,21335,"McDONALD'S, Hot Caramel Sundae",0,
173302,21336,"McDONALD'S, Hot Fudge Sundae",0,
173303,21338,"McDONALD'S, McFLURRY with M&M'S CANDIES",0,
173304,21339,"McDONALD'S, McFLURRY with OREO cookies",0,
172063,21340,"McDONALD'S, Sausage Burrito",0,
172064,21341,"McDONALD'S, BIG BREAKFAST",0,
172065,21344,"McDONALD'S, Double Cheeseburger",0,
172066,21345,"McDONALD'S, DOUBLE QUARTER POUNDER with Cheese",0,
172067,21350,"McDONALD'S, BIG MAC (without Big Mac Sauce)",0,
173305,21355,"McDONALD'S, McCHICKEN Sandwich",0,
173306,21356,"McDONALD'S, McCHICKEN Sandwich (without mayonnaise)",0,
173307,21357,"McDONALD'S, Egg McMUFFIN",0,
173308,21358,"McDONALD'S, Sausage McMUFFIN",0,
172068,21359,"McDONALD'S, Sausage McMUFFIN with Egg",0,
172069,21360,"McDONALD'S, Bacon Egg & Cheese Biscuit",0,
172070,21361,"McDONALD'S, Sausage Biscuit",0,
172071,21362,"McDONALD'S, Sausage Biscuit with Egg",0,
173309,21363,"McDONALD'S, Deluxe Breakfast, with syrup and margarine",0,
173310,21364,"McDONALD'S, Hotcakes and Sausage",0,
173311,21365,"McDONALD'S, Hotcakes (with 2 pats margarine & syrup)",0,
173312,21376,"McDONALD'S, Bacon Ranch Salad with Grilled Chicken",0,
172072,21377,McDONALD'S Bacon Ranch Salad with Crispy Chicken,0,
172073,21378,"McDONALD'S, Bacon Ranch Salad without chicken",0,
172074,21379,"McDONALD'S, Side Salad",0,
172075,21380,"McDONALD'S, Fruit 'n Yogurt Parfait",0,
173313,21381,"McDONALD'S, Fruit 'n Yogurt Parfait (without granola)",0,
173314,21382,"McDONALD'S, FILET-O-FISH (without tartar sauce)",0,
173315,21383,"BURGER KING, CROISSAN'WICH with Sausage, Egg and Cheese",0,
173316,21384,"BURGER KING, CROISSAN'WICH with Sausage and Cheese",0,
172076,21385,"BURGER KING, CROISSAN'WICH with Egg and Cheese",0,
172077,21386,"BURGER KING, french toast sticks",0,
172078,21387,"BURGER KING, Hash Brown Rounds",0,
172079,21388,"Fast foods, miniature cinnamon rolls",0,
172080,21389,"Fast foods, hamburger; double, large patty; with condiments, vegetables and mayonnaise",0,
173317,21390,"Fast foods, hamburger; single, large patty; with condiments, vegetables and mayonnaise",0,
173318,21393,"Fast foods, hamburger; single, regular patty; double decker bun with condiments and special sauce",0,
173319,21395,"Fast foods, cheeseburger; double, regular patty; with condiments",0,
173320,21396,"Fast foods, cheeseburger; double, large patty; with condiments",0,
172081,21397,"Fast foods, cheeseburger; single, large patty; with condiments, vegetables and mayonnaise",0,
172082,21398,"Fast foods, cheeseburger; single, large patty; with condiments",0,
172083,21399,"Fast Foods, cheeseburger; double, large patty; with condiments, vegetables and mayonnaise",0,
172084,21400,"Fast foods, cheeseburger; double, regular patty; double decker bun with condiments and special sauce",0,
173321,21401,"Fast foods, chicken tenders",0,
173322,21410,"Fast foods, bagel, with egg, sausage patty, cheese, and condiments",0,
173323,21411,"Fast foods, bagel, with breakfast steak, egg, cheese, and condiments",0,
173324,21412,"Light Ice Cream, soft serve, blended with milk chocolate candies",0,
172085,21413,"Light Ice Cream, soft serve, blended with cookie pieces",0,
172086,21415,"POPEYES, biscuit",0,
172087,21416,"POPEYES, Coleslaw",0,
172088,21417,"POPEYES, Mild Chicken Strips, analyzed 2006",0,
170338,21418,"POPEYES, Spicy Chicken Strips, analyzed 2006",0,
170339,21419,"KFC, biscuit",0,
170340,21420,"KFC, Coleslaw",0,
170341,21421,"KFC, Crispy Chicken Strips",0,
170737,21422,"KFC, Popcorn Chicken",0,
170738,21424,"KFC, Fried Chicken, ORIGINAL RECIPE, Skin and Breading",0,
170739,21425,"KFC, Fried Chicken, ORIGINAL RECIPE, Breast, meat only, skin and breading removed",47,"Skin, subcutaneous fat and breading, 28%; Cartilage and bone, 18%; Handling loss, 1%"
170740,21426,"KFC, Fried Chicken, ORIGINAL RECIPE, Drumstick, meat only, skin and breading removed",47,"Skin, subcutaneous fat and breading, 23%; Cartilage and bone, 24%"
170741,21427,"KFC, Fried Chicken, ORIGINAL RECIPE, Thigh, meat only, skin and breading removed",56,"Skin, subcutaneous fat and breading, 36%; Cartilage and bone, 19%; Handling loss, 1%"
170342,21428,"KFC, Fried Chicken, ORIGINAL RECIPE, Wing, meat only, skin and breading removed",63,"Skin, subcutaneous fat and breading, 35%; Cartilage and bone, 26%; Handling loss, 1%"
170343,21429,"KFC, Fried Chicken, EXTRA CRISPY, Skin and Breading",0,
170344,21430,"KFC, Fried Chicken, EXTRA CRISPY, Breast, meat only, skin and breading removed",43,"Skin, subcutaneous fat and breading, 33%; Cartilage and bone, 9%"
170345,21431,"KFC, Fried Chicken, EXTRA CRISPY, Drumstick, meat only, skin and breading removed",49,"Skin, subcutaneous fat and breading, 28%; Cartilage and bone, 21%"
170742,21432,"KFC, Fried Chicken, EXTRA CRISPY, Thigh, meat only, skin and breading removed",53,"Skin, subcutaneous fat and breading, 40%; Cartilage and bone, 13%"
170743,21433,"KFC, Fried Chicken, EXTRA CRISPY, Wing, meat only, skin and breading removed",58,"Skin, subcutaneous fat and breading, 34%; Cartilage and bone, 24%"
170744,21434,"KFC, Fried Chicken, ORIGINAL RECIPE, Breast, meat and skin with breading",18,Cartilage and bone
170745,21435,"KFC, Fried Chicken, ORIGINAL RECIPE, Drumstick, meat and skin with breading",24,Cartilage and bone
170346,21436,"KFC, Fried Chicken, ORIGINAL RECIPE, Thigh, meat and skin with breading",19,Cartilage and bone
170347,21437,"KFC, Fried Chicken, ORIGINAL RECIPE, Wing, meat and skin with breading",26,Cartilage and bone
170348,21438,"KFC, Fried Chicken, EXTRA CRISPY, Breast, meat and skin with breading",9,Cartilage and bone
170349,21439,"KFC, Fried Chicken, EXTRA CRISPY, Drumstick, meat and skin with breading",21,Cartilage and bone
170746,21440,"KFC, Fried Chicken, EXTRA CRISPY, Thigh, meat and skin with breading",13,Cartilage and bone
170747,21441,"KFC, Fried Chicken, EXTRA CRISPY, Wing, meat and skin with breading",24,Cartilage and bone
170748,21442,"POPEYES, Fried Chicken, Mild, Breast, meat only, skin and breading removed",50,"Skin, subcutaneous fat and breading, 32%; Cartilage and bone, 17%; Handling loss, 1%"
170749,21443,"POPEYES, Fried Chicken, Mild, Drumstick, meat only, skin and breading removed",42,"Skin, subcutaneous fat and breading, 22%; Cartilage and bone, 20%"
170350,21444,"POPEYES, Fried Chicken, Mild, Skin and Breading",0,
170351,21445,"POPEYES, Fried Chicken, Mild, Thigh, meat only, skin and breading removed",60,"Skin, subcutaneous fat and breading, 40%; Cartilage and bone, 20%"
170352,21446,"POPEYES, Fried Chicken, Mild, Wing, meat only, skin and breading removed",72,"Skin, subcutaneous fat and breading, 38%; Cartilage and bone, 32%; Handling loss, 1%"
170353,21456,"POPEYES, Fried Chicken, Mild, Breast, meat and skin with breading",17,Cartilage and bone
170354,21457,"POPEYES, Fried Chicken, Mild, Drumstick, meat and skin with breading",20,Cartilage and bone
170750,21458,"POPEYES, Fried Chicken, Mild, Thigh, meat and skin with breading",20,Cartilage and bone
170751,21459,"POPEYES, Fried Chicken, Mild, Wing, meat and skin with breading",32,Cartilage and bone
170752,21461,"Fast foods, grilled chicken, bacon and tomato club sandwich, with cheese, lettuce, and mayonnaise",0,
170753,21462,"Fast foods, crispy chicken, bacon, and tomato club sandwich, with cheese, lettuce, and mayonnaise",0,
170355,21463,"Yogurt parfait, lowfat, with fruit and granola",0,
170356,21464,"Fast Foods, Fried Chicken, Breast, meat only, skin and breading removed",48,"Skin, subcutaneous fat and breading, 30%; Cartilage and bone, 17%; Handling loss, 1%"
170357,21465,"Fast Foods, Fried Chicken, Drumstick, meat only, skin and breading removed",47,"Skin, subcutaneous fat and breading, 24.5%, Cartilage and bone, 22%"
170358,21466,"Fast Foods, Fried Chicken, Thigh, meat only, skin and breading removed",52,"Skin, subcutaneous fat and breading, 38%; Cartilage and bone, 13.6%"
170754,21467,"Fast Foods, Fried Chicken, Wing, meat only, skin and breading removed",67,"Skin, subcutaneous fat and breading, 37%; Cartilage and bone, 29%; Handling loss, 1%"
170755,21468,"Fast Foods, Fried Chicken, Skin and breading from all pieces",0,
170756,21469,"Fast Foods, Fried Chicken, Breast, meat and skin and breading",18,Cartilage and bone
170757,21470,"Fast Foods, Fried Chicken, Drumstick, meat and skin with breading",22,Cartilage and bone
170359,21471,"Fast Foods, Fried Chicken, Thigh, meat and skin and breading",14,Cartilage and bone
170360,21472,"Fast Foods, Fried Chicken, Wing, meat and skin and breading",29,Cartilage and bone
170361,21473,"DIGIORNO Pizza, cheese topping, cheese stuffed crust, frozen, baked",0,
170362,21474,"DIGIORNO Pizza, cheese topping, rising crust, frozen, baked",0,
170758,21475,"DIGIORNO Pizza, cheese topping, thin crispy crust, frozen, baked",0,
170759,21476,"DIGIORNO Pizza, pepperoni topping, cheese stuffed crust, frozen, baked",0,
170760,21477,"DIGIORNO Pizza, pepperoni topping, rising crust, frozen, baked",0,
170761,21478,"DIGIORNO Pizza, pepperoni topping, thin crispy crust, frozen, baked",0,
170363,21479,"DIGIORNO Pizza, supreme topping, rising crust, frozen, baked",0,
170364,21480,"DIGIORNO Pizza, supreme topping, thin crispy crust, frozen, baked",0,
170365,21482,"Fast Food, Pizza Chain, 14"" pizza, sausage topping, thick crust",0,
170366,21483,"Fast Food, Pizza Chain, 14"" pizza, sausage topping, thin crust",0,
170367,21484,"Fast Food, Pizza Chain, 14"" pizza, sausage topping, regular crust",0,
170762,21485,"Fast Food, Pizza Chain, 14"" pizza, pepperoni topping, thin crust",0,
170763,21486,"Fast foods, taco with beef, cheese and lettuce, soft",0,
170764,21487,"Fast foods, taco with chicken, lettuce and cheese, soft",0,
170765,21488,"Fast foods, quesadilla, with chicken",0,
170368,21490,"Fast Foods, grilled chicken filet sandwich, with lettuce, tomato and spread",0,
170369,21491,"PIZZA HUT 14"" Pepperoni Pizza, THIN 'N CRISPY Crust",0,
170370,21492,"DOMINO'S 14"" Pepperoni Pizza, Crunchy Thin Crust",0,
170371,21493,"DOMINO'S 14"" Sausage Pizza, Crunchy Thin Crust",0,
170766,21494,"DOMINO'S 14"" Sausage Pizza, Classic Hand-Tossed Crust",0,
170767,21495,"DOMINO'S 14"" Sausage Pizza, Ultimate Deep Dish Crust",0,
170768,21496,"PIZZA HUT 14"" Sausage Pizza, THIN 'N CRISPY Crust",0,
170769,21497,"PIZZA HUT 14"" Sausage Pizza, Hand-Tossed Crust",0,
170372,21498,"PIZZA HUT 14"" Sausage Pizza, Pan Crust",0,
170373,21505,"Pizza, cheese topping, thin crust, frozen, cooked",0,
170374,21506,"BURGER KING, Double Cheeseburger",0,
170784,21507,"WENDY'S, Double Stack, with cheese",0,
170770,21508,"WEND'YS, Crispy Chicken Sandwich",0,
170771,21509,"BURGER KING, Onion Rings",0,
170772,21510,"WENDY'S, DAVE'S Hot 'N Juicy 1/4 LB, single",0,
170773,21511,"Fast Food, Pizza Chain, 14"" pizza, cheese topping, stuffed crust",0,
170774,21512,"PIZZA HUT 14"" Cheese Pizza, Stuffed Crust",0,
170785,21517,"Fast foods, crispy chicken in tortilla, with lettuce, cheese, and ranch sauce",0,
170786,21518,"Fast foods, grilled chicken in tortilla, with lettuce, cheese, and ranch sauce",0,
170787,21519,"Fast foods, breakfast burrito, with egg, cheese, and sausage",0,
170788,21520,"Fast foods, breadstick, soft, prepared with garlic and parmesan cheese",0,
170775,21521,"Fast foods, strawberry banana smoothie made with ice and low-fat yogurt",0,
170776,21522,"McDONALD'S, Southern Style Chicken Biscuit",0,
170777,21523,"McDONALD'S, RANCH SNACK WRAP, Crispy",0,
170778,21524,"McDONALD'S, RANCH SNACK WRAP, Grilled",0,
170789,21525,"PIZZA HUT, breadstick, parmesan garlic",0,
170790,21526,"CHICK-FIL-A, chicken sandwich",0,
170791,21527,"ARBY'S, roast beef sandwich, classic",0,
170792,21600,"School Lunch, pizza, cheese topping, thin crust, whole grain, frozen, cooked",0,
170779,21601,"School Lunch, pizza, cheese topping, thick crust, whole grain, frozen, cooked",0,
170780,21602,"School Lunch, pizza, pepperoni topping, thin crust, whole grain, frozen, cooked",0,
170781,21603,"School Lunch, pizza, pepperoni topping, thick crust, whole grain, frozen, cooked",0,
170782,21604,"School Lunch, pizza, sausage topping, thin crust, whole grain, frozen, cooked",0,
170793,21605,"School Lunch, pizza, sausage topping, thick crust, whole grain, frozen, cooked",0,
170794,21610,"School Lunch, chicken patty, whole grain breaded",0,
170795,21611,"School Lunch, chicken nuggets, whole grain breaded",0,
173325,22247,"Macaroni and Cheese, canned entree",0,
172089,22401,"Spaghetti with meat sauce, frozen entree",0,
172090,22402,"Beef macaroni with tomato sauce, frozen entree, reduced fat",0,
172091,22522,"Pasta with Sliced Franks in Tomato Sauce, canned entree",0,
172092,22528,"Turkey Pot Pie, frozen entree",0,
172093,22529,"Beef Pot Pie, frozen entree, prepared",0,
173326,22535,"HOT POCKETS, CROISSANT POCKETS Chicken, Broccoli, and Cheddar Stuffed Sandwich, frozen",0,
173327,22537,"HOT POCKETS Ham 'N Cheese Stuffed Sandwich, frozen",0,
173328,22899,"Ravioli, cheese-filled, canned",0,
173329,22900,"Ravioli, meat-filled, with tomato sauce or meat sauce, canned",0,
172094,22901,"Tortellini, pasta with cheese filling, fresh-refrigerated, as purchased",0,
172095,22902,"Pizza, meat topping, thick crust, frozen, cooked",0,
172096,22903,"Pizza, pepperoni topping, regular crust, frozen, cooked",0,
172097,22904,"Chili con carne with beans, canned entree",0,
173330,22905,"Beef stew, canned entree",0,
173331,22906,"Chicken pot pie, frozen entree, prepared",0,
173332,22908,"Beef, corned beef hash, with potato, canned",0,
173333,22910,"Lasagna, cheese, frozen, prepared",0,
172098,22911,"Chili, no beans, canned entree",0,
172099,22912,"Spaghetti, with meatballs in tomato sauce, canned",0,
172100,22914,"Pasta with tomato sauce, no meat, canned",0,
172101,22915,"Lasagna with meat & sauce, low-fat, frozen entree",0,
173334,22916,"Lasagna with meat & sauce, frozen entree",0,
173335,22917,"Burrito, beef and bean, frozen",0,
173336,22918,"Burrito, bean and cheese, frozen",0,
173337,22919,"Macaroni and Cheese, canned, microwavable",0,
172102,22928,"Burrito, beef and bean, microwaved",0,
172103,22953,"Egg rolls, pork, refrigerated, heated",0,
172104,22954,"Egg rolls, chicken, refrigerated, heated",0,
172105,22955,"Egg rolls, vegetable, frozen, prepared",0,
172106,22956,"Lasagna, Vegetable, frozen, baked",0,
173338,22957,"Turkey, stuffing, mashed potatoes w/gravy, assorted vegetables, frozen, microwaved",0,
173339,22958,"Rice bowl with chicken, frozen entree, prepared (includes fried, teriyaki, and sweet and sour varieties)",0,
173340,22959,"Macaroni and cheese dinner with dry sauce mix, boxed, uncooked",0,
173341,22960,"Macaroni and cheese, dry mix, prepared with 2% milk and 80% stick margarine from dry mix",0,
172107,22961,"HOT POCKETS, meatballs & mozzarella stuffed sandwich, frozen",0,
172108,22962,"LEAN POCKETS, Ham N Cheddar",0,
172109,22963,"Lean Pockets, Meatballs & Mozzarella",0,
172110,22969,"Chili with beans, microwavable bowls",0,
173342,22970,"Macaroni and cheese, frozen entree",0,
173343,22971,Potato salad with egg,0,
173344,22972,Pulled pork in barbecue sauce,0,
173345,22973,"Corn dogs, frozen, prepared",0,
172111,22974,"Chicken, nuggets, dark and white meat, precooked, frozen, not reheated",0,
172112,22975,"Chicken, nuggets, white meat, precooked, frozen, not reheated",0,
172113,22976,"Ravioli, cheese with tomato sauce, frozen, not prepared, includes regular and light entrees",0,
172114,22977,"Lasagna with meat sauce, frozen, prepared",0,
173346,22978,"Chicken tenders, breaded, frozen, prepared",0,
173347,22998,"RICE-A-RONI, chicken flavor, unprepared",0,
173348,22999,"Rice and vermicelli mix, chicken flavor, prepared with 80% margarine",0,
173349,23000,"Beef, shoulder pot roast or steak, boneless, separable lean and fat, trimmed to 0"" fat, all grades, raw",6,Connective tissue 6%
173350,23001,"Beef, short loin, porterhouse steak, separable lean and fat, trimmed to 1/8"" fat, all grades, raw",23,Bone and connective tissue 23%
172115,23002,"Beef, short loin, porterhouse steak, separable lean and fat, trimmed to 1/8"" fat, all grades, cooked, grilled",26,Bone and connective tissue 26%
172116,23003,"Beef, short loin, porterhouse steak, separable lean and fat, trimmed to 1/8"" fat, select, raw",24,Bone and connective tissue 24%
172117,23004,"Beef, short loin, porterhouse steak, separable lean and fat, trimmed to 1/8"" fat, select, cooked, grilled",30,Bone and connective tissue 30%
172118,23005,"Beef, short loin, t-bone steak, separable lean and fat, trimmed to 1/8"" fat, all grades, raw",25,Bone and connective tissue 25%
173351,23006,"Beef, short loin, t-bone steak, separable lean and fat, trimmed to 1/8"" fat, all grades, cooked, grilled",30,Bone and connective tissue 30%
173352,23007,"Beef, short loin, t-bone steak, separable lean and fat, trimmed to 1/8"" fat, select, raw",26,Bone and connective tissue
173353,23008,"Beef, short loin, t-bone steak, separable lean and fat, trimmed to 1/8"" fat, select, cooked, grilled",32,Bone and connective tissue 32%
173354,23030,"Beef, round, knuckle, tip side, steak, separable lean and fat, trimmed to 0"" fat, choice, raw",0,
172119,23031,"Beef, round, knuckle, tip side, steak, separable lean and fat, trimmed to 0"" fat, choice, cooked, grilled",0,
172120,23032,"Beef, round, knuckle, tip side, steak, separable lean and fat , trimmed to 0"" fat, select, raw",0,
172121,23033,"Beef, round, knuckle, tip side, steak, separable lean and fat, trimmed to 0"" fat, select, cooked, grilled",0,
172122,23034,"Beef, chuck, shoulder clod, shoulder tender, medallion, separable lean and fat, trimmed to 0"" fat, choice, raw",0,
173355,23035,"Beef, chuck, shoulder clod, shoulder tender, medallion, separable lean and fat, trimmed to 0"" fat, choice, cooked, grilled",0,
173356,23036,"Beef, chuck, shoulder clod, shoulder tender, medallion, separable lean and fat, trimmed to 0"" fat, select, raw",0,
173357,23037,"Beef, chuck, shoulder clod, shoulder top and center steaks, separable lean and fat, trimmed to 0"" fat, choice, raw",0,
173358,23038,"Beef, chuck, shoulder clod, shoulder top and center steaks, separable lean and fat, trimmed to 0"" fat, choice, cooked, grilled",0,
172123,23039,"Beef, chuck, shoulder clod, shoulder top and center steaks, separable lean and fat, trimmed to 0"" fat, select, raw",0,
172124,23040,"Beef, chuck, shoulder clod, shoulder top and center steaks, separable lean and fat, trimmed to 0"" fat, select, cooked, grilled",0,
172125,23041,"Beef, chuck, shoulder clod, top blade, steak, separable lean and fat, trimmed to 0"" fat, choice, raw",0,
172126,23042,"Beef, chuck, shoulder clod, top blade, steak, separable lean and fat, trimmed to 0"" fat, choice, cooked, grilled",0,
173359,23043,"Beef, chuck, shoulder clod, top blade, steak, separable lean and fat, trimmed to 0"" fat, select, raw",0,
173360,23044,"Beef, chuck, shoulder clod, top blade, steak, separable lean and fat, trimmed to 0"" fat, select, cooked, grilled",0,
173361,23045,"Beef, round, knuckle, tip center, steak, separable lean and fat, trimmed to 0"" fat, choice, raw",0,
173362,23046,"Beef, round, knuckle, tip center, steak, separable lean and fat, trimmed to 0"" fat, choice, cooked, grilled",0,
173363,23047,"Beef, round, knuckle, tip center, steak, separable lean and fat, trimmed to 0"" fat, select, raw",0,
172127,23048,"Beef, round, knuckle, tip center, steak, separable lean and fat, trimmed to 0"" fat, select, cooked, grilled",0,
172128,23049,"Beef, round, outside round, bottom round, steak, separable lean and fat, trimmed to 0"" fat, choice, raw",0,
172129,23050,"Beef, round, outside round, bottom round, steak, separable lean and fat, trimmed to 0"" fat, choice, cooked, grilled",0,
172130,23051,"Beef, round, outside round, bottom round, steak, separable lean and fat, trimmed to 0"" fat, select, raw",0,
173364,23052,"Beef, round, outside round, bottom round, steak, separable lean and fat, trimmed to 0"" fat, select, cooked, grilled",0,
173365,23053,"Beef, chuck, shoulder clod, shoulder tender, medallion, separable lean and fat, trimmed to 0"" fat, all grades, raw",0,
173366,23054,"Beef, chuck, shoulder clod, shoulder tender, medallion, separable lean and fat, trimmed to 0"" fat, all grades, cooked, grilled",0,
173367,23055,"Beef, round, knuckle, tip side, steak, separable lean and fat, trimmed to 0"" fat, all grades, raw",0,
172131,23056,"Beef, round, knuckle, tip side, steak, separable lean and fat, trimmed to 0"" fat, all grades, cooked, grilled",0,
172132,23057,"Beef, chuck, shoulder clod, shoulder top and center steaks, separable lean and fat, trimmed to 0"" fat, all grades, raw",0,
172133,23058,"Beef, chuck, shoulder clod, shoulder top and center steaks, separable lean and fat, trimmed to 0"" fat, all grades, cooked, grilled",0,
172134,23059,"Beef, chuck, shoulder clod, top blade, steak, separable lean and fat, trimmed to 0"" fat, all grades, raw",0,
173368,23060,"Beef, chuck, shoulder clod, top blade, steak, separable lean and fat, trimmed to 0"" fat, all grades, cooked, grilled",0,
173369,23061,"Beef, round, knuckle, tip center, steak, separable lean and fat, trimmed to 0"" fat, all grades, raw",0,
173370,23062,"Beef, round, knuckle, tip center, steak, separable lean and fat, trimmed to 0"" fat, all grades, cooked, grilled",0,
173371,23063,"Beef, round, outside round, bottom round, steak, separable lean and fat, trimmed to 0"" fat, all grades, raw",0,
172135,23064,"Beef, round, outside round, bottom round, steak, separable lean and fat, trimmed to 0"" fat, all grades, cooked, grilled",0,
172136,23065,"Beef, chuck, shoulder clod, shoulder tender, medallion, separable lean and fat, trimmed to 0"" fat, select, cooked, grilled",0,
170783,23066,"Beef, chuck, short ribs, boneless, separable lean only, trimmed to 0"" fat, choice, raw",26,"Connective tissue 7%, seam fat 19%"
171193,23067,"Beef, chuck, short ribs, boneless, separable lean only, trimmed to 0"" fat, select, raw",25,"Connective tissue 6%, seam fat 19%"
170796,23068,"Beef, chuck, short ribs, boneless, separable lean only, trimmed to 0"" fat, all grades, raw",26,"Connective tissue 7%, seam fat 19%"
170797,23069,"Beef, chuck eye Country-Style ribs, boneless, separable lean only, trimmed to 0"" fat, choice, cooked, braised",27,"Connective tissue 9%, seam fat 18%"
170798,23070,"Beef, chuck eye Country-Style ribs, boneless, separable lean only, trimmed to 0"" fat, select, cooked, braised",24,"Connective tissue 8%, seam fat 16%"
170799,23071,"Beef, chuck eye Country-Style ribs, boneless, separable lean only, trimmed to 0"" fat, all grades, cooked, braised",26,"Connective tissue 9%, seam fat 17%"
170800,23072,"Beef, chuck eye Country-Style ribs, boneless, separable lean only, trimmed to 0"" fat, choice, raw",22,"Connective tissue 8%, seam fat 14%"
171194,23073,"Beef, chuck eye Country-Style ribs, boneless, separable lean only, trimmed to 0"" fat, select, raw",23,"Connective tissue 10%, seam fat 13%"
171195,23074,"Beef, chuck eye Country-Style ribs, boneless, separable lean only, trimmed to 0"" fat, all grades, raw",22,"Connective tissue 9%, seam fat 13%"
171196,23075,"Beef, chuck eye steak, boneless, separable lean only, trimmed to 0"" fat, choice, cooked, grilled",24,"Connective tissue 6%, seam fat 18%"
171197,23076,"Beef, chuck eye steak, boneless, separable lean only, trimmed to 0"" fat, select, cooked, grilled",22,"Connective tissue 5%, seam fat 17%"
170801,23077,"Beef, chuck eye steak, boneless, separable lean only, trimmed to 0"" fat, all grades, cooked, grilled",23,"Connective tissue 5%, seam fat 18%"
170802,23078,"Beef, chuck eye steak, boneless, separable lean only, trimmed to 0"" fat, choice, raw",27,"Connective tissue 10%, seam fat 17%"
170803,23079,"Beef, chuck eye steak, boneless, separable lean only, trimmed to 0"" fat, select, raw",26,"Connective tissue 9%, seam fat 17%"
170804,23080,"Beef, chuck eye steak, boneless, separable lean only, trimmed to 0"" fat, all grades, raw",27,"Connective tissue 10%, seam fat 17%"
171198,23081,"Beef, shoulder pot roast, boneless, separable lean only, trimmed to 0"" fat, choice, cooked, braised",10,"Connective tissue 8%, seam fat 2%"
171199,23082,"Beef, shoulder pot roast, boneless, separable lean only, trimmed to 0"" fat, select, cooked, braised",10,"Connective tissue 7%, seam fat 3%"
171200,23083,"Beef, shoulder pot roast, boneless, separable lean only, trimmed to 0"" fat, all grades, cooked, braised",10,"Connective tissue 8%, seam fat 2%"
171201,23084,"Beef, chuck, mock tender steak, boneless, separable lean only, trimmed to 0"" fat, choice, cooked, braised",15,"Connective tissue 6%, seam fat 9%"
170805,23085,"Beef, chuck, mock tender steak, boneless, separable lean only, trimmed to 0"" fat, select, cooked, braised",14,"Connective tissue 5%, seam fat 9%"
170806,23086,"Beef, chuck, mock tender steak, boneless, separable lean only, trimmed to 0"" fat, all grades, cooked, braised",14,"Connective tissue 6%, seam fat 8%"
170807,23087,"Beef, chuck, mock tender steak, boneless, separable lean only, trimmed to 0"" fat, choice, raw",6,"Connective tissue 5%, seam fat 1%"
170808,23088,"Beef, chuck, mock tender steak, boneless, separable lean only, trimmed to 0"" fat, select, raw",5,"Connective tissue 4%, seam fat 1%"
171202,23089,"Beef, chuck, mock tender steak, boneless, separable lean only, trimmed to 0"" fat, all grades, raw",5,"Connective tissue 4%, seam fat 1%"
171203,23090,"Beef, chuck for stew, separable lean and fat, all grades, cooked, braised",0,
171204,23091,"Beef, chuck for stew, separable lean and fat, select, cooked, braised",0,
171205,23092,"Beef, chuck for stew, separable lean and fat, choice, cooked, braised",0,
171206,23093,"Beef, chuck for stew, separable lean and fat, all grades, raw",0,
170809,23094,"Beef, chuck for stew, separable lean and fat, select, raw",0,
170810,23095,"Beef, chuck for stew, separable lean and fat, choice, raw",0,
170811,23096,"Beef, chuck, under blade steak, boneless, separable lean only, trimmed to 0"" fat, choice, cooked, braised",22,"Connective tissue 5%, seam fat 17%"
170812,23097,"Beef, chuck, under blade steak, boneless, separable lean only, trimmed to 0"" fat, select, cooked, braised",17,"Connective tissue 4%, seam fat 13%"
171207,23098,"Beef, chuck, under blade steak, boneless, separable lean only, trimmed to 0"" fat, all grades, cooked, braised",20,"Connective tissue 5%, seam fat 15%"
171208,23099,"Beef, chuck, under blade pot roast, boneless, separable lean and fat, trimmed to 0"" fat, all grades, cooked, braised",4,Connective tissue 4%
171209,23100,"Beef, rib eye steak, boneless, lip-on, separable lean only, trimmed to 1/8"" fat, all grades, cooked, grilled",26,"connective tissue 6%, Separable fat 20%"
171210,23101,"Beef, rib eye roast, bone-in, lip-on, separable lean only, trimmed to 1/8"" fat, choice, cooked, roasted",32,"Bone and connective tissue 16%, separable fat 16%"
170813,23102,"Beef, chuck, under blade pot roast or steak, boneless, separable lean and fat, trimmed to 0"" fat, all grades, raw",6,Connective tissue 6%
170814,23103,"Beef, chuck, under blade pot roast or steak, boneless, separable lean and fat, trimmed to 0"" fat, choice, raw",6,Connective tissue 6%
170815,23104,"Beef, chuck, under blade pot roast or steak, boneless, separable lean and fat, trimmed to 0"" fat, select, raw",6,Connective tissue 6%
170816,23105,"Beef, chuck, under blade center steak, boneless, Denver Cut, separable lean and fat, trimmed to 0"" fat, all grades, cooked, grilled",1,Connective tissue 1%
171211,23106,"Beef, chuck, under blade center steak, boneless, Denver Cut, separable lean and fat, trimmed to 0"" fat, choice, cooked, grilled",1,Connective tissue 1%
171212,23107,"Beef, chuck, under blade center steak, boneless, Denver Cut, separable lean and fat, trimmed to 0"" fat, select, cooked, grilled",1,Connective tissue 1%
171213,23108,"Beef, chuck, under blade center steak, boneless, Denver Cut, separable lean and fat, trimmed to 0"" fat, all grades, raw",2,Connective tissue 2%
171214,23109,"Beef, chuck, under blade center steak, boneless, Denver Cut, separable lean and fat, trimmed to 0"" fat, choice, raw",1,Connective tissue 1%
170817,23110,"Beef, chuck, under blade center steak, boneless, Denver Cut, separable lean and fat, trimmed to 0"" fat, select, raw",2,Connective tissue 2%
170818,23111,"Beef, shoulder pot roast or steak, boneless, separable lean and fat, trimmed to 0"" fat, choice, raw",6,Connective tissue 6%
170819,23112,"Beef, shoulder pot roast or steak, boneless, separable lean and fat, trimmed to 0"" fat, select, raw",6,Connective tissue 6%
170820,23113,"Beef, chuck eye roast, boneless, America's Beef Roast, separable lean and fat, trimmed to 0"" fat, all grades, cooked, roasted",7,Connective tissue 7%
171215,23114,"Beef, chuck eye roast, boneless, America's Beef Roast, separable lean and fat, trimmed to 0"" fat, choice, cooked, roasted",6,Connective tissue 6%
171216,23115,"Beef, chuck eye roast, boneless, America's Beef Roast, separable lean and fat, trimmed to 0"" fat, select, cooked, roasted",7,Connective tissue 7%
171217,23116,"Beef, chuck, under blade steak, boneless, separable lean and fat, trimmed to 0"" fat, all grades, cooked, braised",5,Connective tissue 5%
171218,23117,"Beef, chuck, under blade steak, boneless, separable lean and fat, trimmed to 0"" fat, choice, cooked, braised",5,Connective tissue 5%
171219,23118,"Beef, chuck, under blade steak, boneless, separable lean and fat, trimmed to 0"" fat, select, cooked, braised",4,Connective tissue 4%
170821,23119,"Beef, chuck, mock tender steak, boneless, separable lean and fat, trimmed to 0"" fat, all grades, cooked, braised",6,Connective tissue 6%
170822,23120,"Beef, chuck, mock tender steak, boneless, separable lean and fat, trimmed to 0"" fat, choice, cooked, braised",6,Connective tissue 6%
170823,23121,"Beef, chuck, mock tender steak, boneless, separable lean and fat, trimmed to 0"" fat, select, cooked, braised",5,Connective tissue 5%
170824,23122,"Beef, chuck, mock tender steak, boneless, separable lean and fat, trimmed to 0"" fat, all grades, raw",4,Connective tissue 4%
171220,23123,"Beef, chuck, mock tender steak, boneless, separable lean and fat, trimmed to 0"" fat, choice, raw",5,Connective tissue 5%
171221,23124,"Beef, chuck, mock tender steak, boneless, separable lean and fat, trimmed to 0"" fat, select, raw",4,Connective tissue 4%
171222,23125,"Beef, chuck, short ribs, boneless, separable lean and fat, trimmed to 0"" fat, all grades, cooked, braised",6,Connective tissue 6%
171223,23126,"Beef, chuck, short ribs, boneless, separable lean and fat, trimmed to 0"" fat, choice, cooked, braised",7,Connective tissue 7%
170825,23127,"Beef, chuck, short ribs, boneless, separable lean and fat, trimmed to 0"" fat, select, cooked, braised",6,Connective tissue 6%
170826,23128,"Beef, chuck, short ribs, boneless, separable lean and fat, trimmed to 0"" fat, all grades, raw",7,Connective tissue 7%
170827,23129,"Beef, chuck, short ribs, boneless, separable lean and fat, trimmed to 0"" fat, choice, raw",7,Connective tissue 7%
170828,23130,"Beef, chuck, short ribs, boneless, separable lean and fat, trimmed to 0"" fat, select, raw",6,Connective tissue 6%
171224,23131,"Beef, shoulder pot roast, boneless, separable lean and fat, trimmed to 0"" fat, all grades, cooked, braised",8,Connective tissue 8%
171225,23132,"Beef, shoulder pot roast, boneless, separable lean and fat, trimmed to 0"" fat, choice, cooked, braised",8,Connective tissue 8%
171226,23133,"Beef, shoulder pot roast, boneless, separable lean and fat, trimmed to 0"" fat, select, cooked, braised",7,Connective tissue 7%
171227,23134,"Beef, chuck eye Country-Style ribs, boneless, separable lean and fat, trimmed to 0"" fat, all grades, cooked, braised",9,Connective tissue 9%
170829,23135,"Beef, chuck eye Country-Style ribs, boneless, separable lean and fat, trimmed to 0"" fat, choice, cooked, braised",9,Connective tissue 9%
170830,23136,"Beef, chuck eye Country-Style ribs, boneless, separable lean and fat, trimmed to 0"" fat, select, cooked, braised",8,Connective tissue 8%
170831,23137,"Beef, chuck eye Country-Style ribs, boneless, separable lean and fat, trimmed to 0"" fat, all grades, raw",9,Connective tissue 9%
170832,23138,"Beef, chuck eye Country-Style ribs, boneless, separable lean and fat, trimmed to 0"" fat, choice, raw",8,Connective tissue 8%
170833,23139,"Beef, chuck eye Country-Style ribs, boneless, separable lean and fat, trimmed to 0"" fat, select, raw",10,Connective tissue 10%
171228,23140,"Beef, chuck eye steak, boneless, separable lean and fat, trimmed to 0"" fat, all grades, cooked, grilled",5,Connective tissue 5%
171229,23141,"Beef, chuck eye steak, boneless, separable lean and fat, trimmed to 0"" fat, choice, cooked, grilled",6,Connective tissue 6%
171230,23142,"Beef, chuck eye steak, boneless, separable lean and fat, trimmed to 0"" fat, select, cooked, grilled",5,Connective tissue 5%
171231,23143,"Beef, chuck eye steak, boneless, separable lean and fat, trimmed to 0"" fat, all grades, raw",10,Connective tissue 10%
170834,23144,"Beef, chuck eye steak, boneless, separable lean and fat, trimmed to 0"" fat, choice, raw",10,Connective tissue 10%
170835,23145,"Beef, chuck eye steak, boneless, separable lean and fat, trimmed to 0"" fat, select, raw",9,Connective tissue 9%
170836,23146,"Beef, rib eye roast, bone-in, lip-on, separable lean only, trimmed to 1/8"" fat, all grades, cooked, roasted",32,"Bone and connective tissue 16%, Separable fat 16%"
170837,23147,"Beef, rib eye roast, bone-in, lip-on, separable lean only, trimmed to 1/8"" fat, select, cooked, roasted",32,"Bone and connective tissue 16%, Separable fat 16%"
171232,23148,"Beef, rib eye steak, boneless, lip-on, separable lean only, trimmed to 1/8"" fat, choice, cooked, grilled",27,"connective tissue 5%, Separable fat 22%"
171233,23149,"Beef, rib eye steak, boneless, lip-on, separable lean only, trimmed to 1/8"" fat, select, cooked, grilled",25,"Connective tissue 6%, Separable fat 19%"
171234,23150,"Beef, rib eye steak/roast, bone-in, lip-on, separable lean only, trimmed to 1/8"" fat, all grades, raw",35,"Bone and connective tissue 14%, Separable fat 21%"
171235,23151,"Beef, rib eye steak/roast, bone-in, lip-on, separable lean only, trimmed to 1/8"" fat, choice, raw",36,"Bone and connective tissue 14%, Separable fat 22%"
170838,23152,"Beef, rib eye steak/roast, bone-in, lip-on, separable lean only, trimmed to 1/8"" fat, select, raw",35,"Bone and connective tissue 15%, Separable fat 20%"
170839,23153,"Beef, rib eye steak/roast, boneless, lip-on, separable lean only, trimmed to 1/8"" fat, all grades, raw",24,"Connective tissue 4%, Separable fat 20%"
170840,23154,"Beef, rib eye steak/roast, boneless, lip-on, separable lean only, trimmed to 1/8"" fat, choice, raw",25,"Connective tissue 4%, Separable fat 21%"
170841,23155,"Beef, rib eye steak/roast, boneless, lip-on, separable lean only, trimmed to 1/8"" fat, select, raw",21,"Connective tissue 3%, Separable fat 18%"
171236,23156,"Beef, rib eye steak, bone-in, lip-on, separable lean only, trimmed to 1/8"" fat, all grades, cooked, grilled",38,"Bone and connective tissue 19%, Separable fat 19%"
171237,23157,"Beef, rib eye steak, bone-in, lip-on, separable lean only, trimmed to 1/8"" fat, choice, cooked, grilled",38,"Bone and connective tissue 19%, Separable fat 19%"
171238,23158,"Beef, rib eye steak, bone-in, lip-on, separable lean only, trimmed to 1/8"" fat, select, cooked, grilled",39,"Bone and connective tissue 20%, Separable fat 19%"
171239,23159,"Beef, rib eye roast, boneless, lip-on, separable lean only, trimmed to 1/8"" fat, all grades, cooked, roasted",24,"Connective tissue 5%, Separable fat 19%"
170842,23160,"Beef, rib eye roast, boneless, lip-on, separable lean only, trimmed to 1/8"" fat, choice, cooked, roasted",25,"connective tissue 6%, Separable fat 19%"
173372,23161,"Beef, rib eye roast, boneless, lip-on, separable lean only, trimmed to 1/8"" fat, select, cooked, roasted",23,"Connective tissue 5%, Separable fat 18%"
173373,23162,"Beef, plate steak, boneless, inside skirt, separable lean only, trimmed to 0"" fat, all grades, cooked, grilled",4,"Connective tissue 1%, Separable fat 3%"
173374,23163,"Beef, plate steak, boneless, inside skirt, separable lean only, trimmed to 0"" fat, all grades, raw",7,"Connective tissue 1%, Separable fat 6%"
173375,23164,"Beef, plate steak, boneless, inside skirt, separable lean only, trimmed to 0"" fat, choice, cooked, grilled",4,"Connective tissue 1%, Separable fat 3%"
172137,23165,"Beef, plate steak, boneless, inside skirt, separable lean only, trimmed to 0"" fat, choice, raw",7,"Connective tissue 1%, Separable fat 6%"
172138,23166,"Beef, plate steak, boneless, inside skirt, separable lean only, trimmed to 0"" fat, select, cooked, grilled",4,"Connective tissue 1%, Separable fat 3%"
172139,23167,"Beef, plate steak, boneless, inside skirt, separable lean only, trimmed to 0"" fat, select, raw",6,"Connective tissue 1%, Separable fat 5%"
172140,23168,"Beef, plate steak, boneless, outside skirt, separable lean only, trimmed to 0"" fat, all grades, cooked, grilled",4,"Connective tissue 0.5%, Separable fat 3.5%"
173376,23169,"Beef, plate steak, boneless, outside skirt, separable lean only, trimmed to 0"" fat, all grades, raw",8,"Connective tissue 1%, Separable fat 7%"
173377,23170,"Beef, plate steak, boneless, outside skirt, separable lean only, trimmed to 0"" fat, choice, cooked, grilled",4,"Connective tissue 0.3%, Separable fat 3.3%"
173378,23171,"Beef, plate steak, boneless, outside skirt, separable lean only, trimmed to 0"" fat, choice, raw",9,"Connective tissue 1%, Separable fat 8%"
173379,23172,"Beef, plate steak, boneless, outside skirt, separable lean only, trimmed to 0"" fat, select, cooked, grilled",4,"Connective tissue 0%, Separable fat 4%"
172141,23173,"Beef, plate steak, boneless, outside skirt, separable lean only, trimmed to 0"" fat, select, raw",8,"Connective tissue 1%, Separable fat 7%"
172142,23174,"Beef, rib eye steak, boneless, lip off, separable lean only, trimmed to 0"" fat, all grades, cooked, grilled",26,"Connective tissue 5%, Separable fat 16%"
172143,23175,"Beef, rib eye steak, boneless, lip off, separable lean only, trimmed to 0"" fat, all grades, raw",24,"Connective tissue 4%, Separable fat 17%"
172144,23176,"Beef, rib eye steak, boneless, lip off, separable lean only, trimmed to 0"" fat, choice, cooked, grilled",27,"Connective tissue 5%, Separable fat 18%"
173380,23177,"Beef, rib eye steak, boneless, lip off, separable lean only, trimmed to 0"" fat, choice, raw",25,"Connective tissue 4%, Separable fat 18%"
173381,23178,"Beef, rib eye steak, boneless, lip off, separable lean only, trimmed to 0"" fat, select, cooked, grilled",24,"Connective tissue 5%, Separable fat 13%"
173382,23179,"Beef, rib eye steak, boneless, lip off, separable lean only, trimmed to 0"" fat, select, raw",22,"Connective tissue 3%, Separable fat 14%"
173383,23180,"Beef, rib, back ribs, bone-in, separable lean only, trimmed to 0"" fat, all grades, cooked, braised",69,"Bone and connective tissue 61%, Separable fat 8%"
172145,23181,"Beef, rib, back ribs, bone-in, separable lean only, trimmed to 0"" fat, all grades, raw",64,"Bone and connective tissue 52%, Separable fat 12%"
172146,23182,"Beef, rib, back ribs, bone-in, separable lean only, trimmed to 0"" fat, choice, cooked, braised",69,"Bone and connective tissue 60%, Separable fat 9%"
172147,23183,"Beef, rib, back ribs, bone-in, separable lean only, trimmed to 0"" fat, choice, raw",66,"Bone and connective tissue 53%, Separable fat 13%"
172148,23184,"Beef, rib, back ribs, bone-in, separable lean only, trimmed to 0"" fat, select, cooked, braised",69,"Bone and connective tissue 62%, Separable fat 7%"
173384,23185,"Beef, rib, back ribs, bone-in, separable lean only, trimmed to 0"" fat, select, raw",63,"Bone and connective tissue 52%, Separable fat 11%"
173385,23186,"Beef, rib eye steak, bone-in, lip-on, separable lean and fat, trimmed to 1/8"" fat, choice, cooked, grilled",19,Bone and connective tissue 19%
173386,23187,"Beef, rib eye steak, bone-in, lip-on, separable lean and fat, trimmed to 1/8"" fat, select, cooked, grilled",20,Bone and connective tissue 20%
173387,23188,"Beef, rib eye steak, bone-in, lip-on, separable lean and fat, trimmed to 1/8"" fat, all grades, cooked, grilled",19,Bone and connective tissue 19%
173388,23189,"Beef, rib eye roast, bone-in, lip-on, separable lean and fat, trimmed to 1/8"" fat, choice, cooked, roasted",16,Bone and connective tissue 16%
172149,23190,"Beef, rib eye roast, bone-in, lip-on, separable lean and fat, trimmed to 1/8"" fat, select, cooked, roasted",16,Bone and connective tissue 16%
172150,23191,"Beef, rib eye roast, bone-in, lip-on, separable lean and fat, trimmed to 1/8"" fat, all grades, cooked, roasted",16,Bone and connective tissue 16%
172151,23192,"Beef, rib eye steak/roast, bone-in, lip-on, separable lean and fat, trimmed to 1/8"" fat, all grades, raw",14,Bone and connective tissue 14%
172152,23193,"Beef, rib eye steak/roast, bone-in, lip-on, separable lean and fat, trimmed to 1/8"" fat, choice, raw",14,Bone and connective tissue 14%
173389,23194,"Beef, rib eye steak/roast, bone-in, lip-on, separable lean and fat, trimmed to 1/8"" fat, select, raw",15,Bone and connective tissue 15%
173390,23195,"Beef, rib eye steak, boneless, lip-on, separable lean and fat, trimmed to 1/8"" fat, choice, cooked, grilled",6,Connective tissue 6%
173391,23196,"Beef, rib eye steak, boneless, lip-on, separable lean and fat, trimmed to 1/8"" fat, select, cooked, grilled",6,Connective tissue 6%
173392,23197,"Beef, rib eye steak, boneless, lip-on, separable lean and fat, trimmed to 1/8"" fat, all grades, cooked, grilled",6,Connective tissue 6%
172153,23198,"Beef, rib eye roast, boneless, lip-on, separable lean and fat, trimmed to 1/8"" fat, all grades, cooked, roasted",5,Connective tissue 5%
172154,23199,"Beef, rib eye roast, boneless, lip-on, separable lean and fat, trimmed to 1/8"" fat, choice, cooked, roasted",6,Connective tissue 6%
172155,23200,"Beef, rib eye roast, boneless, lip-on, separable lean and fat, trimmed to 1/8"" fat, select, cooked, roasted",5,Connective tissue 5%
172156,23201,"Beef, rib eye steak/roast, boneless, lip-on, separable lean and fat, trimmed to 1/8"" fat, all grades, raw",4,Connective tissue 4%
173393,23202,"Beef, rib eye steak/roast, boneless, lip-on, separable lean and fat, trimmed to 1/8"" fat, choice, raw",4,Connective tissue 4%
173394,23213,"Beef, rib eye steak/roast, boneless, lip-on, separable lean and fat, trimmed to 1/8"" fat, select, raw",3,Connective tissue 3%
173395,23214,"Beef, plate steak, boneless, inside skirt, separable lean and fat, trimmed to 0"" fat, all grades, cooked, grilled",1,Connective tissue 1%
173396,23215,"Beef, plate steak, boneless, inside skirt, separable lean and fat, trimmed to 0"" fat, choice, cooked, grilled",1,Connective tissue 1%
172157,23216,"Beef, plate steak, boneless, inside skirt, separable lean and fat, trimmed to 0"" fat, select, cooked, grilled",1,Connective tissue 1%
172158,23217,"Beef, plate steak, boneless, inside skirt, separable lean and fat, trimmed to 0"" fat, all grades, raw",1,Connective tissue 1%
172159,23218,"Beef, plate steak, boneless, inside skirt, separable lean and fat, trimmed to 0"" fat, choice, raw",1,Connective tissue 1%
172160,23219,"Beef, plate steak, boneless, inside skirt, separable lean and fat, trimmed to 0"" fat, select, raw",1,Connective tissue 1%
172161,23220,"Beef, ground, unspecified fat content, cooked",0,
173397,23221,"Beef, plate steak, boneless, outside skirt, separable lean and fat, trimmed to 0"" fat, all grades, cooked, grilled",0,
173398,23222,"Beef, plate steak, boneless, outside skirt, separable lean and fat, trimmed to 0"" fat, choice, cooked, grilled",0,
173399,23223,"Beef, plate steak, boneless, outside skirt, separable lean and fat, trimmed to 0"" fat, select, cooked, grilled",0,
173400,23224,"Beef, plate steak, boneless, outside skirt, separable lean and fat, trimmed to 0"" fat, all grades, raw",1,Connective tissue 1%
172162,23225,"Beef, plate steak, boneless, outside skirt, separable lean and fat, trimmed to 0"" fat, choice, raw",1,Connective tissue 1%
172163,23226,"Beef, plate steak, boneless, outside skirt, separable lean and fat, trimmed to 0"" fat, select, raw",1,Connective tissue 1%
172164,23227,"Beef, rib eye steak, boneless, lip off, separable lean and fat, trimmed to 0"" fat, all grades, cooked, grilled",5,Connective tissue 5%
172165,23228,"Beef, rib eye steak, boneless, lip off, separable lean and fat, trimmed to 0"" fat, choice, cooked, grilled",5,Connective tissue 5%
173401,23229,"Beef, rib eye steak, boneless, lip off, separable lean and fat, trimmed to 0"" fat, select, cooked, grilled",5,Connective tissue 5%
173402,23230,"Beef, rib eye steak, boneless, lip off, separable lean and fat, trimmed to 0"" fat, all grades, raw",4,Connective tissue 4%
173403,23231,"Beef, rib eye steak, boneless, lip off, separable lean and fat, trimmed to 0"" fat, choice, raw",4,Connective tissue 4%
173404,23232,"Beef, rib eye steak, boneless, lip off, separable lean and fat, trimmed to 0"" fat, select, raw",3,Connective tissue 3%
172166,23233,"Beef, rib, back ribs, bone-in, separable lean and fat, trimmed to 0"" fat, all grades, cooked, braised",61,Bone and connective tissue 61%
172167,23234,"Beef, rib, back ribs, bone-in, separable lean and fat, trimmed to 0"" fat, choice, cooked, braised",60,Bone and connective tissue 60%
172168,23235,"Beef, rib, back ribs, bone-in, separable lean and fat, trimmed to 0"" fat, select, cooked, braised",62,Bone and connective tissue 63%
172169,23236,"Beef, rib, back ribs, bone-in, separable lean and fat, trimmed to 0"" fat, all grades, raw",52,Bone and connective tissue 52%
173405,23237,"Beef, rib, back ribs, bone-in, separable lean and fat, trimmed to 0"" fat, choice, raw",53,Bone and connective tissue 53%
173406,23238,"Beef, rib, back ribs, bone-in, separable lean and fat, trimmed to 0"" fat, select, raw",52,Bone and connective tissue 52%
173407,23239,"Beef, loin, top sirloin petite roast, boneless, separable lean only, trimmed to 0"" fat, choice, cooked, roasted",10,"Connective tissue 6%, Separable fat 4%"
173408,23240,"Beef, loin, top sirloin petite roast/filet, boneless, separable lean only, trimmed to 0"" fat, choice, raw",11,"Connective tissue 6%, Separable fat 5%"
172170,23241,"Beef, loin, top sirloin cap steak, boneless, separable lean only, trimmed to 1/8"" fat, all grades, cooked, grilled",21,"Connective tissue 8%, Separable fat 13%"
172171,23242,"Beef, loin, top sirloin cap steak, boneless, separable lean only, trimmed to 1/8"" fat, choice, cooked, grilled",22,"Connective tissue 8%, Separable fat 14%"
172172,23243,"Beef, loin, top sirloin cap steak, boneless, separable lean only, trimmed to 1/8"" fat, select, cooked, grilled",19,"Connective tissue 8%, Separable fat 11%"
172173,23244,"Beef, loin, top sirloin cap steak, boneless, separable lean only, trimmed to 1/8"" fat, all grades, raw",20,"Connective tissue 7%, Separable fat 13%"
172174,23245,"Beef, loin, top sirloin cap steak, boneless, separable lean only, trimmed to 1/8"" fat, choice, raw",19,"Connective tissue 8%, Separable fat 11%"
173409,23246,"Beef, loin, top sirloin cap steak, boneless, separable lean only, trimmed to 1/8"" fat, select, raw",22,"Connective tissue 7%, Separable fat 15%"
174688,23247,"Beef, top loin filet, boneless, separable lean only, trimmed to 1/8"" fat, all grades, cooked, grilled",19,"Connective tissue 10%, Separable fat 9%"
174689,23248,"Beef, top loin filet, boneless, separable lean only, trimmed to 1/8"" fat, choice, cooked, grilled",19,"Connective tissue 12%, Separable fat 7%"
174690,23249,"Beef, top loin filet, boneless, separable lean only, trimmed to 1/8"" fat, select, cooked, grilled",20,"Connective tissue 9%, Separable fat 12%"
173046,23250,"Beef, top loin petite roast, boneless, separable lean only, trimmed to 1/8"" fat, all grades, cooked, roasted",16,"Connective tissue 9%, Separable fat 7%"
173047,23251,"Beef, top loin petite roast, boneless, separable lean only, trimmed to 1/8"" fat, choice, cooked, roasted",14,"Connective tissue 8%, Separable fat 6%"
173048,23252,"Beef, top loin petite roast, boneless, separable lean only, trimmed to 1/8"" fat, select, cooked, roasted",17,"Connective tissue 10%, Separable fat 7%"
173049,23253,"Beef, top loin petite roast/filet, boneless, separable lean only, trimmed to 1/8"" fat, all grades, raw",20,"Connective tissue 11%, Separable fat 9%"
174691,23254,"Beef, top loin petite roast/filet, boneless, separable lean only, trimmed to 1/8"" fat, choice, raw",20,"Connective tissue 13%, Separable fat 7%"
174692,23255,"Beef, top loin petite roast/filet, boneless, separable lean only, trimmed to 1/8"" fat, select, raw",19,"Connective tissue 8%, Separable fat 11%"
174693,23256,"Beef, loin, top sirloin filet, boneless, separable lean only, trimmed to 0"" fat, all grades, cooked, grilled",5,Connective tissue 5%
174694,23257,"Beef, loin, top sirloin filet, boneless, separable lean only, trimmed to 0"" fat, choice, cooked, grilled",5,Connective tissue 5%
173050,23258,"Beef, loin, top sirloin filet, boneless, separable lean only, trimmed to 0"" fat, select, cooked, grilled",5,Connective tissue 5%
173051,23259,"Beef, loin, top sirloin petite roast, boneless, separable lean only, trimmed to 0"" fat, all grades, cooked, roasted",6,Connective tissue 6%
173052,23260,"Beef, loin, top sirloin petite roast, boneless, separable lean only, trimmed to 0"" fat, select, cooked, roasted",6,Connective tissue 6%
173053,23261,"Beef, loin, top sirloin petite roast/filet, boneless, separable lean only, trimmed to 0"" fat, all grades, raw",7,Connective tissue 7%
174695,23262,"Beef, loin, top sirloin petite roast/filet, boneless, separable lean only, trimmed to 0"" fat, select, raw",7,Connective tissue 7%
174696,23263,"Beef, ribeye  petite roast/filet, boneless, separable lean only, trimmed to 0"" fat, all grades, raw",6,Connective tissue 6%
174697,23264,"Beef, ribeye  petite roast/filet, boneless, separable lean only, trimmed to 0"" fat, choice, raw",6,Connective tissue 6%
174698,23265,"Beef, ribeye  petite roast/filet, boneless, separable lean only, trimmed to 0"" fat, select, raw",5,Connective tissue 5%
173054,23266,"Beef, ribeye cap steak, boneless, separable lean only, trimmed to 0"" fat, all grades, cooked, grilled",10,Connective tissue 10%
173055,23267,"Beef, ribeye cap steak, boneless, separable lean only, trimmed to 0"" fat, choice, cooked, grilled",10,Connective tissue 10%
173056,23268,"Beef, ribeye cap steak, boneless, separable lean only, trimmed to 0"" fat, select, cooked, grilled",10,Connective tissue 10%
173057,23269,"Beef, ribeye cap steak, boneless, separable lean only, trimmed to 0"" fat, all grades, raw",12,Connective tissue 12%
174699,23270,"Beef, ribeye cap steak, boneless, separable lean only, trimmed to 0"" fat, choice, raw",12,Connective tissue 12%
174700,23271,"Beef, ribeye cap steak, boneless, separable lean only, trimmed to 0"" fat, select, raw",12,Connective tissue 12%
174701,23272,"Beef, ribeye filet, boneless, separable lean only, trimmed to 0"" fat, all grades, cooked, grilled",6,Connective tissue 6%
174702,23273,"Beef, ribeye filet, boneless, separable lean only, trimmed to 0"" fat, choice, cooked, grilled",6,Connective tissue 6%
174703,23274,"Beef, ribeye filet, boneless, separable lean only, trimmed to 0"" fat, select, cooked, grilled",6,Connective tissue 6%
173058,23275,"Beef, ribeye petite roast, boneless, separable lean only, trimmed to 0"" fat, all grades, cooked, roasted",6,Connective tissue 6%
173059,23276,"Beef, ribeye petite roast, boneless, separable lean only, trimmed to 0"" fat, choice, cooked, roasted",6,Connective tissue 6%
173060,23277,"Beef, ribeye petite roast, boneless, separable lean only, trimmed to 0"" fat, select, cooked, roasted",6,Connective tissue 6%
173061,23278,"Beef, loin, top sirloin cap steak, boneless, separable lean and fat, trimmed to 1/8"" fat, all grades, cooked, grilled",8,Connective tissue 8%
174704,23279,"Beef, loin, top sirloin cap steak, boneless, separable lean and fat, trimmed to 1/8"" fat, choice, cooked, grilled",8,Connective tissue 8%
174705,23280,"Beef, loin, top sirloin cap steak, boneless, separable lean and fat, trimmed to 1/8"" fat, select, cooked, grilled",8,Connective tissue 8%
174706,23281,"Beef, loin, top sirloin cap steak, boneless, separable lean and fat, trimmed to 1/8"" fat, all grades, raw",7,Connective tissue 7%
174707,23282,"Beef, loin, top sirloin cap steak, boneless, separable lean and fat, trimmed to 1/8"" fat, choice, raw",8,Connective tissue 8%
173062,23283,"Beef, loin, top sirloin cap steak, boneless, separable lean and fat, trimmed to 1/8"" fat, select, raw",7,Connective tissue 7%
173063,23284,"Beef, top loin filet, boneless, separable lean and fat, trimmed to 1/8"" fat, all grades, cooked, grilled",10,Connective tissue 10%
173064,23285,"Beef, top loin filet, boneless, separable lean and fat, trimmed to 1/8"" fat, choice, cooked, grilled",12,Connective tissue 12%
173065,23286,"Beef, top loin filet, boneless, separable lean and fat, trimmed to 1/8"" fat, select, cooked, grilled",9,Connective tissue 9%
174708,23287,"Beef, top loin petite roast, boneless, separable lean and fat, trimmed to 1/8"" fat, all grades, cooked, roasted",9,Connective tissue 9%
174709,23288,"Beef, top loin petite roast, boneless, separable lean and fat, trimmed to 1/8"" fat, choice, cooked, roasted",8,Connective tissue 8%
174710,23289,"Beef, top loin petite roast, boneless, separable lean and fat, trimmed to 1/8"" fat, select, cooked, roasted",10,Connective tissue 10%
174711,23290,"Beef, top loin petite roast/filet, boneless, separable lean and fat, trimmed to 1/8"" fat, all grades, raw",11,Connective tissue 11%
173066,23291,"Beef, top loin petite roast/filet, boneless, separable lean and fat, trimmed to 1/8"" fat, choice, raw",13,Connective tissue 13%
173067,23292,"Beef, top loin petite roast/filet, boneless, separable lean and fat, trimmed to 1/8"" fat, select, raw",8,Connective tissue 8%
173068,23293,"Beef, Australian, imported, grass-fed, ground, 85% lean / 15% fat, raw",0,
173965,23294,"Beef, Australian, imported, grass-fed, loin, tenderloin steak/roast, boneless, separable lean only, raw",4,"Connective tissue 0%, Separable fat 4%"
173966,23295,"Beef, Australian, imported, Wagyu, loin, tenderloin steak/roast, boneless, separable lean only, Aust. marble score 4/5, raw",3,"Connective tissue 0%, Separable fat 3%"
171728,23296,"Beef, Australian, imported, grass-fed,  external fat, raw",0,
171729,23297,"Beef, Australian, imported, grass-fed, seam fat, raw",0,
171730,23298,"Beef, Australian, imported, Wagyu, external fat, Aust. marble score 4/5, raw",0,
171731,23299,"Beef, Australian, imported, Wagyu, seam fat, Aust. marble score 4/5, raw",0,
173967,23300,"Beef, Australian, imported, Wagyu, external fat, Aust. marble score 9, raw",0,
173968,23301,"Beef, Australian, imported, Wagyu, seam fat, Aust. marble score 9, raw",0,
173969,23302,"Beef, Australian, imported, grass-fed, loin, tenderloin steak/roast, boneless, separable lean and fat, raw",0,
173970,23303,"Beef, Australian, imported, grass-fed, loin, top loin steak/roast, boneless, separable lean only, raw",23,"Connective tissue 7%, Separable fat 16%"
171732,23304,"Beef, Australian, imported, Wagyu, loin, tenderloin steak/roast, boneless, separable lean and fat, Aust. marble score 4/5, raw",0,
171733,23305,"Beef, Australian, imported, grass-fed, loin, top loin steak/roast, boneless, separable lean and fat, raw",7,Connective tissue 7%
171734,23306,"Beef, Australian, imported, grass-fed, loin, top sirloin cap-off steak/roast, boneless, separable lean only, raw",3,"Connective tissue 2%, separable fat 1%"
171735,23307,"Beef, Australian, imported, grass-fed, rib, ribeye steak/roast lip-on, boneless, separable lean only, raw",21,"Connective tissue 7%, separable fat 14%"
173971,23308,"Beef, Australian, imported, grass-fed, round, bottom round steak/roast, boneless, separable lean only, raw",6,"Connective tissue 3%, separable fat 3%"
173972,23309,"Beef, Australian, imported, grass-fed, round, top round cap-off steak/roast, boneless, separable lean only, raw",2,"Connective tissue 1%, separable fat 1%"
173973,23310,"Beef, Australian, imported, Wagyu, loin, tenderloin steak/roast, boneless, separable lean only, Aust. marble score 9, raw",3,"Connective tissue 0%, separable fat 3%"
173974,23311,"Beef, Australian, imported, Wagyu, loin, top loin steak/roast, boneless, separable lean only, Aust. marble score 4/5, raw",23,"connective tissue 6%, separable fat 17%"
171736,23312,"Beef, Australian, imported, Wagyu, loin, top loin steak/roast, boneless, separable lean only, Aust. marble score 9, raw",25,"Connective tissue 6%, Separable fat 19%"
171737,23313,"Beef, Australian, imported, Wagyu, rib, small end rib steak/roast, boneless, separable lean only, Aust. marble score 4/5, raw",26,"Connective tissue 4%, Separable fat 22%"
171738,23314,"Beef, Australian, imported, Wagyu, rib, small end rib steak/roast, boneless, separable lean only, Aust. marble score 9, raw",28,"Connective tissue 4%, Separable fat 24%"
171739,23315,"Beef, Australian, imported, grass-fed, loin, top sirloin cap-off steak/roast, boneless, separable lean and fat, raw",2,Connective tissue 2%
173975,23316,"Beef, Australian, imported, grass-fed, rib, ribeye steak/roast lip-on, boneless, separable lean and fat, raw",7,Connective tissue 7%
173976,23317,"Beef, Australian, imported, grass-fed, round, bottom round steak/roast, boneless, separable lean and fat, raw",3,Connective tissue 3%
173977,23318,"Beef, Australian, imported, grass-fed, round, top round cap-off steak/roast, boneless, separable lean and fat, raw",0,
173978,23319,"Beef, Australian, imported, Wagyu, loin, top loin steak/roast, boneless, separable lean and fat, Aust. marble score 4/5, raw",6,Connective tissue 6%
173979,23320,"Beef, Australian, imported, Wagyu, loin, top loin steak/roast, separable lean and fat, Aust. marble score 9, raw",6,Connective tissue 6%
171740,23321,"Beef, Australian, imported, Wagyu, rib, small end rib steak/roast, boneless, separable lean and fat, Aust. marble score 4/5, raw",4,Connective tissue 4%
171741,23322,"Beef, Australian, imported, Wagyu, rib, small end rib steak/roast, boneless, separable lean and fat, Aust. marble score 9, raw",4,Connective tissue 4%
171742,23323,"Beef, Australian, imported, Wagyu, loin, tenderloin steak/roast, boneless, separable lean and fat, Aust. marble score 9, raw",0,
171743,23324,"Beef, round, top round steak, boneless, separable lean and fat, trimmed to 0"" fat, all grades, raw",1,Connective tissue 1%
173980,23325,"Beef, round, top round steak, boneless, separable lean and fat, trimmed to 0"" fat, choice, raw",1,Connective tissue 1%
173981,23326,"Beef, round, top round steak, boneless, separable lean and fat, trimmed to 0"" fat, select, raw",1,Connective tissue 1%
173982,23327,"Beef, round, top round roast, boneless, separable lean and fat, trimmed to 0"" fat, all grades, raw",1,Connective tissue 1%
173983,23328,"Beef, round, top round roast, boneless, separable lean and fat, trimmed to 0"" fat, choice, raw",1,Connective tissue 1%
171744,23329,"Beef, round, top round roast, boneless, separable lean and fat, trimmed to 0"" fat, select, raw",1,Connective tissue 1%
171745,23330,"Beef, round, eye of round roast, boneless, separable lean and fat, trimmed to 0"" fat, all grades, raw",1,Connective tissue 1%
171746,23331,"Beef, round, eye of round roast, boneless, separable lean and fat, trimmed to 0"" fat, choice, raw",1,Connective tissue 1%
171747,23332,"Beef, round, eye of round roast, boneless, separable lean and fat, trimmed to 0"" fat, select, raw",1,Connective tissue 1%
173984,23333,"Beef, round, eye of round steak, boneless, separable lean and fat, trimmed to 0"" fat, all grades, raw",1,Connective tissue 1%
173985,23334,"Beef, round, eye of round steak, boneless separable lean and fat, trimmed to 0"" fat, choice, raw",1,Connective tissue 1%
173986,23335,"Beef, round, eye of round steak, boneless, separable lean and fat, trimmed to 0"" fat, select, raw",1,Connective tissue 1%
173987,23336,"Beef, loin, tenderloin roast, boneless, separable lean and fat, trimmed to 0"" fat, all grades, raw",1,Connective tissue 1%
171748,23337,"Beef, loin, tenderloin roast, boneless, separable lean and fat, trimmed to 0"" fat, choice, raw",1,Connective tissue 1%
171749,23338,"Beef, loin, tenderloin roast, boneless, separable lean and fat, trimmed to 0"" fat, select, raw",2,Connective tissue 2%
171750,23339,"Beef, loin, top loin steak, boneless, lip off, separable lean and fat, trimmed to 0"" fat, all grades, raw",9,Connective tissue 9%
171751,23340,"Beef, loin, top loin steak, boneless, lip off, separable lean and fat, trimmed to 0"" fat, choice, raw",9,Connective tissue 9%
171752,23341,"Beef, loin, top loin steak, boneless, lip off, separable lean and fat, trimmed to 0"" fat, select, raw",9,Connective tissue 9%
173988,23342,"Beef, loin, tenderloin steak, boneless, separable lean and fat, trimmed to 0"" fat, all grades, raw",1,Connective tissue 1%
173989,23343,"Beef, loin, tenderloin steak, boneless, separable lean and fat, trimmed to 0"" fat, choice, raw",1,Connective tissue 1%
173990,23344,"Beef, loin, tenderloin steak, boneless, separable lean and fat, trimmed to 0"" fat, select, raw",1,Connective tissue 1%
173991,23345,"Beef, loin, tenderloin roast, boneless, separable lean and fat, trimmed to 0"" fat, all grades, cooked, roasted",1,Connective tissue 1%
171753,23346,"Beef, loin, tenderloin roast, boneless, separable lean and fat, trimmed to 0"" fat, choice, cooked, roasted",1,Connective tissue 1%
171754,23347,"Beef, loin, tenderloin roast, boneless, separable lean and fat, trimmed to 0"" fat, select, cooked, roasted",1,Connective tissue 1%
171755,23348,"Beef, round, top round roast, boneless, separable lean and fat, trimmed to 0"" fat, all grades, cooked, roasted",0,
171756,23349,"Beef, round, top round roast, boneless, separable lean and fat, trimmed to 0"" fat, choice, cooked, roasted",0,
173992,23350,"Beef, round, top round roast, boneless, separable lean and fat, trimmed to 0"" fat, select, cooked, roasted",0,
173993,23351,"Beef, round, eye of round steak, boneless, separable lean and fat, trimmed to 0"" fat, all grades, cooked, grilled",0,
173994,23352,"Beef, round, eye of round steak, boneless, separable lean and fat, trimmed to 0"" fat, choice, cooked, grilled",0,
173995,23353,"Beef, round, eye of round steak, boneless, separable lean and fat, trimmed to 0"" fat, select, cooked, grilled",0,
171757,23354,"Beef, round, top round steak, boneless, separable lean only, trimmed to 0"" fat, all grades, raw",1,Connective tissue 1%
171758,23355,"Beef, round, top round steak, boneless, separable lean only, trimmed to 0"" fat, choice, raw",1,Connective tissue 1%
171759,23356,"Beef, round, top round steak, boneless, separable lean only, trimmed to 0"" fat, select, raw",2,Connective tissue 2%
171760,23357,"Beef, round, top round roast, boneless, separable lean only, trimmed to 0"" fat, all grades, raw",2,Connective tissue 2%
173996,23358,"Beef, round, top round roast, boneless, separable lean only, trimmed to 0"" fat, choice, raw",2,Connective tissue 2%
173997,23359,"Beef, round, top round roast, boneless, separable lean only, trimmed to 0"" fat, select, raw",2,Connective tissue 2%
173998,23360,"Beef, round, eye of round roast, boneless, separable lean only, trimmed to 0"" fat, all grades, raw",2,Connective tissue 2%
173999,23361,"Beef, round, eye of round roast, boneless, separable lean only, trimmed to 0"" fat, choice, raw",2,Connective tissue 2%
171761,23362,"Beef, round, eye of round roast, boneless, separable lean only, trimmed to 0"" fat, select, raw",2,Connective tissue 2%
171762,23363,"Beef, round, eye of round steak, boneless, separable lean only, trimmed to 0"" fat, all grades, raw",2,Connective tissue 2%
171763,23364,"Beef, round, eye of round steak, boneless, separable lean only, trimmed to 0"" fat, choice, raw",2,Connective tissue 2%
171764,23365,"Beef, round, eye of round steak, boneless, separable lean only, trimmed to 0"" fat, select, raw",2,Connective tissue 2%
171765,23366,"Beef, loin, tenderloin roast, boneless, separable lean only, trimmed to 0"" fat, all grades, raw",4,"Connective tissue 1%, separable fat 3%"
174000,23367,"Beef, loin, tenderloin roast, boneless, separable lean only, trimmed to 0"" fat, choice, raw",4,"Connective tissue 1%, separable fat 3%"
174001,23368,"Beef, loin, tenderloin roast, boneless, separable lean only, trimmed to 0"" fat, select, raw",3,"Connective tissue 1%, separable fat 2%"
174002,23369,"Beef, loin, top loin steak, boneless, lip off, separable lean only, trimmed to 0"" fat, all grades, raw",13,"Connective tissue 8%, separable fat 5%"
174003,23370,"Beef, loin, top loin steak, boneless, lip off, separable lean only, trimmed to 0"" fat, choice, raw",14,"Connective tissue 8%, separable fat 6%"
171766,23371,"Beef, loin, top loin steak, boneless, lip off, separable lean only, trimmed to 0"" fat, select, raw",12,"Connective tissue 8%, separable fat 4%"
171767,23372,"Beef, loin, tenderloin steak, boneless, separable lean only, trimmed to 0"" fat, all grades, raw",2,Separable fat 2%
171768,23373,"Beef, loin, tenderloin steak, boneless, separable lean only, trimmed to 0"" fat, choice, raw",2,Separable fat 2%
171769,23374,"Beef, loin, tenderloin steak, boneless, separable lean only, trimmed to 0"" fat, select, raw",2,Separable fat 2%
174004,23375,"Beef, loin, tenderloin roast, boneless, separable lean only, trimmed to 0"" fat, all grades, cooked, roasted",1,Separable fat 1%
174005,23376,"Beef, loin, tenderloin roast, boneless, separable lean only, trimmed to 0"" fat, choice, cooked, roasted",1,Separable fat 1%
174006,23377,"Beef, loin, tenderloin roast, separable lean only, boneless, trimmed to 0"" fat, select, cooked, roasted",1,Separable fat 1%
174007,23378,"Beef, round, top round roast, boneless, separable lean only, trimmed to 0"" fat, all grades, cooked, roasted",0,
171770,23379,"Beef, round, top round roast, boneless, separable lean only, trimmed to 0"" fat, choice, cooked, roasted",0,
171771,23380,"Beef, round, top round roast, boneless, separable lean only, trimmed to 0"" fat, select, cooked, roasted",0,
171772,23381,"Beef, round, eye of round steak, boneless, separable lean only, trimmed to 0"" fat, all grades, cooked, grilled",0,
171773,23382,"Beef, round, eye of round steak, boneless, separable lean only, trimmed to 0"" fat, choice, cooked, grilled",0,
174008,23383,"Beef, round, eye of round steak, boneless, separable lean only, trimmed to 0"" fat, select, cooked, grilled",0,
174009,23384,"Beef, loin, top loin steak, boneless, lip-on, separable lean only, trimmed to 1/8"" fat, select, raw",21,Connective tissue 7% Separable fat 14%
174010,23385,"Beef, loin, top loin steak, boneless, lip-on, separable lean only, trimmed to 1/8"" fat, choice, raw",22,"Connective tissue 7%, separable fat 14%"
174011,23386,"Beef, loin, top loin steak, boneless, lip-on, separable lean only, trimmed to 1/8"" fat, all grades, raw",22,Connective tissue 7% Separable fat 14%
171774,23387,"Beef, loin, top loin steak, boneless, lip-on, separable lean and fat, trimmed to 1/8"" fat, select, raw",7,Connective tissue 7%
171775,23388,"Beef, loin, top loin steak, boneless, lip-on, separable lean and fat, trimmed to 1/8"" fat, all grades, raw",7,Connective tissue 7%
174712,23389,"Beef, loin, top loin steak, boneless, lip-on, separable lean and fat, trimmed to 1/8"" fat, choice, cooked, grilled",8,Connective tissue 8%
174713,23390,"Beef, loin, top loin steak, boneless, lip-on, separable lean and fat, trimmed to 1/8"" fat, select, cooked, grilled",9,Connective tissue 9%
174714,23391,"Beef, loin, top loin steak, boneless, lip-on, separable lean and fat, trimmed to 1/8"" fat, all grades, cooked, grilled",8,Connective tissue 8%
173069,23392,"Beef, loin, top loin steak, boneless, lip-on, separable lean only, trimmed to 1/8"" fat, choice, cooked, grilled",22,"Connective tissue 8%, separable fat 14%"
173070,23393,"Beef, loin, top loin steak, boneless, lip-on, separable lean only, trimmed to 1/8"" fat, select, cooked, grilled",21,"Connective tissue 9%, separable fat 12%"
173071,23394,"Beef, loin, top loin steak, boneless, lip-on, separable lean only, trimmed to 1/8"" fat, all grades, cooked, grilled",21,"Connective tissue 8%, separable fat 13%"
173072,23395,"Beef, loin, top loin steak, boneless, lip-on, separable lean and fat, trimmed to 1/8"" fat, choice, raw",21,"Connective tissue 7%, separable fat 14%"
174715,23397,"Beef, New Zealand, imported, bolar blade, separable lean only, cooked, fast roasted",12,"Bone and connective tissue 5%, Separable fat 7%"
174716,23398,"Beef, New Zealand, imported, bolar blade, separable lean only, raw",7,"Bone and Connective tissue 2%, Separable fat 5%"
174717,23399,"Beef, New Zealand, imported, brisket navel end, separable lean only, cooked, braised",29,Separable fat 29%
174718,23401,"Beef, New Zealand, imported, brisket navel end, separable lean only, raw",27,Separable fat 27%
173073,23402,"Beef, New Zealand, imported, brisket point end, separable lean only, cooked, braised",8,Separable fat 8%
173074,23403,"Beef, New Zealand, imported, brisket point end, separable lean only, raw",6,Separable fat 6%
173075,23404,"Beef, New Zealand, imported, chuck eye roll, separable lean only, raw",8,Separable fat 8%
173076,23405,"Beef, New Zealand, imported, chuck eye roll, separable lean only, cooked, braised",8,Separable fat 8%
174719,23406,"Beef, New Zealand, imported, cube roll, separable lean only, cooked, fast roasted",9,Separable fat 9%
174720,23407,"Beef, New Zealand, imported, cube roll, separable lean only, raw",11,Separable fat 11%
174721,23408,"Beef, New Zealand, imported, eye round, separable lean only, cooked, slow roasted",0,
174722,23409,"Beef, New Zealand, imported, eye round, separable lean only, raw",2,Separable fat 2%
173077,23410,"Beef, New Zealand, imported, flank, separable lean only, cooked, braised",3,Separable fat 3%
173078,23411,"Beef, New Zealand, imported, flank, separable lean only, raw",3,Separable fat 3%
173079,23412,"Beef, New Zealand, imported, flat, separable lean only, cooked, braised",5,Separable fat 5%
173080,23413,"Beef, New Zealand, imported, flat, separable lean only, raw",5,Separable fat 5%
173081,23414,"Beef, New Zealand, imported, variety meats and by-products, heart, cooked, boiled",15,Separable fat 15%
174723,23415,"Beef, New Zealand, imported, variety meats and by-products, heart, raw",12,Separable fat 12%
174724,23416,"Beef, New Zealand, imported, hind shin, separable lean only, cooked, braised",7,"Connective tissue 2%, Separable fat 5%"
174725,23417,"Beef, New Zealand, imported, hind shin, separable lean only, raw",7,"Conective tissue .91%, Separable fat 6%"
174726,23418,"Beef, New Zealand, imported, inside, raw",3,Connective tissue .55% Separable fat 2%
173082,23419,"Beef, New Zealand, imported, intermuscular fat, cooked",,
173083,23420,"Beef, New Zealand, imported, intermuscular fat, raw",,
173084,23421,"Beef, New Zealand, imported, variety meats and by-products, kidney, cooked, boiled",20,Connective tissue 20%
173085,23422,"Beef, New Zealand, imported, knuckle, cooked, fast fried",5,"Connective tissue .33%, Separable fat 5%"
174727,23423,"Beef, New Zealand, imported, variety meats and by-products, kidney, raw",10,Connective tissue 10%
174728,23424,"Beef, New Zealand, imported, variety meats and by-products liver, cooked, boiled",2,Connective tissue 2%
174729,23425,"Beef, New Zealand, imported, variety meats and by-products, liver, raw",3,Connective tissue 3%
174730,23426,"Beef, New Zealand, imported, manufacturing beef, cooked, boiled",0,
173086,23427,"Beef, New Zealand, imported, manufacturing beef, raw",0,
173087,23428,"Beef, New Zealand, imported, oyster blade, separable lean only, cooked, braised",0,
173088,23429,"Beef, New Zealand, imported, oyster blade, separable lean only, raw",4,Separable fat 4%
173089,23430,"Beef, New Zealand, imported, ribs prepared, cooked, fast roasted",25,"Bone and Connective tissue 15%, Separable fat 10%"
174731,23431,"Beef, New Zealand, imported, ribs prepared, raw",22,"Bone and connective tissue 7%, Separable fat 15%"
174732,23432,"Beef, New Zealand, imported, rump centre, separable lean only, cooked, fast fried",0,
174733,23433,"Beef, New Zealand, imported, striploin, separable lean only, cooked, fast fried",14,Separable fat 14%
174734,23434,"Beef, New Zealand, imported, striploin, separable lean only, raw",16,Separable fat 16%
173090,23435,"Beef, New Zealand, imported, subcutaneous fat, cooked",0,
173091,23436,"Beef, New Zealand, imported, subcutaneous fat, raw",0,
173092,23437,"Beef, New Zealand, imported, sweetbread, cooked, boiled",8,"Conncetive tissue 4%, Separable fat 4%"
173093,23438,"Beef, New Zealand, imported, sweetbread, raw",7,"Conncetive tissue 2%, Separable fat 5%"
173094,23439,"Beef, New Zealand, imported, tenderloin, separable lean only, cooked, fast fried",0,
174735,23440,"Beef, New Zealand, imported, oyster blade, separable lean and fat, raw",0,
174736,23441,"Beef, New Zealand, imported, tenderloin, separable lean only, raw",1,Separable fat 1%
174737,23442,"Beef, New Zealand, imported, variety meats and by-products, tongue, cooked, boiled",11,"Connective tissue 9%, Separable fat 2%"
174738,23443,"Beef, New Zealand, imported, variety meats and by-products, tongue, raw",20,"Connective tissue 17%, Separable fat 3%"
173095,23444,"Beef, New Zealand, imported, variety meats and by-products, tripe cooked, boiled",8,Separable fat 8%
173096,23445,"Beef, New Zealand, imported, variety meats and by-products, tripe uncooked, raw",10,Separable fat 10%
173097,23446,"Beef, New Zealand, imported, bolar blade, separable lean and fat, cooked, fast roasted",5,Bone and connective tissue 5%
173098,23447,"Beef, New Zealand, imported, bolar blade, separable lean and fat, raw",2,Bone and Connective tissue 2%
174739,23448,"Beef, New Zealand, imported, brisket navel end, separable lean and fat, cooked, braised",0,
174740,23449,"Beef, New Zealand, imported, brisket navel end, separable lean and fat, raw",0,
174741,23450,"Beef, New Zealand, imported, brisket point end, separable lean and fat, cooked, braised",0,
174742,23451,"Beef, New Zealand, imported, brisket point end, separable lean and fat, raw",0,
173099,23452,"Beef, New Zealand, imported, chuck eye roll, separable lean and fat, cooked, braised",0,
173100,23453,"Beef, New Zealand, imported, chuck eye roll, separable lean and fat, raw",0,
173101,23454,"Beef, New Zealand, imported, cube roll, separable lean and fat, cooked, fast roasted",0,
173102,23455,"Beef, New Zealand, imported, cube roll, separable lean and fat, raw",0,
174743,23456,"Beef, New Zealand, imported, eye round, separable lean and fat, cooked, slow roasted",0,
174744,23457,"Beef, New Zealand, imported, eye round, separable lean and fat, raw",0,
174745,23458,"Beef, New Zealand, imported, flank, separable lean and fat, cooked, braised",0,
174746,23459,"Beef, New Zealand, imported, flank, separable lean and fat, raw",0,
174747,23460,"Beef, New Zealand, imported, flat, separable lean and fat, cooked, braised",0,
173103,23461,"Beef, New Zealand, imported, flat, separable lean and fat, raw",0,
173104,23462,"Beef, New Zealand, imported, hind shin, separable lean and fat, cooked, braised",2,Connective tissue 2%
173105,23463,"Beef, New Zealand, imported, hind shin, separable lean and fat, raw",1,Connective tissue 1%
173106,23464,"Beef, New Zealand, imported, oyster blade, separable lean and fat, cooked, braised",0,
174748,23465,"Beef, New Zealand, imported, rump centre, separable lean and fat, cooked, fast fried",0,
174749,23466,"Beef, New Zealand, imported, rump centre, separable lean only, raw",5,Separable fat 5%
174750,23467,"Beef, New Zealand, imported, rump centre, separable lean and fat, raw",0,
174751,23468,"Beef, New Zealand, imported, striploin, separable lean and fat, cooked, fast fried",0,
173107,23469,"Beef, New Zealand, imported, striploin, separable lean and fat, raw",0,
173108,23470,"Beef, New Zealand, imported, tenderloin, separable lean and fat, cooked, fast fried",0,
173109,23471,"Beef, New Zealand, imported, tenderloin, separable lean and fat, raw",0,
173110,23472,"Beef, ground, 93% lean meat / 7% fat, raw",0,
174752,23473,"Beef, ground, 93% lean meat / 7% fat, patty, cooked, broiled",0,
174753,23474,"Beef, ground, 93% lean meat /7% fat, patty, cooked, pan-broiled",0,
174754,23475,"Beef, ground, 93% lean meat / 7% fat, loaf, cooked, baked",0,
174755,23476,"Beef, ground, 93% lean meat / 7% fat, crumbles, cooked, pan-browned",0,
173111,23477,"Beef, ground, 97% lean meat / 3% fat, raw",0,
173112,23478,"Beef, ground, 97% lean meat / 3% fat, patty, cooked, broiled",0,
173113,23479,"Beef, ground, 97% lean meat /3% fat, patty, cooked, pan-broiled",0,
173114,23480,"Beef, ground, 97% lean meat / 3% fat, loaf, cooked, baked",0,
174756,23481,"Beef, ground, 97% lean meat / 3% fat, crumbles, cooked, pan-browned",0,
174757,23482,"Beef, composite of trimmed retail cuts, separable lean and fat, trimmed to 0"" fat, all grades, raw",0,No component data available
174758,23483,"Beef, composite of trimmed retail cuts, separable lean only, trimmed to 1/8"" fat, all grades, raw",0,No component data available
174759,23484,"Beef, composite of trimmed retail cuts, separable lean only, trimmed to 1/8"" fat, all grades, cooked",0,No component data available
174760,23485,"Beef, composite of trimmed retail cuts, separable lean only, trimmed to 0"" fat, all grades, raw",0,No component data available
174012,23490,"Beef, composite of trimmed retail cuts, separable lean only, trimmed to 1/8"" fat, choice, raw",,No component data available
174013,23491,"Beef composite, separable lean only, trimmed to 1/8"" fat, choice, cooked",,No component data available
174014,23494,"Beef, composite of trimmed retail cuts, separable lean and fat, trimmed to 0"" fat, choice, raw",,No component data available
174015,23495,"Beef, composite of trimmed retail cuts, separable lean only, trimmed to 0"" fat, choice, raw",,No component data available
171776,23496,"Beef, composite of trimmed retail cuts, separable lean only, trimmed to 0"" fat, select, raw",,No component data available
171777,23497,"Beef, composite of trimmed retail cuts, separable lean and fat, trimmed to 0"" fat, select, raw",,No component data available
171778,23498,"Beef, composite of trimmed retail cuts, separable lean only, trimmed to 1/8"" fat, select, cooked",,No component data available
171779,23499,"Beef, composite of trimmed retail cuts, separable lean only, trimmed to 1/8"" fat, select, raw",,No component data available
174016,23509,"Beef, chuck, mock tender steak, separable lean only, trimmed to 0"" fat, all grades, cooked, broiled",4,"Bone and heavy connective tissue, 4%, separable fat, 0%"
174017,23511,"Beef, chuck, top blade, separable lean only, trimmed to 0"" fat, all grades, cooked, broiled",17,"Bone and heavy connective tissue, 15%, separable fat, 2%"
174018,23513,"Beef, chuck, clod roast, separable lean only, trimmed to 1/4"" fat, all grades, raw",9,"Bone and heavy connective tissue, 4%, separable fat, 5%"
174019,23514,"Beef, chuck, clod roast, separable lean only, trimmed to 0"" fat, all grades, cooked, roasted",10,"Bone and heavy connective tissue, 4%, separable fat, 6%"
171780,23515,"Beef, chuck, clod roast, separable lean only, trimmed to 1/4"" fat, all grades, cooked, roasted",19,"Bone and heavy connective tissue, 8%, separable fat, 11%"
171781,23516,"Beef, shoulder steak, boneless, separable lean only, trimmed to 0"" fat, all grades, cooked, grilled",8,"Connective tissue 6%, seam fat 2%"
171782,23517,"Beef, chuck, clod steak, separable lean only, trimmed to 1/4"" fat, all grades, cooked, braised",21,"Bone and heavy connective tissue, 8%, separable fat, 13%"
171783,23519,"Beef, chuck, mock tender steak, separable lean and fat, trimmed to 0"" fat, USDA choice, cooked, broiled",5,"Bone and heavy connective tissue, 5%"
174020,23521,"Beef, chuck, mock tender steak, separable lean and fat, trimmed to 0"" fat, USDA select, cooked, broiled",3,"Bone and heavy connective tissue, 3%"
174021,23523,"Beef, chuck, top blade, separable lean and fat, trimmed to 0"" fat, choice, cooked, broiled",13,"Bone and heavy connective tissue, 13%"
174022,23525,"Beef, chuck, top blade, separable lean and fat, trimmed to 0"" fat, select, cooked, broiled",16,"Bone and heavy connective tissue, 16%"
174023,23528,"Beef, chuck, clod roast, separable lean and fat, trimmed to 0"" fat, choice, cooked, roasted",4,"Bone and heavy connective tissue, 4%"
171784,23531,"Beef, chuck, clod roast, separable lean and fat, trimmed to 0"" fat, select, cooked, roasted",5,"Bone and heavy connective tissue, 5%"
171785,23533,"Beef, shoulder steak, boneless, separable lean and fat, trimmed to 0"" fat, choice, cooked, grilled",6,Connective tissue 6%
171786,23536,"Beef, shoulder steak, boneless, separable lean and fat, trimmed to 0"" fat, select, cooked, grilled",6,Connective tissue 6%
171787,23540,"Beef, plate, inside skirt steak, separable lean and fat, trimmed to 0"" fat, all grades, cooked, broiled",0,
171788,23541,"Beef, plate, outside skirt steak, separable lean and fat, trimmed to 0"" fat, all grades, cooked, broiled",0,
174024,23545,"Beef, loin, bottom sirloin butt, tri-tip steak, separable lean and fat, trimmed to 0"" fat, all grades, cooked, broiled",0,
174025,23547,"Beef, chuck, mock tender steak, separable lean and fat, trimmed to 0"" fat, all grades, cooked, broiled",4,"Bone and heavy connective tissue, 4%"
174026,23549,"Beef, chuck, top blade, separable lean and fat, trimmed to 0"" fat, all grades, cooked, broiled",15,"Bone and heavy connective tissue, 15%"
174027,23552,"Beef, chuck, clod roast, separable lean and fat, trimmed to 0"" fat, all grades, cooked, roasted",4,"Bone and heavy connective tissue, 4%"
171789,23554,"Beef, shoulder steak, boneless, separable lean and fat, trimmed to 0"" fat, all grades, cooked, grilled",6,Connective tissue 6%
171790,23557,"Beef, ground, 95% lean meat / 5% fat, raw",0,
171791,23558,"Beef, ground, 95% lean meat / 5% fat, patty, cooked, broiled",0,
171792,23559,"Beef, ground, 95% lean meat / 5% fat, patty, cooked, pan-broiled",0,
174028,23560,"Beef, ground, 95% lean meat / 5% fat, crumbles, cooked, pan-browned",0,
174029,23561,"Beef, ground, 95% lean meat / 5% fat, loaf, cooked, baked",0,
174030,23562,"Beef, ground, 90% lean meat / 10% fat, raw",0,
174031,23563,"Beef, ground, 90% lean meat / 10% fat, patty, cooked, broiled",0,
171793,23564,"Beef, ground, 90% lean meat / 10% fat, patty, cooked, pan-broiled",0,
171794,23565,"Beef, ground, 90% lean meat / 10% fat, crumbles, cooked, pan-browned",0,
171795,23566,"Beef, ground, 90% lean meat / 10% fat, loaf, cooked, baked",0,
171796,23567,"Beef, ground, 85% lean meat / 15% fat, raw (Includes foods for USDA's Food Distribution Program)",0,
174032,23568,"Beef, ground, 85% lean meat / 15% fat, patty, cooked, broiled",0,
174033,23569,"Beef, ground, 85% lean meat / 15% fat, patty, cooked, pan-broiled",0,
174034,23570,"Beef, ground, 85% lean meat / 15% fat, crumbles, cooked, pan-browned",0,
174035,23571,"Beef, ground, 85% lean meat / 15% fat, loaf, cooked, baked",0,
174036,23572,"Beef, ground, 80% lean meat / 20% fat, raw",0,
171797,23573,"Beef, ground, 80% lean meat / 20% fat, patty, cooked, broiled",0,
171798,23574,"Beef, ground, 80% lean meat / 20% fat, patty, cooked, pan-broiled",0,
171799,23575,"Beef, ground, 80% lean meat / 20% fat, crumbles, cooked, pan-browned",0,
171800,23576,"Beef, ground, 80% lean meat / 20% fat, loaf, cooked, baked",0,
174037,23577,"Beef, ground, 75% lean meat / 25% fat, raw",0,
174038,23578,"Beef, ground, 75% lean meat / 25% fat, patty, cooked, broiled",0,
174039,23579,"Beef, ground, 75% lean meat / 25% fat, patty, cooked, pan-broiled",0,
174040,23580,"Beef, ground, 75% lean meat / 25% fat, crumbles, cooked, pan-browned",0,
171801,23581,"Beef, ground, 75% lean meat / 25% fat, loaf, cooked, baked",0,
171802,23582,"Beef, rib, small end (ribs 10-12), separable lean only, trimmed to 1/8"" fat, select, raw",24,"Bone and connective tissue 5%, sep fat 19%"
171803,23583,"Beef, tenderloin, steak, separable lean only, trimmed to 1/8"" fat, select, raw",21,"Bone and connective tissue 2%, sep fat 19%"
171804,23584,"Beef, top sirloin, steak, separable lean only, trimmed to 1/8"" fat, select, raw",14,"Bone and connective tissue, 3.26%,separable fat, 11.04%"
174041,23585,"Beef, short loin, top loin, steak, separable lean only, trimmed to 1/8"" fat, select, raw",24,"Bone and connective tissue 9%, sep fat 15%"
174042,23586,"Beef, rib, small end (ribs 10-12), separable lean only, trimmed to 1/8"" fat, select, cooked, broiled",24,"Bone and connective tissue 7%, sep fat 17%"
174043,23587,"Beef, tenderloin, steak, separable lean only, trimmed to 1/8"" fat, select, cooked, broiled",17,"Bone and connective tissue 4%, sep fat 13%"
174044,23588,"Beef, top sirloin, steak, separable lean only, trimmed to 1/8"" fat, select, cooked, broiled",16,"Bone and connective tissue, 4.85%, separable fat, 11.31%"
171805,23589,"Beef, short loin, top loin, steak, separable lean only, trimmed to 1/8"" fat, select, cooked, grilled",25,"Bone and connective tissue 12%, sep fat 13%"
171806,23590,"Beef, round, bottom round , roast, separable lean only, trimmed to 1/8"" fat, select, cooked, roasted",12,"Bone and connective tissue 3.32%, separable fat 9.02%"
171807,23591,"Beef, round, eye of round, roast, separable lean only, trimmed to 1/8"" fat, select, cooked, roasted",9,"Bone and connective tissue 1%, sep fat 8%"
171808,23592,"Beef, round, top round, steak, separable lean only, trimmed to 1/8"" fat, select, cooked, broiled",6,"Bone and connective tissue 1%, sep fat 5%"
174045,23593,"Beef, round, bottom round, steak, separable lean only, trimmed to 1/8"" fat, select, cooked, braised",12,"Bone and connective tissue 4.61%, separable fat 7.21%"
174046,23594,"Beef, round, bottom round, roast, separable lean only, trimmed to 1/8"" fat, all grades, raw",13,"Bone and connective tissue 2.49%, separable fat 10.55%"
174047,23595,"Beef, brisket, flat half, separable lean only, trimmed to 1/8"" fat, all grades, cooked, braised",20,"Bone and connective tissue 1%, sep fat 19%"
174048,23596,"Beef, brisket, flat half, separable lean only, trimmed to 1/8"" fat, all grades, raw",28,"Bone and connective tissue 1%, sep fat 27%"
174049,23597,"Beef, round, eye of round, roast, separable lean only, trimmed to 1/8"" fat, all grades, raw",10,"Bone and connective tissue 2%, sep fat 8%"
171809,23598,"Beef, round, eye of round, roast, separable lean only, trimmed to 1/8"" fat, all grades, cooked, roasted",9,"Bone and connective tissue, 1.21%, separable fat, 7.42%"
171810,23599,"Beef, rib, small end (ribs 10-12), separable lean only, trimmed to 1/8"" fat, all grades, raw",25,"Bone and connective tissue 5%, sep fat 20%"
171811,23600,"Beef, tenderloin, steak, separable lean only, trimmed to 1/8"" fat, all grades, cooked, broiled",18,"Bone and connective tissue, 4.20%, separable fat, 13.37%"
171812,23601,"Beef, tenderloin, steak, separable lean only, trimmed to 1/8"" fat, all grades, raw",20,"Bone and connective tissue 2%, sep fat 18%"
174050,23602,"Beef, chuck, arm pot roast, separable lean only, trimmed to 1/8"" fat, all grades, cooked, braised",41,"Bone and connective tissue, 27.87%,  separable fat, 13.50%"
174051,23603,"Beef, chuck, arm pot roast, separable lean only, trimmed to 1/8"" fat, all grades, raw",37,"Bone and connective tissue 21%, sep fat 16%"
174052,23604,"Beef, round, bottom round, roast, separable lean only, trimmed to 1/8"" fat, all grades, cooked",11,"Bone and connective tissue 2.33%, separable fat 8.89%"
174053,23605,"Beef, round, bottom round, steak, separable lean only, trimmed to 1/8"" fat, all grades, cooked, braised",11,"Bone and connective tissue, 4.78%, separable fat, 6.51%"
171813,23606,"Beef, short loin, top loin, steak, separable lean only, trimmed to 1/8"" fat, all grades, cooked, broiled",25,"Bone and connective tissue, 11.91%, separable fat, 13.48%"
171814,23607,"Beef, short loin, top loin steak, separable lean only, trimmed to 1/8"" fat, all grades, raw",24,"Bone and connective tissue 10%, separable fat 14%"
171815,23608,"Beef, round, top round, steak, separable lean only, trimmed to 1/8"" fat, all grades, cooked, broiled",6,"Bone and connective tissue, 0.94%, separable fat, 5.51%"
171816,23609,"Beef, round, top round, steak, separable lean only, trimmed to 1/8"" fat, all grades, raw",6,Separable fat 6%
174054,23610,"Beef, top sirloin, steak, separable lean only, trimmed to 1/8"" fat, all grades, cooked, broiled",17,"Bone and connective tissue, 4.34%, separable fat, 12.57%"
174055,23611,"Beef, top sirloin, steak, separable lean only, trimmed to 1/8"" fat, all grades, raw",16,"Bone and connective tissue 3%, sep fat 13%"
174056,23612,"Beef, chuck, arm pot roast, separable lean only, trimmed to 1/8"" fat, choice, raw",37,"Bone and connective tissue 21%, sep fat 16%"
174057,23613,"Beef, brisket, flat half, separable lean only, trimmed to 1/8"" fat, choice, raw",28,"Bone and connective tissue 1%, sep fat 27%"
171817,23614,"Beef, chuck, arm pot roast, separable lean only, trimmed to 1/8"" fat, choice, cooked, braised",42,"Bone and connective tissue, 29.58%, separable fat, 12.85%"
171818,23615,"Beef, brisket, flat half, separable lean only, trimmed to 1/8"" fat, choice, cooked, braised",20,Separable fat
171819,23616,"Beef, round, eye of round, roast, separable lean only, trimmed to 1/8"" fat, choice, raw",10,"Bone and connective tissue 2%, sep fat 8%"
171820,23617,"Beef, round, top round, steak, separable lean only, trimmed to 1/8"" fat, choice, raw",6,Separable fat
174058,23618,"Beef, round, bottom round, roast, separable lean only, trimmed to 1/8"" fat, choice, raw",13,"Bone and connective tissue 2.44%, separable fat 10.58%"
174059,23619,"Beef, round, bottom round, roast, separable lean only, trimmed to 1/8"" fat, choice, cooked, roasted",10,"Bone and connective tissue 1.37%, separable fat 8.55%"
174060,23620,"Beef, round, eye of round, roast, separable lean only, trimmed to 1/8"" fat, choice, cooked, roasted",9,"Bone and connective tissue 1%, sep fat 8%"
174061,23621,"Beef, round, top round, steak, separable lean only, trimmed to 1/8"" fat, choice, cooked, broiled",7,"Bone and connective tissue 1%, sep fat 6%"
173115,23622,"Beef, round, bottom round, steak, separable lean only, trimmed to 1/8"" fat, choice, cooked, braised",11,"Bone and connective tissue 5.23%, separable fat 5.81%"
174761,23623,"Beef, rib, small end (ribs 10-12), separable lean only, trimmed to 1/8"" fat, choice, raw",26,"Bone and connective tissue 5%, sep fat 21%"
174762,23624,"Beef, tenderloin, steak, separable lean only, trimmed to 1/8"" fat, choice, raw",19,"Bone and connective tissue 3%, sep fat 16%"
174763,23625,"Beef, top sirloin, steak, separable lean only, trimmed to 1/8"" fat, choice, raw",17,"Bone and connective tissue, 3.05%, separable fat, 14.02%"
174764,23626,"Beef, rib, small end (ribs 10-12), separable lean only, trimmed to 1/8""fat, choice, cooked, broiled",27,"Bone and connective tissue 7%, separable fat 20%"
173116,23627,"Beef, short loin, top loin, steak, separable lean only, trimmed to 1/8"" fat, choice, raw",23,"Bone and connective tissue 10%, separable fat 13%"
173117,23628,"Beef, tenderloin, steak, separable lean only, trimmed to 1/8"" fat, choice, cooked, broiled",18,"Bone and connective tissue 5%, sep fat 13%"
173118,23629,"Beef, top sirloin, steak, separable lean only, trimmed to 1/8"" fat, choice, cooked, broiled",17,"Bone and connective tissue 4%, sep fat 13%"
173119,23630,"Beef, short loin, top loin, steak, separable lean only, trimmed to 1/8"" fat, choice, cooked, broiled",26,"Bone and connective tissue 12%, sep fat 14%"
174765,23631,"Beef, chuck, arm pot roast, separable lean only, trimmed to 1/8"" fat, select, raw",37,"Bone and connective tissue 20%, sep fat 17%"
174766,23632,"Beef, brisket, flat half, separable lean only, trimmed to 1/8"" fat, select, raw",28,Separable fat
174767,23633,"Beef, chuck, arm pot roast, separable lean only, trimmed to 1/8"" fat, select, cooked, braised",40,"Bone and connective tissue, 26.23%, separable fat, 14.12%"
174768,23634,"Beef, brisket, flat half, separable lean only, trimmed to 1/8"" fat, select, cooked, braised",19,Separable fat
173120,23635,"Beef, round, eye of round, roast, separable lean only, trimmed to 1/8"" fat, select, raw",10,"Bone and connective tissue 3%, sep fat 7%"
173121,23636,"Beef, round, top round, steak, separable lean only, trimmed to 1/8"" fat, select, raw",7,Separable fat
173122,23637,"Beef, round, bottom round, roast, separable lean only, trimmed to 1/8"" fat, select, raw",12,"Bone and connective tissue 1.97%, separable fat 10.51%"
173123,23638,"Beef, rib, small end (ribs 10-12), separable lean only, trimmed to 1/8"" fat, all grades, cooked, broiled",25,"Bone and connective tissue, 7.11%, separable fat, 18.25%"
174769,23640,"Beef, variety meats and by-products, tripe, cooked, simmered",0,
174770,23646,"Beef, bottom sirloin, tri-tip roast, separable lean only, trimmed to 0"" fat, all grades, raw",6,"Bone and connective tissue 1%, sep fat 5%"
174771,23647,"Beef, bottom sirloin, tri-tip roast, separable lean only, trimmed to 0"" fat, choice, cooked, roasted",6,"Bone and connective tissue 2%, sep fat 4%"
174772,23648,"Beef, bottom sirloin, tri-tip roast, separable lean only, trimmed to 0"" fat, choice, raw",6,"Bone and connective tissue 2%, sep fat 4%"
174773,23649,"Beef, bottom sirloin, tri-tip roast, separable lean only, trimmed to 0"" fat, select, cooked, roasted",6,"Bone and connective tissue 1%, sep fat 5%"
173124,23650,"Beef, bottom sirloin, tri-tip roast, separable lean only, trimmed to 0"" fat, select, raw",6,"Bone and connective tissue 1%, sep fat 5%"
173125,23651,"Beef, round, tip round, roast, separable lean only, trimmed to 0"" fat, all grades, raw",8,"Bone and connective tissue 4%, sep fat 4%"
173126,23652,"Beef, round, tip round, roast, separable lean only, trimmed to 0"" fat, choice, raw",9,"Bone and connective tissue 4%, sep fat 5%"
173127,23653,"Beef, round, tip round, roast, separable lean only, trimmed to 0"" fat, select, raw",7,"Bone and connective tissue 3%, sep fat 4%"
174774,23654,"Beef, flank, steak, separable lean only, trimmed to 0"" fat, all grades, cooked, broiled",1,Separable fat
174775,23655,"Beef, flank, steak, separable lean only, trimmed to 0"" fat, select, cooked, broiled",1,Separable fat
174776,23656,"Beef, flank, steak, separable lean only, trimmed to 0"" fat, all grades, raw",3,Separable fat
174777,23657,"Beef, flank, steak, separable lean only, trimmed to 0"" fat, select, raw",2,"Bone and connective tissue 1%, sep fat 1%"
173128,23658,"Beef, brisket, flat half, separable lean and fat, trimmed to 1/8"" fat, choice, raw",1,Bone and connective tissue
173129,23659,"Beef, brisket, flat half, separable lean and fat, trimmed to 1/8"" fat, select, raw",0,
173130,23660,"Beef, brisket, flat half, separable lean and fat, trimmed to 1/8"" fat, choice, cooked, braised",1,Bone and connective tissue
173131,25000,"Snacks, popcorn, microwave, 94% fat free",0,
174778,25001,"Snacks, popcorn, microwave, low fat",0,
174779,25003,"Snacks, candy rolls, yogurt-covered, fruit flavored with high vitamin C",0,
174780,25004,"Formulated bar, MARS SNACKFOOD US, SNICKERS MARATHON Chewy Chocolate Peanut Bar",0,
174781,25005,"Formulated bar, MARS SNACKFOOD US, SNICKERS MARATHON MULTIGRAIN CRUNCH BAR",0,
173132,25006,"Formulated bar, MARS SNACKFOOD US, SNICKERS MARATHON Double Chocolate Nut Bar",0,
173133,25007,"Snacks, M&M MARS, KUDOS Whole Grain Bars, peanut butter",0,
173134,25008,"Formulated bar, MARS SNACKFOOD US, SNICKERS MARATHON Honey Nut Oat Bar",0,
173135,25009,"Snacks, M&M MARS, KUDOS Whole Grain Bar, M&M's milk chocolate",0,
174782,25010,"Formulated bar, MARS SNACKFOOD US, COCOAVIA, Chocolate Almond Snack Bar",0,
174783,25012,"Snacks, sweet potato chips, unsalted",0,
174784,25013,"Snacks, FRITOLAY, SUNCHIPS, Multigrain Snack, original flavor",0,
174785,25014,"Snacks, popcorn, microwave, regular (butter) flavor, made with partially hydrogenated oil",0,
174786,25015,"Formulated bar, MARS SNACKFOOD US, SNICKERS MARATHON Protein Performance Bar, Caramel Nut Rush",0,
173136,25016,"Formulated bar, MARS SNACKFOOD US, SNICKERS MARATHON Energy Bar, all flavors",0,
173137,25017,"Formulated bar, POWER BAR, chocolate",0,
173138,25018,"Formulated bar, MARS SNACKFOOD US, COCOAVIA, Chocolate Blueberry Snack Bar",0,
173139,25020,"Formulated bar, SLIM-FAST OPTIMA meal bar, milk chocolate peanut",0,
174787,25021,"Formulated bar, LUNA BAR, NUTZ OVER CHOCOLATE",0,
174788,25022,"Snacks, FRITOLAY, SUNCHIPS, multigrain, French onion flavor",0,
174789,25023,"Snacks, FRITOLAY, SUNCHIPS, Multigrain Snack, Harvest Cheddar flavor",0,
174790,25024,"Pretzels, soft, unsalted",0,
173140,25025,"Snacks, soy chips or crisps, salted",0,
173141,25026,"Popcorn, microwave, regular (butter) flavor, made with palm oil",0,
173142,25027,"Snacks, plantain chips, salted",0,
173143,25028,"Tortilla chips, yellow, plain, salted",0,
174791,25030,"Snacks, vegetable chips, HAIN CELESTIAL GROUP, TERRA CHIPS",0,
174792,25031,"Formulated bar, ZONE PERFECT CLASSIC CRUNCH BAR, mixed flavors",0,
174793,25032,"Snacks, granola bar, KASHI GOLEAN, chewy, mixed flavors",0,
174794,25033,"Snacks, granola bar, KASHI TLC Bar, chewy, mixed flavors",0,
173144,25034,"Snacks, granola bar, KASHI GOLEAN, crunchy, mixed flavors",0,
173145,25035,"Snacks, granola bar, chewy, reduced sugar, all flavors",0,
173146,25036,"Snacks, granola bites, mixed flavors",0,
173147,25037,"Snacks, pita chips, salted",0,
173148,25038,"Snacks, granola bars, soft, almond, confectioners coating",0,
174795,25039,"Snacks, granola bars, QUAKER OATMEAL TO GO, all flavors",0,
174796,25040,"Snacks, vegetable chips, made from garden vegetables",0,
174797,25041,"Snacks, granola bar, KASHI TLC Bar, crunchy, mixed flavors",0,
174798,25043,"Snacks, candy bits, yogurt covered with vitamin C",0,
173149,25045,"Formulated bar, high fiber, chewy, oats and chocolate",0,
173150,25046,"Snacks, bagel chips, plain",0,
173151,25048,"Snacks, NUTRI-GRAIN FRUIT AND NUT BAR",0,
173152,25050,"Snacks, yucca (cassava) chips, salted",0,
174799,25051,"Snacks, CLIF BAR, mixed flavors",0,
174800,25052,"Snacks, granola bar, QUAKER, chewy, 90 Calorie Bar",0,
174801,25053,"Snacks, granola bar, GENERAL MILLS NATURE VALLEY, SWEET&SALTY NUT, peanut",0,
174802,25054,"Snacks, granola bar, GENERAL MILLS, NATURE VALLEY, with yogurt coating",0,
173153,25055,"Snacks, granola bar, GENERAL MILLS, NATURE VALLEY, CHEWY TRAIL MIX",0,
173154,25056,"Snacks, granola bar, QUAKER, DIPPS, all flavors",0,
173155,25059,"Snacks, brown rice chips",0,
173156,25060,"Snack, Pretzel, hard chocolate coated",0,
174803,25062,"Snack, Mixed Berry Bar",0,
174804,25063,"Snacks, potato chips, made from dried potatoes (preformed), multigrain",0,
174805,25064,"Snacks, potato chips, lightly salted",0,
174806,25065,"Snacks, Pretzels, gluten- free made with cornstarch and potato flour",0,
173157,25066,"Snacks, peas, roasted, wasabi-flavored",0,
173158,25067,"Formulated Bar, SOUTH BEACH protein bar",0,
173159,25068,"Snack, BALANCE, original bar",0,
173160,25070,"Snacks, shrimp cracker",0,
173161,25071,Rice crackers,0,
174807,27000,"Soup, egg drop, Chinese restaurant",0,
174808,27001,"Soup, hot and sour, Chinese restaurant",0,
171821,27002,"Soup, wonton, Chinese restaurant",0,
171822,27035,"Soup, ramen noodle, dry, any flavor, reduced fat, reduced sodium",0,
174062,27042,"Soup, clam chowder, new england, canned, ready-to-serve",0,
174063,27043,"Soup, clam chowder, new england, reduced sodium, canned, ready-to-serve",0,
174064,27044,"Soup, chicken noodle, reduced sodium, canned, ready-to-serve",0,
174065,27045,"Soup, beef and vegetables, reduced sodium, canned, ready-to-serve",0,
171823,27046,"Sauce, duck, ready-to-serve",0,
171824,27047,"Sauce, salsa, verde, ready-to-serve",0,
171825,27048,"Sauce, steak, tomato based",0,
171826,27049,"Sauce, tartar, ready-to-serve",0,
174066,27050,"Sauce, sweet and sour, ready-to-serve",0,
174067,27051,"Sauce, cocktail, ready-to-serve",0,
174068,27052,"Dip, salsa con queso, cheese and salsa- medium",0,
174069,27054,"Dip, TOSTITOS, salsa con queso, medium",0,
171827,27055,"Sauce, barbecue, SWEET BABY RAY'S, original",0,
171828,27056,"Sauce, barbecue, BULL'S-EYE, original",0,
171829,27057,"Sauce, barbecue, KC MASTERPIECE, original",0,
171830,27058,"Sauce, barbecue, OPEN PIT, original",0,
174070,27059,"Sauce, peanut, made from peanut butter, water, soy sauce",0,
174071,27060,"Soup, chunky vegetable, reduced sodium, canned, ready-to-serve",0,
174072,27061,"Gravy, HEINZ Home Style, classic chicken",0,
174073,27062,"Soup, beef barley, ready to serve",0,
174074,27063,"Sauce, enchilada, red, mild, ready to serve",0,
171831,27064,Wasabi,0,
171832,27065,"Dip, bean, original flavor",0,
171833,27066,"Sauce, horseradish",0,
171834,27068,"Dip, FRITO'S, bean, original flavor",0,
174075,28285,"Bread, chapati or roti, whole wheat, commercially prepared, frozen",0,
174076,28286,"Bread, paratha, whole wheat, commercially prepared, frozen",0,
174077,28287,"Bread, naan, whole wheat, commercially prepared, refrigerated",0,
174078,28288,"Bread, roll, Mexican, bollilo",0,
171835,28289,"Cookie, vanilla with caramel, coconut, and chocolate coating",0,
171836,28290,"Cookie, with peanut butter filling, chocolate-coated",0,
171837,28291,"Cookies, animal, with frosting or icing",0,
171838,28292,"Crackers, multigrain",0,
174079,28293,"Cookie, butter or sugar, with chocolate icing or filling",0,
174080,28294,"Cookie, chocolate, with icing or coating",0,
174081,28295,"Tortillas, ready-to-bake or -fry, whole wheat",0,
174082,28296,"Cake, snack cakes, creme-filled, chocolate with frosting, low-fat, with added fiber",0,
171839,28297,"Cake, snack cakes, not chocolate, with icing or filling, low-fat, with added fiber",0,
171840,28298,"Cookies, brownies, commercially prepared, reduced fat, with added fiber",0,
171841,28299,"Cookies, chocolate sandwich, with creme filling, reduced fat",0,
171842,28300,"Cookies, oatmeal sandwich, with creme filling",0,
171843,28301,"Cookies, peanut butter, commercially prepared, sugar free",0,
174083,28302,"Cookies, graham crackers, plain or honey, lowfat",0,
174084,28303,"Crackers, cheese, whole grain",0,
174085,28304,"Waffles, whole wheat, lowfat, frozen, ready-to-heat",0,
174086,28305,"Pancakes, plain, reduced fat",0,
171844,28306,"Bread, chapati or roti, plain, commercially prepared",0,
171845,28307,"Bread, naan, plain, commercially prepared, refrigerated",0,
171846,28308,"Crackers, standard snack-type, with whole wheat",0,
171847,28309,"Cookies, coconut macaroon",0,
174087,28310,"Cookies, shortbread, reduced fat",0,
174088,28311,"Cookies, sugar wafer, chocolate-covered",0,
174089,28312,"Rolls, hamburger or hot dog, wheat/cracked wheat",0,
174090,28313,"Rolls, hamburger or hot dog, whole wheat",0,
171848,28314,"Crackers, sandwich-type, peanut butter filled, reduced fat",0,
171849,28315,"Bread, cinnamon",0,
171850,28316,"Bread, wheat, sprouted",0,
171851,28317,"Bread, wheat, sprouted, toasted",0,
174091,28318,"Bread, french or vienna, whole wheat",0,
174092,28319,"Bagels, whole grain white",0,
174093,28320,"English muffins, whole grain white",0,
174094,28321,"Rolls, hamburger, whole grain white, calcium-fortified",0,
171852,28322,"Bagels, multigrain",0,
171853,28324,"Pancakes, whole wheat, dry mix, incomplete",0,
171854,28325,"Crackers, toast thins, low sodium",0,
171855,28326,"Crackers, whole grain, sandwich-type, with peanut butter filling",0,
171856,28327,"Crackers, water biscuits",0,
174095,28328,"Cookies, chocolate chip sandwich, with creme filling",0,
174096,28329,"Cookies, chocolate, made with rice cereal",0,
174097,28330,"Cookies, marshmallow, with rice cereal and chocolate chips",0,
174098,28331,"Crackers, flavored, fish-shaped",0,
171857,28332,"Cookies, gluten-free, chocolate sandwich, with creme filling",0,
171858,28333,"Cookies, gluten-free, chocolate wafer",0,
171859,28334,"Cookies, gluten-free, lemon wafer",0,
171860,28335,"Cookies, gluten-free, vanilla sandwich, with creme filling",0,
174099,28336,"Bread, gluten-free, white, made with potato extract, rice starch, and rice flour",0,
174100,28337,"Bread, gluten-free, white, made with rice flour, corn starch, and/or tapioca",0,
174101,28338,"Bread, gluten-free, white, made with tapioca starch and brown rice flour",0,
174102,28339,"Bread, gluten-free, whole grain, made with tapioca starch and brown rice flour",0,
171861,28340,"Rolls, gluten-free, white, made with brown rice flour, tapioca starch, and potato starch",0,
171862,28341,"Rolls, gluten-free, white, made with rice flour, rice starch, and corn starch",0,
171863,28342,"Rolls, gluten-free, white, made with brown rice flour, tapioca starch, and sorghum flour",0,
171864,28343,"Rolls, gluten-free, whole grain, made with tapioca starch and brown rice flour",0,
174103,28344,"Crackers, gluten-free, multigrain and vegetable, made with corn starch and white rice flour",0,
174104,28345,"Crackers, gluten-free, multi-seeded and multigrain",0,
174105,28346,"Waffles, gluten-free, frozen, ready-to-heat",0,
174106,28347,"Pancakes, gluten-free, frozen, ready-to-heat",0,
174107,28348,"Rolls, dinner, sweet",0,
171865,28349,"Cookies, oatmeal, reduced fat",0,
171866,28350,"Cookies, chocolate cream covered biscuit sticks",0,
171867,28351,"Cookies, Marie biscuit",0,
171868,28352,"Cookies, vanilla sandwich with creme filling, reduced fat",0,
167590,28354,"Andrea's, Gluten Free Soft Dinner Roll",0,
167591,28355,"Crunchmaster, Multi-Grain Crisps, Snack Crackers, Gluten-Free",0,
167592,28356,"Glutino, Gluten Free Cookies, Chocolate Vanilla Creme",0,
167593,28357,"Glutino, Gluten Free Cookies, Vanilla Creme",0,
168002,28358,"Glutino, Gluten Free Wafers, Lemon Flavored",0,
168003,28359,"Glutino, Gluten Free Wafers, Milk Chocolate",0,
168004,28360,"Mary's Gone Crackers, Original Crackers, Organic Gluten Free",0,
168005,28361,"Pepperidge Farm, Goldfish, Baked Snack Crackers, Cheddar",0,
168006,28362,"Pepperidge Farm, Goldfish, Baked Snack Crackers, Explosive Pizza",0,
167594,28363,"Pepperidge Farm, Goldfish, Baked Snack Crackers, Original",0,
167595,28364,"Pepperidge Farm, Goldfish, Baked Snack Crackers, Parmesan",0,
167596,28365,"Pepperidge Farm, Goldfish, Baked Snack Crackers, Pizza",0,
167597,28366,"Rudi's, Gluten-Free Bakery, Original Sandwich Bread",0,
168007,28367,"Sage Valley, Gluten Free Vanilla Sandwich Cookies",0,
168008,28368,"Schar, Gluten-Free, Classic White Rolls",0,
168009,28369,"Schar, Gluten-Free, Wheat-Free, Classic White Bread",0,
168010,28370,"Udi's, Gluten Free, Classic French Dinner Rolls",0,
167598,28371,"Udi's, Gluten Free, Soft & Delicious White Sandwich Bread",0,
167599,28372,"Udi's, Gluten Free, Soft & Hearty Whole Grain Bread",0,
167600,28373,"Udi's, Gluten Free, Whole Grain Dinner Rolls",0,
167601,28374,"Van's, Gluten Free, Totally Original Pancakes",0,
168011,28375,"Van's, Gluten Free, Totally Original Waffles",0,
168012,28376,"Van's, The Perfect 10, Crispy Six Whole Grain + Four Seed Baked Crackers, Gluten Free",0,
168013,28397,"Bread, multi-grain (includes whole-grain)",0,
168014,28399,"Cookies, animal crackers (includes arrowroot, tea biscuits)",0,
167602,31019,"Seaweed, Canadian Cultivated EMI-TSUNOMATA, dry",0,
167603,31020,"Seaweed, Canadian Cultivated EMI-TSUNOMATA, rehydrated",0,
167604,31021,"Potatoes, hash brown, refrigerated, unprepared",0,
167605,31022,"Potatoes, hash brown, refrigerated, prepared, pan-fried in canola oil",0,
167606,31023,"Sweet Potatoes, french fried, frozen as packaged, salt added in processing",0,
168015,31024,"Sweet Potatoes, french fried, crosscut, frozen, unprepared",0,
168016,31025,"Sweet Potato puffs, frozen, unprepared",0,
169763,31026,"Potatoes, yellow fleshed, roasted, salt added in processing, frozen, unprepared",0,
169764,31027,"Potatoes, yellow fleshed, french fried, frozen, unprepared",0,
168945,31028,"Potatoes, yellow fleshed, hash brown, shredded, salt added in processing, frozen, unprepared",0,
168946,31029,"Potatoes, french fried, wedge cut, frozen, unprepared",0,
168947,31030,"Potatoes, french fried, steak cut, salt not added in processing, frozen, unprepared",0,
168948,31031,"Potatoes, french fried, cross cut, frozen, unprepared",0,
169765,31033,"Ginger root, pickled, canned, with artificial sweetener",0,
169766,31034,"Peppers, hot pickled, canned",0,
169767,31035,"Vegetable juice, BOLTHOUSE FARMS, DAILY GREENS",0,
169768,31036,"Potatoes, mashed, ready-to-eat",0,
168949,32000,"Rice and vermicelli mix, beef flavor, unprepared",0,
168950,32001,"Rice and vermicelli mix, beef flavor, prepared with 80% margarine",0,
168951,32002,"Rice and vermicelli mix, rice pilaf flavor, unprepared",0,
168952,32003,"Rice and vermicelli mix, rice pilaf flavor, prepared with 80% margarine",0,
169769,32004,"Macaroni and cheese, box mix with cheese sauce, unprepared",0,
169770,32005,"Macaroni and cheese, box mix with cheese sauce, prepared",0,
169771,32006,"Taquitos, frozen, chicken and cheese, oven-heated",0,
169772,32007,"Taquitos, frozen, beef and cheese, oven-heated",0,
168953,32008,"Pasta mix, classic cheeseburger macaroni, unprepared",0,
168954,32009,"Pasta mix, classic beef, unprepared",0,
168955,32010,"Pasta mix, Italian lasagna, unprepared",0,
168956,32011,"Yellow rice with seasoning, dry packet mix, unprepared",0,
168957,32012,"Pizza rolls, frozen, unprepared",0,
169773,32013,"Potsticker or wonton, pork and vegetable, frozen, unprepared",0,
169774,32014,"Macaroni or noodles with cheese, made from reduced fat packaged mix, unprepared",0,
169775,32015,"Turnover, cheese-filled, tomato-based sauce, frozen, unprepared",0,
169776,32016,"Macaroni or noodles with cheese, microwaveable, unprepared",0,
168958,32017,"Pasta mix, Italian four cheese lasagna, unprepared",0,
168959,32018,"Spanish rice mix, dry mix, unprepared",0,
168960,32019,"Lasagna, cheese, frozen, unprepared",0,
168961,32020,"Chicken, thighs, frozen, breaded, reheated",0,
169777,32021,"Spanish rice mix, dry mix, prepared (with canola/vegetable oil blend or diced tomatoes and margarine)",0,
169778,32024,"Rice mix, cheese flavor, dry mix, unprepared",0,
169779,32025,"Dumpling, potato- or cheese-filled, frozen",0,
169780,32026,"Turnover, chicken- or turkey-, and vegetable-filled, reduced fat, frozen",0,
168962,32027,"Turnover, meat- and cheese-filled, tomato-based sauce, reduced fat, frozen",0,
168963,32028,"Turnover, filled with egg, meat and cheese, frozen",0,
168964,32029,"Rice mix, white and wild, flavored, unprepared",0,
168965,32031,"Salisbury steak with gravy, frozen",0,
169781,32032,"Sausage, egg and cheese breakfast biscuit",0,
169782,32034,"HUNGRY MAN, Salisbury Steak With Gravy, frozen, unprepared",0,
169783,32035,"BANQUET, Salisbury Steak With Gravy, family size, frozen, unprepared",0,
169784,32036,"JIMMY DEAN, Sausage, Egg, and Cheese Breakfast Biscuit, frozen, unprepared",0,
168966,33862,"Infant Formula, MEAD JOHNSON, ENFAMIL, Newborn, with ARA and DHA, powder",0,
168967,33863,"Infant Formula, MEAD JOHNSON, ENFAMIL, Premium LIPIL, Infant, powder",0,
168968,33864,"Infant Formula, MEAD JOHNSON, ENFAMIL, Premium LIPIL, Infant, Liquid concentrate, not reconstituted",0,
168969,33865,"Infant Formula, MEAD JOHNSON, ENFAMIL, Premium, Infant, Liquid concentrate, not reconstituted",0,
168970,33866,"Infant formula, MEAD JOHNSON, ENFAMIL, ENFAGROW, GENTLEASE, Toddler transitions, with ARA and DHA, powder",0,
169785,33867,"Infant formula, GERBER, GOOD START, PROTECT PLUS, powder",0,
169786,33868,"Infant Formula, GERBER GOOD START 2, GENTLE PLUS, powder",0,
169787,33869,"Infant formula, GERBER, GOOD START 2, PROTECT PLUS, powder",0,
169788,33870,"Infant formula, MEAD JOHNSON, ENFAMIL, ENFAGROW, Soy, Toddler transitions, with ARA and DHA,  powder",0,
168971,33871,"Infant formula, ABBOTT NUTRITION, SIMILAC, GO AND GROW, powder, with ARA and DHA",0,
168972,33872,"Infant formula, GERBER, GOOD START 2 SOY, with iron, powder",0,
168973,33873,"Infant formula, MEAD JOHNSON, ENFAMIL, NUTRAMIGEN, PurAmino, powder, not reconstituted",0,
168974,33874,"Infant formula, MEAD JOHNSON, ENFAMIL, Premature, 20 calories ready-to-feed Low iron",0,
169789,33875,"Infant formula, MEAD JOHNSON, ENFAMIL, Premature, 24 calories ready-to-feed Low iron",0,
169790,33876,"Infant Formula, MEAD JOHNSON, ENFAMIL, Premium, Infant, ready-to-feed",0,
169791,33877,"Infant Formula, MEAD JOHNSON, ENFAMIL, Premium, Infant, powder",0,
169792,33878,"Babyfood, GERBER, Banana with orange medley",0,
168975,33881,"Babyfood, rice cereal, dry, EARTHS BEST ORGANIC WHOLE GRAIN, fortified only with iron",0,
168976,35001,"Agutuk, fish/berry with seal oil (Alaskan ice cream) (Alaska Native)",0,
168977,35003,"Agutuk, meat-caribou (Alaskan ice cream) (Alaska Native)",0,
168978,35004,Ascidians (tunughnak) (Alaska Native),0,
169793,35007,"Bear, black, meat (Alaska Native)",0,
169794,35008,"Bear, polar, meat, raw (Alaska Native)",0,
169795,35009,"Whale, beluga, meat, dried (Alaska Native)",0,
169796,35010,"Whale, beluga, eyes (Alaska Native)",0,
169797,35011,"Whale, beluga, meat, raw (Alaska Native)",0,
168979,35012,"Whale, beluga, flipper, raw (Alaska Native)",0,
168980,35013,"Whale, beluga, liver, raw (Alaska Native)",0,
168981,35014,"Oil, beluga, whale (Alaska Native)",0,
168982,35015,"Blackberries, wild, raw (Alaska Native)",0,
169798,35016,"Fish, blackfish, whole (Alaska Native)",0,
169799,35017,"Blueberries, wild, frozen (Alaska Native)",0,
169800,35021,"Caribou, bone marrow, raw (Alaska Native)",0,
169801,35022,"Caribou, eye, raw (Alaska Native)",0,
168983,35023,"Caribou, liver, raw (Alaska Native)",0,
168984,35024,"Stew/soup, caribou (Alaska Native)",0,
168985,35025,"Caribou, tongue, raw (Alaska Native)",0,
168986,35026,"Chiton, leathery, gumboots (Alaska Native)",0,
169802,35027,"Cloudberries, raw (Alaska Native)",0,
169803,35028,"Cockles, raw (Alaska Native)",0,
169804,35029,"Cranberries, wild, bush, raw (Alaska Native)",0,
169805,35030,"Cranberry, low bush or lingenberry, raw (Alaska Native)",0,
168987,35034,"Fish, devilfish, meat (Alaska Native)",0,
168988,35038,"Fireweed, young leaves, raw (Alaska Native)",0,
168989,35039,"Fish, herring eggs on giant kelp, Pacific (Alaska Native)",0,
168990,35040,"Fish, herring eggs, Pacific, dry (Alaska Native)",0,
169806,35041,"Fish, herring eggs, Pacific, plain (Alaska Native)",0,
169807,35042,"Fish, herring, Pacific, flesh, air-dried, packed in oil (Alaska Native)",0,
169808,35043,"Huckleberries, raw (Alaska Native)",0,
169809,35046,"Fish, lingcod, meat, raw (Alaska Native)",0,
169810,35047,"Fish, lingcod, liver (Alaska Native)",0,
168991,35048,"Stew, moose (Alaska Native)",0,
167607,35049,"Moose, meat, raw (Alaska Native)",0,
167608,35050,"Mashu roots, raw (Alaska Native)",0,
167609,35051,"Moose, liver, braised (Alaska Native)",0,
168017,35052,"Mouse nuts, roots (Alaska Native)",0,
168018,35053,"Mouse nuts, seedlings (Alaska Native)",0,
168019,35054,Octopus (Alaska Native),0,
168020,35055,"Seal, bearded (Oogruk), meat, dried (Alaska Native)",0,
167610,35056,"Seal, bearded (Oogruk), meat, raw (Alaska Native)",0,
167611,35057,"Oil, bearded seal (Oogruk) (Alaska Native)",0,
167612,35058,"Oopah (tunicate), whole animal (Alaska Native)",0,
167613,35059,"Owl, horned, flesh, raw (Alaska Native)",0,
168021,35060,"Fish, pike, northern, liver (Alaska Native)",0,
168022,35063,"Rhubarb, wild, leaves (Alaska Native)",0,
168023,35064,"Fish, salmon, tipnuk, fermented (Alaska Native)",0,
168024,35065,"Fish, salmon, king, chinook, kippered, canned (Alaska Native)",0,
167614,35066,"Fish, salmon, king, chinook, smoked and canned (Alaska Native)",0,
167615,35067,"Fish, salmon, king, chinook, smoked, brined (Alaska Native)",0,
167616,35068,"Fish, salmon, king, chinook, liver (Alaska Native)",0,
167617,35069,"Duck, scoter, white-winged, meat (Alaska Native)",0,
167618,35070,"Sea cucumber, yane (Alaska Native)",0,
168025,35071,"Seal, ringed, meat (Alaska Native)",0,
168026,35072,"Seal, ringed, liver (Alaska Native)",0,
168027,35073,"Soup, fish, homemade (Alaska Native)",0,
168028,35074,"Sourdock, young leaves (Alaska Native)",0,
167619,35075,"Squirrel, ground, meat (Alaska Native)",0,
167620,35078,"Tea, tundra, herb and laborador combination (Alaska Native)",0,
167621,35079,"Walrus, meat, dried (Alaska Native)",0,
167622,35080,"Deer (venison), sitka, raw (Alaska Native)",0,
168029,35081,"Walrus, meat, raw (Alaska Native)",0,
168030,35082,"Walrus, meat and subcutaneous fat raw (Alaska Native)",0,
168031,35083,"Walrus, liver, raw (Alaska Native)",0,
168032,35084,"Oil, walrus (Alaska Native)",0,
167623,35085,"Whale, bowhead, subcutaneous fat (blubber) (Alaska Native)",0,
167624,35086,"Whale, bowhead, skin and subcutaneous fat (muktuk) (Alaska Native)",0,
167625,35087,"Oil, whale, bowhead (Alaska Native)",0,
167626,35088,"Fish, whitefish, broad, liver (Alaska Native)",0,
168033,35089,"Fish, whitefish, mixed species, raw (Alaska Native)",0,
168034,35091,"Fish, whitefish, broad, head, eyes, cheeks and soft bones (Alaska Native)",0,
168035,35092,"Willow, leaves in oil (Alaska Native)",0,
168036,35093,"Willow, young leaves, chopped (Alaska Native)",0,
167627,35130,"Mush, blue corn with ash (Navajo)",0,
167628,35131,"Cornmeal, blue (Navajo)",0,
167629,35132,"Melon, banana (Navajo)",0,
167630,35133,Chilchen (Red Berry Beverage) (Navajo),0,
167631,35134,"Corn, dried (Navajo)",0,
168037,35135,"Corn, white, steamed (Navajo)",0,
168038,35136,"Cornmeal, white (Navajo)",0,
168039,35137,"Cornmeal, yellow (Navajo)",0,
168040,35138,"Squash, Indian, raw (Navajo)",0,
167632,35139,"Squash, Indian, cooked, boiled (Navajo)",0,
167633,35140,"Bread, kneel down (Navajo)",0,
167634,35141,"Mutton, cooked, roasted (Navajo)",0,
167635,35142,"Frybread, made with lard (Navajo)",0,
168041,35143,"Tortilla, includes plain and from mutton sandwich (Navajo)",0,
168042,35144,"Stew, dumpling with mutton (Navajo)",0,
168043,35145,"Stew, hominy with mutton (Navajo)",0,
168044,35146,"Stew, mutton, corn, squash (Navajo)",0,
167636,35147,Tamales (Navajo),0,
167637,35148,"Stew, steamed corn (Navajo)",0,
167638,35149,"Fish, halibut, raw, with skin (Alaska Native)",0,
167639,35150,"Fish, salmon, coho (silver), raw (Alaska Native)",0,
168045,35151,"Fish, salmon, sockeye (red), raw (Alaska Native)",0,
168046,35152,"Fish, Salmon, Chum, raw (Alaska Native)",0,
168047,35153,"Fish, salmon, king (chinook), raw (Alaska Native)",0,
168048,35154,"Salmonberries, raw (Alaska Native)",0,
167640,35155,"Blueberries, wild, raw (Alaska Native)",0,
167641,35156,"Oil, spotted seal (Alaska Native)",0,
167642,35157,"Fish, salmon, red, canned, bones removed (Alaska Native)",0,
167643,35158,"Fish, whitefish, eggs (Alaska Native)",0,
167644,35160,"Caribou, rump meat, half dried (Alaska Native)",0,
168049,35161,"Caribou, shoulder meat, dried (Alaska Native)",0,
168050,35162,"Caribou, hind quarter meat, raw (Alaska Native)",0,
168051,35164,"Seal, bearded (Oogruk), meat, dried, in oil (Alaska Native)",0,
168052,35165,"Fish, whitefish, dried (Alaska Native)",0,
167645,35166,"Fish, salmon, red, (sockeye), canned, smoked (Alaska Native)",0,
167646,35167,"Fish, salmon, red, (sockeye), kippered (Alaska Native)",0,
167647,35168,"Fish, salmon, king, with skin, kippered, (Alaska Native)",0,
167648,35169,"Fish, sheefish, raw (Alaska Native)",0,
168053,35170,"Seal, bearded (Oogruk), meat, low quadrant, raw (Alaska Native)",0,
168054,35171,"Fish, salmon, chum, dried (Alaska Native)",0,
168055,35172,"Elk, free range, ground, cooked patties (Shoshone Bannock)",0,
168056,35173,"Elk, free range, ground, raw (Shoshone Bannock)",0,
167649,35174,"Buffalo, free range, top round steak, raw (Shoshone Bannock)",0,
167650,35175,"Seal, bearded (Oogruk), meat, partially dried (Alaska Native)",0,
167651,35176,"Buffalo, free range, top round steak, cooked (Shoshone Bannock)",0,
167652,35177,"Elk, free range, roast, eye of round, raw (Shoshone Bannock)",0,
168057,35178,"Elk, free range, roast, eye of round, cooked (Shoshone Bannock)",0,
168058,35179,"Chokecherries, raw, pitted (Shoshone Bannock)",0,
168059,35180,"Steelhead trout, dried, flesh (Shoshone Bannock)",0,
168060,35181,"Steelhead trout, boiled, canned (Alaska Native)",0,
168061,35182,Acorn stew (Apache),0,
167653,35183,"Corn, dried, yellow (Northern Plains Indians)",0,
167654,35184,"Smelt, dried (Alaska Native)",0,
167655,35185,"Frybread, made with lard (Apache)",0,
167656,35186,Corned beef and potatoes in tortilla (Apache),0,
169811,35187,"Tennis Bread, plain (Apache)",0,
169812,35188,"Fish, halibut, cooked, with skin (Alaska Native)",0,
169813,35190,"Salmon, red (sockeye), filets with skin, smoked (Alaska Native)",0,
169814,35192,"Agave, raw (Southwest)",0,
168992,35193,"Agave, cooked (Southwest)",0,
168993,35194,"Agave, dried (Southwest)",0,
168994,35195,"Cattail, Narrow Leaf Shoots (Northern Plains Indians)",0,
168995,35196,"Lambsquarters, raw (Northern Plains Indians)",0,
169815,35197,"Lambsquarters, steamed (Northern Plains Indians)",0,
169816,35198,"Prickly pears, raw (Northern Plains Indians)",0,
169817,35199,"Prickly pears, broiled (Northern Plains Indians)",0,
169818,35200,"Prairie Turnips, raw (Northern Plains Indians)",0,
168996,35201,"Prairie Turnips, boiled (Northern Plains Indians)",0,
168997,35202,"Raspberries, wild (Northern Plains Indians)",0,
168998,35203,"Rose Hips, wild (Northern Plains Indians)",0,
168999,35204,"Chokecherries, raw, pitted (Northern Plains Indians)",0,
169819,35205,"Stinging Nettles, blanched (Northern Plains Indians)",0,
169820,35206,"Plums, wild (Northern Plains Indians)",0,
169821,35207,"Pinon Nuts, roasted (Navajo)",0,
169822,35211,"Caribou, hind quarter, meat, cooked (Alaska Native)",0,
169823,35225,"Agutuk, fish with shortening (Alaskan ice cream) (Alaska Native)",0,
169000,35226,"Sea lion, Steller, liver (Alaska Native)",0,
169001,35227,"Sea lion, Steller, kidney (Alaska Native)",0,
169002,35228,"Sea lion, Steller, heart (Alaska Native)",0,
169003,35229,"Sea lion, Steller, meat (Alaska Native)",0,
169824,35230,"Sea lion, Steller, meat with fat (Alaska Native)",0,
169825,35231,"Sea lion, Steller, fat (Alaska Native)",0,
169826,35232,"Wocas, dried seeds, Oregon, yellow pond lily (Klamath)",0,
169827,35233,"Hazelnuts, beaked (Northern Plains Indians)",0,
169004,35234,"Piki bread, made from blue cornmeal (Hopi)",0,
169005,35235,"Wocas, tuber, cooked, Oregon, yellow pond lily (Klamath)",0,
169006,35236,"Stew, pinto bean and hominy, badufsuki (Hopi)",0,
169007,35237,"Tamales, masa and pork filling (Hopi)",0,
169828,35238,"Tea, herbal, brewed, Hohoysi (Hopi)",0,
169829,35239,"Tortilla, blue corn, Sakwavikaviki (Hopi)",0,
169830,35240,"Bread, blue corn, somiviki (Hopi)",0,
169831,36000,"APPLEBEE'S, 9 oz house sirloin steak",0,
169008,36001,"APPLEBEE'S, Double Crunch Shrimp",0,
169009,36002,"APPLEBEE'S, french fries",0,
169010,36003,"APPLEBEE'S, KRAFT, Macaroni & Cheese, from kid's menu",0,
169011,36004,"APPLEBEE'S, mozzarella sticks",0,
169012,36005,"APPLEBEE'S, chicken tenders, from kids' menu",0,
169832,36006,"T.G.I. FRIDAY'S, FRIDAY'S Shrimp, breaded",0,
169833,36007,"T.G.I. FRIDAY'S, french fries",0,
169834,36008,"T.G.I. FRIDAY'S, fried mozzarella",0,
169835,36009,"T.G.I. FRIDAY'S, macaroni & cheese, from kid's menu",0,
169013,36010,"T.G.I. FRIDAY'S, chicken fingers, from kids' menu",0,
169014,36011,"T.G.I. FRIDAY'S, classic sirloin steak (10 oz)",0,
169015,36012,"Restaurant, family style, fried mozzarella sticks",0,
169016,36013,"Restaurant, family style, sirloin steak",0,
169836,36014,"Restaurant, family style, french fries",0,
169837,36015,"Restaurant, family style, chicken fingers, from kid's menu",0,
169838,36016,"Restaurant, family style, shrimp, breaded and fried",0,
169839,36017,"Restaurant, family style, macaroni & cheese, from kids' menu",0,
169017,36018,"APPLEBEE'S, fish, hand battered",0,
169018,36019,"APPLEBEE'S, chili",0,
169019,36020,"T.G.I. FRIDAY'S, chicken fingers",0,
169020,36021,"APPLEBEE'S, coleslaw",0,
169840,36022,"APPLEBEE'S, crunchy onion rings",0,
169841,36023,"APPLEBEE'S, chicken tenders platter",0,
169842,36024,"CRACKER BARREL, chicken tenderloin platter, fried",0,
169843,36025,"CRACKER BARREL, coleslaw",0,
169021,36026,"CRACKER BARREL, onion rings, thick-cut",0,
169022,36027,"DENNY'S, chicken strips",0,
169023,36028,"DENNY'S, coleslaw",0,
169024,36029,"DENNY'S, fish fillet, battered or breaded, fried",0,
169025,36030,"DENNY'S, hash browns",0,
169844,36031,"DENNY'S, onion rings",0,
169845,36032,"DENNY'S, spaghetti and meatballs",0,
169846,36033,"Restaurant, family style, fish fillet, battered or breaded, fried",0,
169847,36034,"Restaurant, family style, chicken tenders",0,
169026,36035,"Restaurant, family style, coleslaw",0,
169027,36036,"Restaurant, family style, onion rings",0,
169028,36037,"Restaurant, family style, chili with meat and beans",0,
169029,36038,"Restaurant, family style, spaghetti and meatballs",0,
169848,36039,"Restaurant, family style, hash browns",0,
169849,36040,"CRACKER BARREL, macaroni n' cheese",0,
169850,36041,"Restaurant, Italian, lasagna with meat",0,
169851,36042,"OLIVE GARDEN, lasagna classico",0,
169030,36043,"CARRABBA'S ITALIAN GRILL, lasagne",0,
169031,36044,"ON THE BORDER, Mexican rice",0,
169032,36045,"ON THE BORDER, refried beans",0,
169033,36046,"Restaurant, Italian, spaghetti with pomodoro sauce (no meat)",0,
169852,36047,"OLIVE GARDEN, spaghetti with pomodoro sauce",0,
169853,36048,"CARRABBA'S ITALIAN GRILL, spaghetti with pomodoro sauce",0,
169854,36049,"ON THE BORDER, cheese enchilada",0,
169855,36050,"Restaurant, Mexican, cheese enchilada",0,
169034,36051,"ON THE BORDER, cheese quesadilla",0,
169035,36052,"Restaurant, Mexican, cheese quesadilla",0,
169036,36053,"CARRABBA'S ITALIAN GRILL, cheese ravioli with marinara sauce",0,
169037,36054,"OLIVE GARDEN, cheese ravioli with marinara sauce",0,
169038,36055,"Restaurant, Italian, cheese ravioli with marinara sauce",0,
169856,36056,"Restaurant, Mexican, cheese tamales",0,
169857,36057,"CARRABBA'S ITALIAN GRILL, chicken parmesan without cavatappi pasta",0,
169858,36058,"OLIVE GARDEN, chicken parmigiana without pasta",0,
168062,36059,"Restaurant, Italian, chicken parmesan without pasta",0,
167657,36060,"ON THE BORDER, soft taco with ground beef, cheese and lettuce",0,
167658,36061,"Restaurant, Mexican, soft taco with ground beef, cheese and lettuce",0,
167659,36401,"Restaurant, Latino, chicken and rice, entree, prepared",0,
167660,36403,"Restaurant, Latino, empanadas, beef, prepared",0,
168063,36404,"Restaurant, Latino, arroz con leche (rice pudding)",0,
168064,36405,"Restaurant, Latino, Arroz con frijoles negros (rice and black beans)",0,
168065,36406,"Restaurant, Latino, Arroz con habichuelas colorados (Rice And Red Beans)",0,
168066,36407,"Restaurant, Latino, Arroz con grandules (rice and pigeonpeas)",0,
167661,36408,"Restaurant, Latino, pupusas con frijoles (pupusas, bean)",0,
167662,36409,"Restaurant, Latino, pupusas con queso (pupusas, cheese)",0,
167663,36410,"Restaurant, Latino, pupusas del cerdo (pupusas, pork)",0,
167664,36411,"Restaurant, Latino, tamale, corn",0,
168067,36412,"Restaurant, Latino, tamale, pork",0,
168068,36413,"Restaurant, Latino, black bean soup",0,
168069,36414,"Restaurant, Latino, tripe soup",0,
168070,36415,"Restaurant, Latino, arepa (unleavened cornmeal bread)",0,
168071,36416,"Restaurant, Latino, bunuelos (fried yeast bread)",0,
167665,36417,"Restaurant, Mexican, spanish rice",0,
167666,36418,"Restaurant, Mexican, refried beans",0,
167667,36601,"Restaurant, Chinese, egg rolls, assorted",0,
167668,36602,"Restaurant, Chinese, fried rice, without meat",0,
168072,36603,"Restaurant, Chinese, beef and vegetables",0,
168073,36604,"CRACKER BARREL, chicken tenderloin platter, fried, from kid's menu",0,
168074,36605,"CRACKER BARREL, country fried shrimp platter",0,
168075,36606,"CRACKER BARREL, farm raised catfish platter",0,
167669,36607,"CRACKER BARREL, steak fries",0,
167670,36608,"CRACKER BARREL, grilled sirloin steak",0,
167671,36609,"CRACKER BARREL, macaroni n' cheese plate, from kid's menu",0,
167672,36610,"DENNY'S, french fries",0,
168076,36611,"DENNY'S, mozzarella cheese sticks",0,
168077,36612,"DENNY'S, golden fried shrimp",0,
168078,36613,"DENNY'S, macaroni & cheese, from kid's menu",0,
168079,36614,"DENNY'S, chicken nuggets, star shaped, from kid's menu",0,
167673,36615,"DENNY'S, top sirloin steak",0,
167674,36617,"Restaurant, Chinese, lemon chicken",0,
167675,36618,"Restaurant, Chinese, general tso's chicken",0,
167676,36619,"Restaurant, Chinese, kung pao chicken",0,
168080,36620,"Restaurant, Chinese, shrimp and vegetables",0,
168081,36621,"Restaurant, Chinese, sweet and sour chicken",0,
168082,36622,"Restaurant, Chinese, sweet and sour pork",0,
168083,36623,"Restaurant, Chinese, chicken chow mein",0,
168084,36624,"Restaurant, Chinese, vegetable chow mein, without meat or noodles",0,
167677,36625,"Restaurant, Chinese, vegetable lo mein, without meat",0,
167678,36626,"Restaurant, Chinese, chicken and vegetables",0,
167679,36629,"Restaurant, Chinese, orange chicken",0,
167680,36630,"Restaurant, Italian, spaghetti with meat sauce",0,
168085,36631,"OLIVE GARDEN, spaghetti with meat sauce",0,
168086,36632,"CARRABBA'S ITALIAN GRILL, spaghetti with meat sauce",0,
168087,36633,"Restaurant, Chinese, sesame chicken",0,
168088,42040,"Syrups, grenadine",0,
167681,42055,"Beverages, fruit-flavored drink, dry powdered mix, low calorie, with aspartame",0,
167682,42063,"Pectin, liquid",0,
167683,42074,"Frozen novelties, ice cream type, vanilla ice cream, light, no sugar added, chocolate coated",0,
167684,42116,"Creamy dressing, made with sour cream and/or buttermilk and oil, reduced calorie",0,
168089,42117,"Imitation cheese, american or cheddar, low cholesterol",0,
168090,42119,"Babyfood, banana juice with low fat yogurt",0,
168091,42120,"Babyfood, mixed fruit juice with low fat yogurt",0,
168092,42128,"Ham, turkey, sliced, extra lean, prepackaged or deli",0,
167685,42129,"Bologna, beef and pork, low fat",0,
167686,42131,"Milk dessert, frozen, milk-fat free, chocolate",0,
167687,42135,"Whipped topping, frozen, low fat",0,
167688,42136,"Cream substitute, powdered, light",0,
168093,42137,"Salad dressing, peppercorn dressing, commercial, regular",0,
168094,42138,"Mayonnaise, reduced-calorie or diet, cholesterol-free",0,
168095,42139,"Granola bar, soft, milk chocolate coated, peanut butter",0,
168096,42140,"Salad dressing, italian dressing, reduced calorie",0,
168097,42141,"Cream substitute, liquid, light",0,
167689,42148,"Candies, MARS SNACKFOOD US, M&M's Peanut Butter Chocolate Candies",0,
167690,42150,"Babyfood, apple yogurt dessert, strained",0,
167691,42151,"Vegetable oil-butter spread, reduced calorie",0,
167692,42153,"Salad dressing, blue or roquefort cheese dressing, light",0,
168098,42155,"Cheese, monterey, low fat",0,
168099,42157,"Creamy dressing, made with sour cream and/or buttermilk and oil, reduced calorie, fat-free",0,
168100,42158,"Creamy dressing, made with sour cream and/or buttermilk and oil, reduced calorie, cholesterol-free",0,
168101,42161,"Bologna, beef, low fat",0,
167693,42171,"Salad dressing, french dressing, reduced calorie",0,
167694,42173,"Sausage, turkey and pork, fresh, bulk, patty or link, cooked",0,
167695,42178,"Mayonnaise, made with tofu",0,
167696,42179,"Frankfurter, beef, low fat",0,
168102,42183,"Candies, MARS SNACKFOOD US, TWIX chocolate fudge cookie bars",0,
168103,42185,"Frozen yogurts, chocolate, nonfat milk, sweetened without sugar",0,
168104,42186,"Frozen yogurts, chocolate",0,
168105,42187,"Frozen yogurts, flavors other than chocolate",0,
167697,42189,"Milk, buttermilk, fluid, cultured, reduced fat",0,
167698,42190,"Pork sausage rice links, brown and serve, cooked",0,
167699,42192,"Salad dressing, blue or roquefort cheese dressing, fat-free",0,
167700,42193,"Salad Dressing, mayonnaise-like, fat-free",0,
167701,42196,"Candies, MARS SNACKFOOD US, MILKY WAY Midnight Bar",0,
168106,42200,Papad,0,
168107,42204,"Rice cake, cracker (include hain mini rice cakes)",0,
168108,42227,"Candies, MARS SNACKFOOD US, M&M's Almond Chocolate Candies",0,
168109,42230,"Salad Dressing, coleslaw, reduced fat",0,
167702,42231,"Oil, flaxseed, cold pressed",0,
167703,42235,"Cheese, cottage, lowfat, 1% milkfat, lactose reduced",0,
169039,42236,"Cereals ready-to-eat, frosted oat cereal with marshmallows",0,
169040,42237,"Cereals ready-to-eat, WEETABIX whole grain cereal",0,
169859,42240,"Cereals ready-to-eat, POST, HONEY BUNCHES OF OATS, with almonds",0,
169860,42256,"Margarine-like, vegetable oil spread, stick or tub, sweetened",0,
169861,42259,"Snacks, popcorn, home-prepared, oil-popped, unsalted",0,
169862,42261,"Cereals ready-to-eat, POST, GREAT GRAINS Crunchy Pecan Cereal",0,
169041,42265,"Cereals ready-to-eat, POST, GREAT GRAINS, Raisin, Date & Pecan",0,
169042,42266,"Babyfood, juice, apple-sweet potato",0,
169043,42267,"Babyfood, juice, orange-carrot",0,
169044,42270,"Beverages, Orange juice drink",0,
169863,42272,"Snacks, granola bar, with coconut, chocolate coated",0,
169864,42278,"Babyfood, vegetable and brown rice, strained",0,
169865,42279,"Babyfood, peas and brown rice",0,
169866,42280,"Frankfurter, meat and poultry, low fat",0,
169045,42281,"Gums, seed gums (includes locust bean, guar)",0,
169046,42283,"Snacks, potato chips, white, restructured, baked",0,
169047,42284,"Babyfood, baked product, finger snacks cereal fortified",0,
169048,42285,"Babyfood, cereal, brown rice, dry, instant",0,
169049,42286,"Babyfood, green beans and turkey, strained",0,
169867,42289,"Oil, corn and canola",0,
169868,42290,"Milk, fluid, nonfat, calcium fortified (fat free or skim)",0,
169869,42291,"Peanut butter, reduced sodium",0,
169870,42297,"Cereals ready-to-eat, POST GREAT GRAINS Banana Nut Crunch",0,
169050,42303,"Cheese, muenster, low fat",0,
169051,42304,"Cheese, mozzarella, nonfat",0,
169052,42307,"Margarine-like, butter-margarine blend, 80% fat, stick, without salt",0,
169053,42309,"Margarine-like, vegetable oil-butter spread, reduced calorie, tub, with salt",0,
169871,42316,"Babyfood, carrots, toddler",0,
169872,43004,"Babyfood, dessert, banana pudding, strained",0,
169873,43006,"Babyfood, fruit, tutti frutti, strained",0,
169874,43007,"Babyfood, fruit, tutti frutti, junior",0,
169054,43008,"Babyfood, dinner, chicken and rice",0,
169055,43015,"Salad dressing, caesar dressing, regular",0,
169056,43016,"Salad dressing, coleslaw",0,
169057,43017,"Salad dressing, green goddess, regular",0,
169875,43019,"Salad dressing, sweet and sour",0,
169876,43020,"Salad dressing, blue or roquefort cheese, low calorie",0,
169877,43021,"Salad dressing, caesar, low calorie",0,
169878,43026,"Syrups, sugar free",0,
169879,43027,"Jellies, no sugar (with sodium saccharin), any flavors",0,
169058,43028,"Jams and preserves, no sugar (with sodium saccharin), any flavor",0,
169059,43031,"Candies, chocolate covered, caramel with nuts",0,
169060,43046,"Candies, nougat, with almonds",0,
169061,43057,"Candies, gum drops, no sugar or low calorie (sorbitol)",0,
169880,43058,"Candies, hard, dietetic or low calorie (sorbitol)",0,
169881,43059,"Candies, chocolate covered, low sugar or low calorie",0,
169882,43060,"Chewing gum, sugarless",0,
169883,43075,"Fluid replacement, electrolyte solution (include PEDIALYTE)",0,
169062,43098,"Pie fillings, cherry, low calorie",0,
169063,43100,"Breakfast bars, oats, sugar, raisins, coconut (include granola bar)",0,
169064,43109,"Pretzels, soft",0,
169065,43112,"Beans, chili, barbecue, ranch style, cooked",0,
169884,43114,"Vermicelli, made from soy",0,
169885,43125,"Beans, liquid from stewed kidney beans",0,
169886,43128,"Chicken, meatless",0,
169887,43130,"Frankfurter, meatless",0,
169066,43131,"Luncheon slices, meatless",0,
169067,43132,"Meatballs, meatless",0,
169068,43134,Vegetarian fillets,0,
169069,43135,"Sandwich spread, meatless",0,
169888,43137,Vegetarian meatloaf or patties,0,
169889,43142,"Radishes, hawaiian style, pickled",0,
169890,43143,"Cabbage, japanese style, fresh, pickled",0,
169891,43144,"Cabbage, mustard, salted",0,
169892,43146,"Eggplant, pickled",0,
169070,43154,"Alcoholic beverage, wine, cooking",0,
169071,43155,"Alcoholic beverage, wine, light",0,
169072,43158,"Sweeteners, tabletop, saccharin (sodium saccharin)",0,
169073,43205,"Beverage, instant breakfast powder, chocolate, not reconstituted",0,
169893,43212,"Bacon bits, meatless",0,
169894,43214,"Butter replacement, without fat, powder",0,
169895,43215,"Salad dressing, buttermilk, lite",0,
169896,43216,"Sweeteners, tabletop, fructose, dry, powder",0,
169074,43217,"Tomato sauce, canned, no salt added",0,
169075,43218,"Cereals ready-to-eat, ALPEN",0,
169076,43241,"Cereals ready-to-eat, FAMILIA",0,
169077,43245,"Cereals ready-to-eat, wheat and bran, presweetened with nuts and fruits",0,
169897,43260,"Beverage, instant breakfast powder, chocolate, sugar-free, not reconstituted",0,
169898,43261,"Yogurt, fruit variety, nonfat",0,
169899,43268,"Whipped cream substitute, dietetic, made from powdered mix",0,
169900,43269,"Frozen novelties, ice cream type, sundae, prepackaged",0,
169078,43273,"Cheese, cottage, with vegetables",0,
169079,43274,"Cheese, cream, low fat",0,
169080,43275,"Cheese, pasteurized process, American, low fat",0,
169081,43276,"Cheese spread, cream cheese base",0,
169901,43278,"Cheese, american cheddar, imitation",0,
169902,43282,"Quail, cooked, total edible",0,
169903,43283,"Pheasant, cooked, total edible",0,
169904,43285,"Eggs, scrambled, frozen mixture",0,
169905,43287,"Dove, cooked (includes squab)",0,
169082,43297,"Pork, oriental style, dehydrated",0,
169083,43299,"Soybean, curd cheese",0,
169084,43311,"Potatoes, canned, drained solids, no salt added",0,
169085,43312,"Vegetables, mixed (corn, lima beans, peas, green beans, carrots) canned, no salt added",0,
169906,43325,"Pork, cured, ham, boneless, low sodium, extra lean and regular, roasted",0,
168110,43326,"Pork, cured, ham, low sodium, lean and fat, cooked",0,
168111,43327,"Pork, cured, ham, boneless, low sodium, extra lean (approximately 5% fat), roasted",0,
168112,43329,"Salad dressing, mayonnaise and mayonnaise-type, low calorie",0,
167704,43331,"Salad dressing, bacon and tomato",0,
167705,43340,"Cheese, parmesan, low sodium",0,
167706,43344,"Jams, preserves, marmalade, reduced sugar",0,
167707,43345,"Beverages, fruit-flavored drink, powder, with high vitamin C with other added vitamins, low calorie",0,
168113,43346,"Frozen novelties, juice type, orange",0,
168114,43352,"Cheese, cottage, lowfat, 1% milkfat, no sodium added",0,
168115,43355,"Mayonnaise, low sodium, low calorie or diet",0,
168116,43364,"Snacks, tortilla chips, unsalted, white corn",0,
167708,43365,"Tomato and vegetable juice, low sodium",0,
167709,43366,"Turkey, wing, smoked, cooked, with skin, bone removed",0,
167710,43367,"Turkey, drumstick, smoked, cooked, with skin, bone removed",0,
167711,43369,"Beverages, Chocolate-flavored drink, whey and milk based",0,
167712,43378,"Pork, cured, bacon, cooked, broiled, pan-fried or roasted, reduced sodium",0,
168117,43382,"Cranberry juice, unsweetened",0,
168118,43384,"Beef, bologna, reduced sodium",0,
168119,43387,"Turnip greens, canned, no salt added",0,
168120,43390,"Turkey, light or dark meat, smoked, cooked, with skin, bone removed",0,
167713,43391,"Turkey, light or dark meat, smoked, cooked, skin and bone removed",0,
167714,43392,"Hearts of palm, raw",,
167715,43393,"Cereals ready-to-eat, POST, Shredded Wheat n' Bran, spoon-size",0,
167716,43396,"Cheese, cottage, lowfat, 1% milkfat, with vegetables",0,
168121,43398,"Cheese, pasteurized process, cheddar or American, low sodium",0,
168122,43401,"Beverages, coffee, instant, with whitener, reduced calorie",0,
168123,43404,"Beverages, cranberry-apple juice drink, low calorie, with vitamin C added",0,
168124,43405,"Cheese, swiss, low sodium",0,
167717,43406,Yeast extract spread,0,
167718,43408,"Babyfood, juice, pear",0,
167719,43410,"Chicken, meatless, breaded, fried",0,
167720,43417,"Babyfood, meat, beef with vegetables, toddler",0,
168125,43432,"Babyfood, dinner, macaroni, beef and tomato sauce, toddler",0,
168126,43441,"Rolls, pumpernickel",0,
168127,43447,"Snacks, corn-based, extruded, chips, unsalted",0,
168128,43449,"Beans, baked, canned, no salt added",0,
167721,43450,"Frozen novelties, juice type, juice with cream",0,
167722,43476,Tofu yogurt,0,
167723,43479,"Alcoholic beverage, rice (sake)",0,
167724,43483,"Millet, puffed",0,
167725,43495,"Cereals ready-to-eat, OAT BRAN FLAKES, HEALTH VALLEY",0,
168129,43497,"Jellyfish, dried, salted",0,
168130,43506,"Frozen novelties, ice cream type, chocolate or caramel covered, with nuts",0,
168131,43507,"Frankfurter, low sodium",0,
168132,43514,"Frozen novelties, ice type, pop, with low calorie sweetener",0,
167726,43523,"Babyfood, mixed fruit yogurt, strained",0,
167727,43528,"Beverages, ABBOTT, ENSURE PLUS, ready-to-drink",0,
167728,43529,"Babyfood, rice and apples, dry",0,
167729,43535,"Babyfood, juice, apple - cherry",0,
168133,43536,"Babyfood, dessert, peach yogurt",0,
168134,43537,"Babyfood, dessert, blueberry yogurt, strained",0,
168135,43539,"Babyfood, dessert, banana yogurt, strained",0,
168136,43541,"Ice creams, chocolate, rich",0,
167730,43543,"Milk, imitation, non-soy",0,
167731,43544,"Babyfood, cereal, rice with pears and apple, dry, instant fortified",0,
167732,43546,"Babyfood, banana no tapioca, strained",0,
167733,43550,"Babyfood, banana apple dessert, strained",0,
168137,43566,"Snacks, tortilla chips, light (baked with less oil)",0,
168138,43570,"Cereals ready-to-eat, POST, HONEY BUNCHES OF OATS, honey roasted",0,
168139,43572,"Popcorn, microwave, low fat and sodium",0,
168140,43585,"Babyfood, fruit supreme dessert",0,
168141,43589,"Cheese, swiss, low fat",0,
167734,43595,"Breakfast bar, corn flake crust with fruit",0,
167735,43597,"Cheese, mozzarella, low sodium",0,
167736,43598,"Mayonnaise dressing, no cholesterol",0,
167737,44005,"Oil, corn, peanut, and olive",0,
168142,44018,"Sweeteners, tabletop, fructose, liquid",0,
168143,44061,"Puddings, chocolate flavor, low calorie, instant, dry mix",0,
168144,44074,"Babyfood, grape juice, no sugar, canned",0,
168145,44110,"Jellies, reduced sugar, home preserved",0,
167738,44158,"Pie fillings, blueberry, canned",0,
167739,44203,"Beverages, Cocktail mix, non-alcoholic, concentrated, frozen",0,
167740,44258,"Puddings, chocolate flavor, low calorie, regular, dry mix",0,
167741,44259,"Puddings, all flavors except chocolate, low calorie, regular, dry mix",0,
168146,44260,"Puddings, all flavors except chocolate, low calorie, instant, dry mix",0,
168147,48052,Vital wheat gluten,0,
168148,80200,"Frog legs, raw",0,
168149,83110,"Fish, mackerel, salted",0,
167742,90240,"Mollusks, scallop, (bay and sea), cooked, steamed",0,
167743,90480,"Syrup, Cane",0,
167744,90560,"Mollusks, snail, raw",0,
167745,93600,"Turtle, green, raw",0,
